id,exam,subject,tag,question,choice1,choice2,choice3,choice4,answer,explanation,core_id,source,round,ai_corrected
1,ipe_industrial,1,2022_1,디지털 코드 중에서 에러 검출 및 교정이 가능한 코드는?,그레이(Gray) 코드,해밍(Hamming) 코드,3 초과(Excess-3) 코드,BCD 코드,2,"해밍 코드는 오류를 검출할 뿐 아니라 스스로 1비트 오류를 정정할 수 있는 코드입니다. 그레이 코드는 인접값 간 1비트만 바뀌는 코드, Excess-3와 BCD는 단순 자릿값 표현 코드로 오류 정정 기능이 없습니다.",1,cbt,2022_1,0
2,ipe_industrial,1,2023_3,디지털 코드 중에서 에러 검출 및 교정이 가능한 코드는?,그레이(Gray) 코드,해밍(Hamming) 코드,3 초과(Excess-3) 코드,BCD 코드,2,"해밍 코드는 오류를 검출할 뿐 아니라 스스로 1비트 오류를 정정할 수 있는 코드입니다. 그레이 코드는 인접값 간 1비트만 바뀌는 코드, Excess-3와 BCD는 단순 자릿값 표현 코드로 오류 정정 기능이 없습니다.",1,cbt,2023_3,0
3,ipe_industrial,1,2025_1,디지털 코드 중에서 에러 검출 및 교정이 가능한 코드는?,그레이(Gray) 코드,해밍(Hamming) 코드,3 초과(Excess-3) 코드,BCD 코드,2,"해밍 코드는 오류를 검출할 뿐 아니라 스스로 1비트 오류를 정정할 수 있는 코드입니다. 그레이 코드는 인접값 간 1비트만 바뀌는 코드, Excess-3와 BCD는 단순 자릿값 표현 코드로 오류 정정 기능이 없습니다.",1,cbt,2025_1,0
4,ipe_industrial,1,2022_1,해싱에서 동일한 버킷 주소를 갖는 레코드들의 집합을 의미하는 것은?,Chaining,Collision,Division,Synonym,4,"Synonym(동의어)은 해싱 함수 결과 같은 버킷(홈 주소)으로 사상되는 서로 다른 키들의 집합을 말합니다. Collision은 그 충돌 현상 자체를, Chaining은 충돌 해결 기법을 가리킵니다.",2,cbt,2022_1,0
5,ipe_industrial,1,2023_3,해싱에서 동일한 버킷 주소를 갖는 레코드들의 집합을 의미하는 것은?,Chaining,Collision,Division,Synonym,4,"Synonym(동의어)은 해싱 함수 결과 같은 버킷(홈 주소)으로 사상되는 서로 다른 키들의 집합을 말합니다. Collision은 그 충돌 현상 자체를, Chaining은 충돌 해결 기법을 가리킵니다.",2,cbt,2023_3,0
6,ipe_industrial,1,2025_3,해싱에서 동일한 버킷 주소를 갖는 레코드들의 집합을 의미하는 것은?,Chaining,Collision,Division,Synonym,4,"Synonym(동의어)은 해싱 함수 결과 같은 버킷(홈 주소)으로 사상되는 서로 다른 키들의 집합을 말합니다. Collision은 그 충돌 현상 자체를, Chaining은 충돌 해결 기법을 가리킵니다.",2,cbt,2025_3,0
7,ipe_industrial,1,2022_1,라우팅(Routing) 프로토콜이 아닌 것은?,BGP,OSPF,SMTP,RIP,3,SMTP는 전자우편 전송을 담당하는 응용 계층 프로토콜입니다. BGP·OSPF·RIP는 모두 라우터 간 경로 정보를 교환하는 라우팅 프로토콜입니다.,3,cbt,2022_1,0
8,ipe_industrial,1,2023_2,라우팅(Routing) 프로토콜이 아닌 것은?,BGP,OSPF,SMTP,RIP,3,SMTP는 전자우편 전송을 담당하는 응용 계층 프로토콜입니다. BGP·OSPF·RIP는 모두 라우터 간 경로 정보를 교환하는 라우팅 프로토콜입니다.,3,cbt,2023_2,0
9,ipe_industrial,1,2024_1,라우팅(Routing) 프로토콜이 아닌 것은?,BGP,OSPF,SMTP,RIP,3,SMTP는 전자우편 전송을 담당하는 응용 계층 프로토콜입니다. BGP·OSPF·RIP는 모두 라우터 간 경로 정보를 교환하는 라우팅 프로토콜입니다.,3,cbt,2024_1,0
10,ipe_industrial,1,2024_3,라우팅(Routing) 프로토콜이 아닌 것은?,BGP,OSPF,SMTP,RIP,3,SMTP는 전자우편 전송을 담당하는 응용 계층 프로토콜입니다. BGP·OSPF·RIP는 모두 라우터 간 경로 정보를 교환하는 라우팅 프로토콜입니다.,3,cbt,2024_3,0
11,ipe_industrial,1,2026_1,라우팅(Routing) 프로토콜이 아닌 것은?,BGP,OSPF,SMTP,RIP,3,SMTP는 전자우편 전송을 담당하는 응용 계층 프로토콜입니다. BGP·OSPF·RIP는 모두 라우터 간 경로 정보를 교환하는 라우팅 프로토콜입니다.,3,cbt,2026_1,0
12,ipe_industrial,1,2022_1,아키텍처 설계에서 뷰의 종류가 아닌 것은?,물리적 뷰,논리적 뷰,프로세스 뷰,배포 뷰,1,"국내 시험 기준 소프트웨어 아키텍처 뷰(4+1 뷰)는 유스케이스 뷰, 논리 뷰, 프로세스 뷰, 구현 뷰, 배포 뷰 5가지로 정의됩니다. '물리적 뷰'는 이 5가지 명칭에 포함되지 않아 정답(옳지 않은 것)입니다. (참고: 국제 원문 모델은 '배포 뷰' 대신 'Physical View'라는 용어를 쓰기도 하지만, 국내 시험에서는 '배포 뷰'가 표준 용어입니다.)",4,cbt,2022_1,0
13,ipe_industrial,1,2022_2,아키텍처 설계에서 뷰의 종류가 아닌 것은?,물리적 뷰,논리적 뷰,프로세스 뷰,배포 뷰,1,"국내 시험 기준 소프트웨어 아키텍처 뷰(4+1 뷰)는 유스케이스 뷰, 논리 뷰, 프로세스 뷰, 구현 뷰, 배포 뷰 5가지로 정의됩니다. '물리적 뷰'는 이 5가지 명칭에 포함되지 않아 정답(옳지 않은 것)입니다. (참고: 국제 원문 모델은 '배포 뷰' 대신 'Physical View'라는 용어를 쓰기도 하지만, 국내 시험에서는 '배포 뷰'가 표준 용어입니다.)",4,cbt,2022_2,0
14,ipe_industrial,1,2024_1,아키텍처 설계에서 뷰의 종류가 아닌 것은?,물리적 뷰,논리적 뷰,프로세스 뷰,배포 뷰,1,"국내 시험 기준 소프트웨어 아키텍처 뷰(4+1 뷰)는 유스케이스 뷰, 논리 뷰, 프로세스 뷰, 구현 뷰, 배포 뷰 5가지로 정의됩니다. '물리적 뷰'는 이 5가지 명칭에 포함되지 않아 정답(옳지 않은 것)입니다. (참고: 국제 원문 모델은 '배포 뷰' 대신 'Physical View'라는 용어를 쓰기도 하지만, 국내 시험에서는 '배포 뷰'가 표준 용어입니다.)",4,cbt,2024_1,0
15,ipe_industrial,1,2024_3,아키텍처 설계에서 뷰의 종류가 아닌 것은?,물리적 뷰,논리적 뷰,프로세스 뷰,배포 뷰,1,"국내 시험 기준 소프트웨어 아키텍처 뷰(4+1 뷰)는 유스케이스 뷰, 논리 뷰, 프로세스 뷰, 구현 뷰, 배포 뷰 5가지로 정의됩니다. '물리적 뷰'는 이 5가지 명칭에 포함되지 않아 정답(옳지 않은 것)입니다. (참고: 국제 원문 모델은 '배포 뷰' 대신 'Physical View'라는 용어를 쓰기도 하지만, 국내 시험에서는 '배포 뷰'가 표준 용어입니다.)",4,cbt,2024_3,0
16,ipe_industrial,1,2025_3,아키텍처 설계에서 뷰의 종류가 아닌 것은?,물리적 뷰,논리적 뷰,프로세스 뷰,배포 뷰,1,"국내 시험 기준 소프트웨어 아키텍처 뷰(4+1 뷰)는 유스케이스 뷰, 논리 뷰, 프로세스 뷰, 구현 뷰, 배포 뷰 5가지로 정의됩니다. '물리적 뷰'는 이 5가지 명칭에 포함되지 않아 정답(옳지 않은 것)입니다. (참고: 국제 원문 모델은 '배포 뷰' 대신 'Physical View'라는 용어를 쓰기도 하지만, 국내 시험에서는 '배포 뷰'가 표준 용어입니다.)",4,cbt,2025_3,0
17,ipe_industrial,1,2022_1,파이프 필터 형태의 소프트웨어 아키텍처에 대한 설명으로 옳은 것은?,노드와 간선으로 구성된다.,계층 모델이라고도 한다.,서브 시스템이 입력 데이터를 받아 처리하고 결과를 다음 서브 시스템으로 넘겨주는 과정을 반복한다.,"3개의 서브 시스템(모델, 뷰, 제어)으로 구성되어 있다.",3,"파이프-필터 아키텍처는 각 처리 단계를 필터로 캡슐화하고, 한 필터의 출력을 파이프로 다음 필터에 전달하는 구조입니다. ①은 그래프 구조, ②는 계층 패턴, ④는 MVC 패턴에 대한 설명입니다.",5,cbt,2022_1,0
18,ipe_industrial,1,2024_1,파이프 필터 형태의 소프트웨어 아키텍처에 대한 설명으로 옳은 것은?,노드와 간선으로 구성된다.,계층 모델이라고도 한다.,서브 시스템이 입력 데이터를 받아 처리하고 결과를 다음 서브 시스템으로 넘겨주는 과정을 반복한다.,"3개의 서브 시스템(모델, 뷰, 제어)으로 구성되어 있다.",3,"파이프-필터 아키텍처는 각 처리 단계를 필터로 캡슐화하고, 한 필터의 출력을 파이프로 다음 필터에 전달하는 구조입니다. ①은 그래프 구조, ②는 계층 패턴, ④는 MVC 패턴에 대한 설명입니다.",5,cbt,2024_1,0
19,ipe_industrial,1,2025_2,파이프 필터 형태의 소프트웨어 아키텍처에 대한 설명으로 옳은 것은?,노드와 간선으로 구성된다.,계층 모델이라고도 한다.,서브 시스템이 입력 데이터를 받아 처리하고 결과를 다음 서브 시스템으로 넘겨주는 과정을 반복한다.,"3개의 서브 시스템(모델, 뷰, 제어)으로 구성되어 있다.",3,"파이프-필터 아키텍처는 각 처리 단계를 필터로 캡슐화하고, 한 필터의 출력을 파이프로 다음 필터에 전달하는 구조입니다. ①은 그래프 구조, ②는 계층 패턴, ④는 MVC 패턴에 대한 설명입니다.",5,cbt,2025_2,0
20,ipe_industrial,1,2022_1,한 객체의 상태가 변화하면 객체에 상속되어 있는 다른 객체들에게 변화된 상태를 전달하는 패턴은?,State,Observer,Visitor,Mediator,2,옵서버(Observer) 패턴은 한 객체(주체)의 상태 변화를 그 객체를 구독 중인 다른 객체들에게 자동으로 통지하는 행위 패턴입니다.,6,cbt,2022_1,0
21,ipe_industrial,1,2023_1,한 객체의 상태가 변화하면 객체에 상속되어 있는 다른 객체들에게 변화된 상태를 전달하는 패턴은?,State,Observer,Visitor,Mediator,2,옵서버(Observer) 패턴은 한 객체(주체)의 상태 변화를 그 객체를 구독 중인 다른 객체들에게 자동으로 통지하는 행위 패턴입니다.,6,cbt,2023_1,0
22,ipe_industrial,1,2023_3,한 객체의 상태가 변화하면 객체에 상속되어 있는 다른 객체들에게 변화된 상태를 전달하는 패턴은?,State,Observer,Visitor,Mediator,2,옵서버(Observer) 패턴은 한 객체(주체)의 상태 변화를 그 객체를 구독 중인 다른 객체들에게 자동으로 통지하는 행위 패턴입니다.,6,cbt,2023_3,0
23,ipe_industrial,1,2022_1,OSI 참조 모델에서 UDP가 속한 계층은?,데이터 링크 계층,세션 계층,응용 계층,전송 계층,4,"UDP는 TCP와 함께 OSI 4계층(전송 계층)에 속하는 프로토콜로, 비연결형으로 데이터그램을 전송합니다.",7,cbt,2022_1,0
24,ipe_industrial,1,2022_1,"디렉터리 구조 중 중앙에 마스터 파일 디렉터리가 있고, 그 아래에 사용자별로 서로 다른 파일 디렉터리가 있는 구조는?",1단계 디렉터리 구조,2단계 디렉터리 구조,트리 디렉터리 구조,비순환 그래프 디렉터리 구조,2,"2단계 디렉터리 구조는 중앙에 마스터 파일 디렉터리를 두고 그 아래 사용자별 서브 디렉터리를 두는 구조입니다. 1단계는 모든 파일이 하나의 디렉터리에 있는 구조, 트리·비순환 그래프 구조는 더 계층화된 구조입니다.",8,cbt,2022_1,0
25,ipe_industrial,1,2022_2,"디렉터리 구조 중 중앙에 마스터 파일 디렉터리가 있고, 그 아래에 사용자별로 서로 다른 파일 디렉터리가 있는 구조는?",1단계 디렉터리 구조,2단계 디렉터리 구조,트리 디렉터리 구조,비순환 그래프 디렉터리 구조,2,"2단계 디렉터리 구조는 중앙에 마스터 파일 디렉터리를 두고 그 아래 사용자별 서브 디렉터리를 두는 구조입니다. 1단계는 모든 파일이 하나의 디렉터리에 있는 구조, 트리·비순환 그래프 구조는 더 계층화된 구조입니다.",8,cbt,2022_2,0
26,ipe_industrial,1,2023_1,"디렉터리 구조 중 중앙에 마스터 파일 디렉터리가 있고, 그 아래에 사용자별로 서로 다른 파일 디렉터리가 있는 구조는?",1단계 디렉터리 구조,2단계 디렉터리 구조,트리 디렉터리 구조,비순환 그래프 디렉터리 구조,2,"2단계 디렉터리 구조는 중앙에 마스터 파일 디렉터리를 두고 그 아래 사용자별 서브 디렉터리를 두는 구조입니다. 1단계는 모든 파일이 하나의 디렉터리에 있는 구조, 트리·비순환 그래프 구조는 더 계층화된 구조입니다.",8,cbt,2023_1,0
27,ipe_industrial,1,2024_1,"디렉터리 구조 중 중앙에 마스터 파일 디렉터리가 있고, 그 아래에 사용자별로 서로 다른 파일 디렉터리가 있는 구조는?",1단계 디렉터리 구조,2단계 디렉터리 구조,트리 디렉터리 구조,비순환 그래프 디렉터리 구조,2,"2단계 디렉터리 구조는 중앙에 마스터 파일 디렉터리를 두고 그 아래 사용자별 서브 디렉터리를 두는 구조입니다. 1단계는 모든 파일이 하나의 디렉터리에 있는 구조, 트리·비순환 그래프 구조는 더 계층화된 구조입니다.",8,cbt,2024_1,0
28,ipe_industrial,1,2025_2,"디렉터리 구조 중 중앙에 마스터 파일 디렉터리가 있고, 그 아래에 사용자별로 서로 다른 파일 디렉터리가 있는 구조는?",1단계 디렉터리 구조,2단계 디렉터리 구조,트리 디렉터리 구조,비순환 그래프 디렉터리 구조,2,"2단계 디렉터리 구조는 중앙에 마스터 파일 디렉터리를 두고 그 아래 사용자별 서브 디렉터리를 두는 구조입니다. 1단계는 모든 파일이 하나의 디렉터리에 있는 구조, 트리·비순환 그래프 구조는 더 계층화된 구조입니다.",8,cbt,2025_2,0
29,ipe_industrial,1,2025_3,"디렉터리 구조 중 중앙에 마스터 파일 디렉터리가 있고, 그 아래에 사용자별로 서로 다른 파일 디렉터리가 있는 구조는?",1단계 디렉터리 구조,2단계 디렉터리 구조,트리 디렉터리 구조,비순환 그래프 디렉터리 구조,2,"2단계 디렉터리 구조는 중앙에 마스터 파일 디렉터리를 두고 그 아래 사용자별 서브 디렉터리를 두는 구조입니다. 1단계는 모든 파일이 하나의 디렉터리에 있는 구조, 트리·비순환 그래프 구조는 더 계층화된 구조입니다.",8,cbt,2025_3,0
30,ipe_industrial,1,2022_1,개체-관계(E-R) 모델에서 개체 타입을 표시하는 기호는?,마름모,타원,사각형,선(Line),3,"E-R 다이어그램에서 개체(Entity) 타입은 사각형으로 표시합니다. 관계는 마름모, 속성은 타원, 개체·속성·관계를 연결할 때는 선을 사용합니다.",9,cbt,2022_1,0
34,ipe_industrial,1,2022_1,"FCFS 기법을 적용하여 작업 스케줄링을 하였을 때, 다음 작업들의 평균 회수 시간(Turn Around Time)은? (단, 문맥교환 시간은 무시한다.) 작업(도착시간, 실행시간): A(0,6), B(1,3), C(2,1), D(3,8)",9.25,8.25,7.75,7.25,1,"평균 회수시간(반환시간) = (각 작업의 완료시각-도착시각) 평균. FCFS로 A(0,6)→B(1,3)→C(2,1)→D(3,8) 순서 실행 시 완료시각은 A=6,B=9,C=10,D=18이며 반환시간은 6,8,8,15로 평균 9.25입니다.",10,cbt,2022_1,1
35,ipe_industrial,1,2023_2,"FCFS 기법을 적용하여 작업 스케줄링을 하였을 때, 다음 작업들의 평균 회수 시간(Turn Around Time)은? (단, 문맥교환 시간은 무시한다.) 작업(도착시간, 실행시간): A(0,6), B(1,3), C(2,1), D(3,4)",9.25,8.25,7.75,7.25,2,"평균 회수시간(반환시간) = (각 작업의 완료시각-도착시각) 평균. FCFS로 A(0,6)→B(1,3)→C(2,1)→D(3,4) 순서 실행 시 완료시각은 A=6,B=9,C=10,D=14이며 반환시간은 6,8,8,11로 평균 8.25입니다.",10,cbt,2023_2,1
36,ipe_industrial,1,2022_1,IPv6에 대한 설명으로 틀린 것은?,IPv6 주소는 128비트로 구성된다.,인증 및 보안 기능을 포함하고 있다.,"브로드캐스트, 유니캐스트, 멀티캐스트로 구성된다.",IPv6 확장 헤더를 통해 네트워크 기능 확장이 용이하다.,3,IPv6는 유니캐스트·멀티캐스트·애니캐스트 세 가지 주소 체계로 구성되며 브로드캐스트는 지원하지 않습니다(IPv4의 브로드캐스트 개념이 IPv6에서는 폐지됨).,11,cbt,2022_1,0
37,ipe_industrial,1,2023_1,IPv6에 대한 설명으로 틀린 것은?,IPv6 주소는 128비트로 구성된다.,인증 및 보안 기능을 포함하고 있다.,"브로드캐스트, 유니캐스트, 멀티캐스트로 구성된다.",IPv6 확장 헤더를 통해 네트워크 기능 확장이 용이하다.,3,IPv6는 유니캐스트·멀티캐스트·애니캐스트 세 가지 주소 체계로 구성되며 브로드캐스트는 지원하지 않습니다(IPv4의 브로드캐스트 개념이 IPv6에서는 폐지됨).,11,cbt,2023_1,0
38,ipe_industrial,1,2023_2,IPv6에 대한 설명으로 틀린 것은?,IPv6 주소는 128비트로 구성된다.,인증 및 보안 기능을 포함하고 있다.,"브로드캐스트, 유니캐스트, 멀티캐스트로 구성된다.",IPv6 헤더는 9개의 필드로 구성된다.,3,IPv6는 유니캐스트·멀티캐스트·애니캐스트 세 가지 주소 체계로 구성되며 브로드캐스트는 지원하지 않습니다(IPv4의 브로드캐스트 개념이 IPv6에서는 폐지됨).,11,cbt,2023_2,0
39,ipe_industrial,1,2023_3,IPv6에 대한 설명으로 틀린 것은?,IPv6 주소는 128비트로 구성된다.,인증 및 보안 기능을 포함하고 있다.,"브로드캐스트, 유니캐스트, 멀티캐스트로 구성된다.",IPv6 확장 헤더를 통해 네트워크 기능 확장이 용이하다.,3,IPv6는 유니캐스트·멀티캐스트·애니캐스트 세 가지 주소 체계로 구성되며 브로드캐스트는 지원하지 않습니다(IPv4의 브로드캐스트 개념이 IPv6에서는 폐지됨).,11,cbt,2023_3,0
40,ipe_industrial,1,2025_2,IPv6에 대한 설명으로 틀린 것은?,IPv6 주소는 128비트로 구성된다.,인증 및 보안 기능을 포함하고 있다.,"브로드캐스트, 유니캐스트, 멀티캐스트로 구성된다.",IPv6 확장 헤더를 통해 네트워크 기능 확장이 용이하다.,3,IPv6는 유니캐스트·멀티캐스트·애니캐스트 세 가지 주소 체계로 구성되며 브로드캐스트는 지원하지 않습니다(IPv4의 브로드캐스트 개념이 IPv6에서는 폐지됨).,11,cbt,2025_2,0
41,ipe_industrial,1,2025_3,IPv6에 대한 설명으로 틀린 것은?,IPv6 주소는 128비트로 구성된다.,인증 및 보안 기능을 포함하고 있다.,"브로드캐스트, 유니캐스트, 멀티캐스트로 구성된다.",IPv6 확장 헤더를 통해 네트워크 기능 확장이 용이하다.,3,IPv6는 유니캐스트·멀티캐스트·애니캐스트 세 가지 주소 체계로 구성되며 브로드캐스트는 지원하지 않습니다(IPv4의 브로드캐스트 개념이 IPv6에서는 폐지됨).,11,cbt,2025_3,0
42,ipe_industrial,1,2022_1,LAN의 한 종류인 100Base-T 네트워크에서 사용되는 전송 매체는?,Coaxial cable,Optical cable,UTP cable,Microwave cable,3,100Base-T(패스트 이더넷)는 UTP(비차폐 연선) 케이블을 사용해 100Mbps 속도를 지원하는 LAN 규격입니다.,12,cbt,2022_1,0
43,ipe_industrial,1,2023_1,LAN의 한 종류인 100Base-T 네트워크에서 사용되는 전송 매체는?,Coaxial cable,Optical cable,UTP cable,Microwave cable,3,100Base-T(패스트 이더넷)는 UTP(비차폐 연선) 케이블을 사용해 100Mbps 속도를 지원하는 LAN 규격입니다.,12,cbt,2023_1,0
44,ipe_industrial,1,2023_2,LAN의 한 종류인 100Base-T 네트워크에서 사용되는 전송 매체는?,Coaxial cable,Optical cable,UTP cable,Microwave cable,3,100Base-T(패스트 이더넷)는 UTP(비차폐 연선) 케이블을 사용해 100Mbps 속도를 지원하는 LAN 규격입니다.,12,cbt,2023_2,0
45,ipe_industrial,1,2024_1,LAN의 한 종류인 100Base-T 네트워크에서 사용되는 전송 매체는?,Coaxial cable,Optical cable,UTP cable,Microwave cable,3,100Base-T(패스트 이더넷)는 UTP(비차폐 연선) 케이블을 사용해 100Mbps 속도를 지원하는 LAN 규격입니다.,12,cbt,2024_1,0
46,ipe_industrial,1,2024_3,LAN의 한 종류인 100Base-T 네트워크에서 사용되는 전송 매체는?,Coaxial cable,Optical cable,UTP cable,Microwave cable,3,100Base-T(패스트 이더넷)는 UTP(비차폐 연선) 케이블을 사용해 100Mbps 속도를 지원하는 LAN 규격입니다.,12,cbt,2024_3,0
47,ipe_industrial,1,2025_3,LAN의 한 종류인 100Base-T 네트워크에서 사용되는 전송 매체는?,Coaxial cable,Optical cable,UTP cable,Microwave cable,3,100Base-T(패스트 이더넷)는 UTP(비차폐 연선) 케이블을 사용해 100Mbps 속도를 지원하는 LAN 규격입니다.,12,cbt,2025_3,0
48,ipe_industrial,1,2022_1,사용자 인터페이스(User Interface)에 대한 설명으로 틀린 것은?,사용자와 시스템이 정보를 주고받는 상호작용이 잘 이루어지 도록 하는 장치나 소프트웨어를 의미한다.,편리한 유지보수를 위해 개발자 중심으로 설계되어야 한다.,배우기가 용이하고 쉽게 사용할 수 있도록 만들어져야 한다.,사용자 요구사항이 UI에 반영될 수 있도록 구성해야 한다.,2,사용자 인터페이스는 개발자가 아닌 '사용자' 중심으로 설계되어야 합니다. 유지보수 편의보다 사용자의 이해와 편의를 우선해야 합니다.,13,cbt,2022_1,0
49,ipe_industrial,1,2022_2,사용자 인터페이스(User Interface)에 대한 설명으로 틀린 것은?,사용자와 시스템이 정보를 주고받는 상호 작용이 잘 이루어지 도록 하는 장치나 소프트웨어를 의미한다.,편리한 유지보수를 위해 개발자 중심으로 설계되어야 한다.,배우기가 용이하고 쉽게 사용할 수 있도록 만들어져야 한다.,사용자 요구사항이 UI에 반영될 수 있도록 구성해야 한다.,2,사용자 인터페이스는 개발자가 아닌 '사용자' 중심으로 설계되어야 합니다. 유지보수 편의보다 사용자의 이해와 편의를 우선해야 합니다.,13,cbt,2022_2,0
50,ipe_industrial,1,2023_1,사용자 인터페이스(User Interface)에 대한 설명으로 틀린 것은?,사용자와 시스템이 정보를 주고받는 상호 작용이 잘 이루어지 도록 하는 장치나 소프트웨어를 의미한다.,편리한 유지보수를 위해 개발자 중심으로 설계되어야 한다.,배우기가 용이하고 쉽게 사용할 수 있도록 만들어져야 한다.,사용자 요구사항이 UI에 반영될 수 있도록 구성해야 한다.,2,사용자 인터페이스는 개발자가 아닌 '사용자' 중심으로 설계되어야 합니다. 유지보수 편의보다 사용자의 이해와 편의를 우선해야 합니다.,13,cbt,2023_1,0
51,ipe_industrial,1,2023_2,사용자 인터페이스(User Interface)에 대한 설명으로 틀린 것은?,사용자와 시스템이 정보를 주고받는 상호 작용이 잘 이루어지 도록 하는 장치나 소프트웨어를 의미한다.,편리한 유지보수를 위해 개발자 중심으로 설계되어야 한다.,배우기가 용이하고 쉽게 사용할 수 있도록 만들어져야 한다.,사용자 요구사항이 UI에 반영될 수 있도록 구성해야 한다,2,사용자 인터페이스는 개발자가 아닌 '사용자' 중심으로 설계되어야 합니다. 유지보수 편의보다 사용자의 이해와 편의를 우선해야 합니다.,13,cbt,2023_2,0
52,ipe_industrial,1,2024_1,사용자 인터페이스(User Interface)에 대한 설명으로 틀린 것은?,사용자와 시스템이 정보를 주고받는 상호 작용이 잘 이루어지 도록 하는 장치나 소프트웨어를 의미한다.,편리한 유지보수를 위해 개발자 중심으로 설계되어야 한다.,배우기가 용이하고 쉽게 사용할 수 있도록 만들어져야 한다.,사용자 요구사항이 UI에 반영될 수 있도록 구성해야 한다.,2,사용자 인터페이스는 개발자가 아닌 '사용자' 중심으로 설계되어야 합니다. 유지보수 편의보다 사용자의 이해와 편의를 우선해야 합니다.,13,cbt,2024_1,0
53,ipe_industrial,1,2024_3,사용자 인터페이스(User Interface)에 대한 설명으로 틀린 것은?,사용자와 시스템이 정보를 주고받는 상호 작용이 잘 이루어지 도록 하는 장치나 소프트웨어를 의미한다.,편리한 유지보수를 위해 개발자 중심으로 설계되어야 한다.,배우기가 용이하고 쉽게 사용할 수 있도록 만들어져야 한다.,사용자 요구사항이 UI에 반영될 수 있도록 구성해야 한다.,2,사용자 인터페이스는 개발자가 아닌 '사용자' 중심으로 설계되어야 합니다. 유지보수 편의보다 사용자의 이해와 편의를 우선해야 합니다.,13,cbt,2024_3,0
54,ipe_industrial,1,2025_2,사용자 인터페이스(User Interface)에 대한 설명으로 틀린 것은?,사용자와 시스템이 정보를 주고받는 상호작용이 잘 이루어지 도록 하는 장치나 소프트웨어를 의미한다.,편리한 유지보수를 위해 개발자 중심으로 설계되어야 한다.,배우기가 용이하고 쉽게 사용할 수 있도록 만들어져야 한다.,사용자 요구사항이 UI에 반영될 수 있도록 구성해야 한다.,2,사용자 인터페이스는 개발자가 아닌 '사용자' 중심으로 설계되어야 합니다. 유지보수 편의보다 사용자의 이해와 편의를 우선해야 합니다.,13,cbt,2025_2,0
55,ipe_industrial,1,2025_3,사용자 인터페이스(User Interface)에 대한 설명으로 틀린 것은?,사용자와 시스템이 정보를 주고받는 상호 작용이 잘 이루어지 도록 하는 장치나 소프트웨어를 의미한다.,편리한 유지보수를 위해 개발자 중심으로 설계되어야 한다.,배우기가 용이하고 쉽게 사용할 수 있도록 만들어져야 한다.,사용자 요구사항이 UI에 반영될 수 있도록 구성해야 한다.,2,사용자 인터페이스는 개발자가 아닌 '사용자' 중심으로 설계되어야 합니다. 유지보수 편의보다 사용자의 이해와 편의를 우선해야 합니다.,13,cbt,2025_3,0
56,ipe_industrial,1,2022_1,"디스크 대기 큐에 다음과 같은 순서(왼쪽부터 먼저 도착한 순서임) 로 트랙의 액세스 요청이 대기 중이다. 모든 트랙을 서비스하기 위하여 FCFS 스케줄링 기법이 사용되었을 때, 모두 몇 트랙의 헤드 이동이 생기는가?(단, 현재 헤드의 위치는 50 트랙이다.) 디스크 대기 큐 : 10, 40, 55, 35",50,85,105,110,3,"FCFS 디스크 스케줄링은 요청이 들어온 순서(10,40,55,35) 그대로 헤드를 이동시킵니다. 현재 위치 50에서 |50-10|+|10-40|+|40-55|+|55-35| = 40+30+15+20 = 105트랙입니다.",14,cbt,2022_1,0
57,ipe_industrial,1,2023_2,"디스크 대기 큐에 다음과 같은 순서(왼쪽부터 먼저 도착한 순서임)로 트랙의 액세스 요청이 대기 중이다. 모든 트랙을 서비스하기 위하여 FCFS 스케줄링 기법이 사용되었을 때, 모두 몇 트랙의 헤드 이동이 생기는가?(단, 현재 헤드의 위치는 50 트랙이다.) 디스크 대기 큐 : 10, 40, 55, 35",50,85,105,110,3,"FCFS 디스크 스케줄링은 요청이 들어온 순서(10,40,55,35) 그대로 헤드를 이동시킵니다. 현재 위치 50에서 |50-10|+|10-40|+|40-55|+|55-35| = 40+30+15+20 = 105트랙입니다.",14,cbt,2023_2,0
58,ipe_industrial,1,2024_2,"디스크 대기 큐에 다음과 같은 순서(왼쪽부터 먼저 도착한 순서임)로 트랙의 액세스 요청이 대기 중이다. 모든 트랙을 서비스하기 위하여 FCFS 스케줄링 기법이 사용되었을 때, 모두 몇 트랙의 헤드 이동이 생기는가? (단, 현재 헤드의 위치는 50 트랙이다.) 디스크 대기 큐 : 10, 40, 55, 35",50,85,105,110,3,"FCFS 디스크 스케줄링은 요청이 들어온 순서(10,40,55,35) 그대로 헤드를 이동시킵니다. 현재 위치 50에서 |50-10|+|10-40|+|40-55|+|55-35| = 40+30+15+20 = 105트랙입니다.",14,cbt,2024_2,0
59,ipe_industrial,1,2026_1,"디스크 대기 큐에 다음과 같은 순서(왼쪽부터 먼저 도착한 순서임)로 트랙의 액세스 요청이 대기 중이다. 모든 트랙을 서비스하기 위하여 FCFS 스케줄링 기법이 사용되었을 때, 모두 몇 트랙의 헤드 이동이 생기는가?(단, 현재 헤드의 위치는 50 트랙이다.) 디스크 대기 큐 : 10, 40, 55, 35",50,85,105,110,3,"FCFS 디스크 스케줄링은 요청이 들어온 순서(10,40,55,35) 그대로 헤드를 이동시킵니다. 현재 위치 50에서 |50-10|+|10-40|+|40-55|+|55-35| = 40+30+15+20 = 105트랙입니다.",14,cbt,2026_1,0
60,ipe_industrial,1,2022_1,소프트웨어의 개발 과정에서 소프트웨어의 변경 사항을 관리하기 위해 개발된 일련의 활동은?,정규화,프로토타입,통합 테스트,형상 관리,4,"형상 관리(Configuration Management)는 소프트웨어 개발 전 과정에서 발생하는 산출물(소스, 문서 등)의 변경 사항을 체계적으로 관리하는 활동입니다.",15,cbt,2022_1,0
61,ipe_industrial,1,2023_2,소프트웨어의 개발 과정에서 소프트웨어의 변경 사항을 관리하기 위해 개발된 일련의 활동은?,정규화,프로토타입,통합 테스트,형상 관리,4,"형상 관리(Configuration Management)는 소프트웨어 개발 전 과정에서 발생하는 산출물(소스, 문서 등)의 변경 사항을 체계적으로 관리하는 활동입니다.",15,cbt,2023_2,0
62,ipe_industrial,1,2024_1,소프트웨어의 개발 과정에서 소프트웨어의 변경 사항을 관리하기 위해 개발된 일련의 활동은?,정규화,프로토타입,통합 테스트,형상 관리,4,"형상 관리(Configuration Management)는 소프트웨어 개발 전 과정에서 발생하는 산출물(소스, 문서 등)의 변경 사항을 체계적으로 관리하는 활동입니다.",15,cbt,2024_1,0
63,ipe_industrial,1,2024_3,소프트웨어의 개발 과정에서 소프트웨어의 변경 사항을 관리하기 위해 개발된 일련의 활동은?,정규화,프로토타입,통합 테스트,형상 관리,4,"형상 관리(Configuration Management)는 소프트웨어 개발 전 과정에서 발생하는 산출물(소스, 문서 등)의 변경 사항을 체계적으로 관리하는 활동입니다.",15,cbt,2024_3,0
64,ipe_industrial,1,2026_1,소프트웨어의 개발 과정에서 소프트웨어의 변경 사항을 관리하기 위해 개발된 일련의 활동은?,정규화,프로토타입,통합 테스트,형상 관리,4,"형상 관리(Configuration Management)는 소프트웨어 개발 전 과정에서 발생하는 산출물(소스, 문서 등)의 변경 사항을 체계적으로 관리하는 활동입니다.",15,cbt,2026_1,0
65,ipe_industrial,1,2022_1,프로세스의 정의 중 틀린 것은?,동기적 행위를 일으키는 주체,실행중인 프로그램,PCB를 가진 프로그램,프로세서가 할당되는 실체,1,프로세스는 '비동기적' 행위를 일으키는 실행 중인 프로그램입니다. '동기적 행위를 일으키는 주체'라는 설명이 틀린 정의입니다.,16,cbt,2022_1,0
66,ipe_industrial,1,2024_1,프로세스의 정의 중 틀린 것은?,동기적 행위를 일으키는 주체,실행중인 프로그램,PCB를 가진 프로그램,프로세서가 할당되는 실체,1,프로세스는 '비동기적' 행위를 일으키는 실행 중인 프로그램입니다. '동기적 행위를 일으키는 주체'라는 설명이 틀린 정의입니다.,16,cbt,2024_1,0
67,ipe_industrial,1,2022_1,UML 모델에서 하나의 사물이 다른 사물에 비해 더 일반적인지 구체적인지를 표현하는 경우에 나타나는 관계는?,의존 관계,일반화 관계,연관 관계,포함 관계,2,"일반화(Generalization) 관계는 한 사물이 다른 사물보다 더 일반적인지/구체적인지를 표현하는 UML 관계로, 상속 관계를 나타냅니다.",17,cbt,2022_1,0
68,ipe_industrial,1,2022_1,기업의 소프트웨어 인프라인 정보 시스템을 공유와 재사용이 가능 한 서비스 단위나 컴포넌트 중심으로 구축하는 정보기술 아키텍처 는?,SSO,MEMS,SaaS,SOA,4,SOA(Service Oriented Architecture)는 정보 시스템을 재사용 가능한 서비스 단위·컴포넌트로 구축하는 아키텍처입니다.,18,cbt,2022_1,0
69,ipe_industrial,1,2023_1,기업의 소프트웨어 인프라인 정보 시스템을 공유와 재사용이 가능한 서비스 단위나 컴포넌트 중심으로 구축하는 정보기술 아키텍처는?,SSO,MEMS,SaaS,SOA,4,SOA(Service Oriented Architecture)는 정보 시스템을 재사용 가능한 서비스 단위·컴포넌트로 구축하는 아키텍처입니다.,18,cbt,2023_1,0
70,ipe_industrial,1,2024_3,기업의 소프트웨어 인프라인 정보 시스템을 공유와 재사용이 가능 한 서비스 단위나 컴포넌트 중심으로 구축하는 정보기술 아키텍처 는?,SSO,MEMS,SaaS,SOA,4,SOA(Service Oriented Architecture)는 정보 시스템을 재사용 가능한 서비스 단위·컴포넌트로 구축하는 아키텍처입니다.,18,cbt,2024_3,0
71,ipe_industrial,1,2022_1,통합 테스트에 대한 설명으로 틀린 것은?,드라이버를 사용하는 것은 상향식 테스트이다.,스텁을 사용하는 것은 하향식 테스트이다.,모듈 또는 컴포넌트 간의 상호 작용 오류를 검사한다.,모듈이나 컴포넌트의 기능성 테스트를 최우선으로 한다.,4,"통합 테스트는 모듈 간 상호작용(인터페이스) 오류를 검사하는 것이 주 목적이며, 개별 모듈의 기능성 자체를 검증하는 것은 단위 테스트의 목적입니다.",19,cbt,2022_1,0
72,ipe_industrial,1,2023_2,통합 테스트에 대한 설명으로 틀린 것은?,드라이버를 사용하는 것은 상향식 테스트이다.,스텁을 사용하는 것은 하향식 테스트이다.,모듈 또는 컴포넌트 간의 상호 작용 오류를 검사한다.,모듈이나 컴포넌트의 기능성 테스트를 최우선으로 한다.,4,"통합 테스트는 모듈 간 상호작용(인터페이스) 오류를 검사하는 것이 주 목적이며, 개별 모듈의 기능성 자체를 검증하는 것은 단위 테스트의 목적입니다.",19,cbt,2023_2,0
73,ipe_industrial,1,2023_3,통합 테스트에 대한 설명으로 틀린 것은?,드라이버를 사용하는 것은 상향식 테스트이다.,스텁을 사용하는 것은 하향식 테스트이다.,모듈 또는 컴포넌트 간의 상호 작용 오류를 검사한다.,모듈이나 컴포넌트의 기능성 테스트를 최우선으로 한다.,4,"통합 테스트는 모듈 간 상호작용(인터페이스) 오류를 검사하는 것이 주 목적이며, 개별 모듈의 기능성 자체를 검증하는 것은 단위 테스트의 목적입니다.",19,cbt,2023_3,0
74,ipe_industrial,1,2025_1,통합 테스트에 대한 설명으로 틀린 것은?,드라이버를 사용하는 것은 상향식 테스트이다.,스텁을 사용하는 것은 하향식 테스트이다.,모듈 또는 컴포넌트 간의 상호 작용 오류를 검사한다.,모듈이나 컴포넌트의 기능성 테스트를 최우선으로 한다.,4,"통합 테스트는 모듈 간 상호작용(인터페이스) 오류를 검사하는 것이 주 목적이며, 개별 모듈의 기능성 자체를 검증하는 것은 단위 테스트의 목적입니다.",19,cbt,2025_1,0
75,ipe_industrial,1,2025_2,통합 테스트에 대한 설명으로 틀린 것은?,드라이버를 사용하는 것은 상향식 테스트이다.,스텁을 사용하는 것은 하향식 테스트이다.,모듈 또는 컴포넌트 간의 상호 작용 오류를 검사한다.,모듈이나 컴포넌트의 기능성 테스트를 최우선으로 한다.,4,"통합 테스트는 모듈 간 상호작용(인터페이스) 오류를 검사하는 것이 주 목적이며, 개별 모듈의 기능성 자체를 검증하는 것은 단위 테스트의 목적입니다.",19,cbt,2025_2,0
76,ipe_industrial,1,2026_1,통합 테스트에 대한 설명으로 틀린 것은?,드라이버를 사용하는 것은 상향식 테스트이다.,스텁을 사용하는 것은 하향식 테스트이다.,모듈 또는 컴포넌트 간의 상호 작용 오류를 검사한다.,모듈이나 컴포넌트의 기능성 테스트를 최우선으로 한다.,4,"통합 테스트는 모듈 간 상호작용(인터페이스) 오류를 검사하는 것이 주 목적이며, 개별 모듈의 기능성 자체를 검증하는 것은 단위 테스트의 목적입니다.",19,cbt,2026_1,0
77,ipe_industrial,1,2022_1,"다음 설명에 해당하는 용어는? 소프트웨어의 구현 단계에서 발생할 수 있는 보안 취약점 들을 최소화하기 위해 보안 요소들을 고려하며 코딩하는 것을 의미하며, 보안 취약점을 사전에 대응하여 안정성과 신뢰성을 확보하기 위해 사용된다.",SDLC,Secure Coding,CLASP,OWASP,2,"Secure Coding(시큐어 코딩)은 구현 단계에서 보안 취약점을 최소화하도록 코딩하는 방법론입니다. SDLC는 개발 생명주기, CLASP·OWASP는 보안 관련 방법론/단체 이름입니다.",20,cbt,2022_1,0
78,ipe_industrial,1,2024_1,"다음 설명에 해당하는 용어는? 소프트웨어의 구현 단계에서 발생할 수 있는 보안 취약점 들을 최소화하기 위해 보안 요소들을 고려하며 코딩하는 것을 의미하며, 보안 취약점을 사전에 대응하여 안정성과 신뢰성을 확보하기 위해 사용된다.",SDLC,Secure Coding,CLASP,OWASP,2,"Secure Coding(시큐어 코딩)은 구현 단계에서 보안 취약점을 최소화하도록 코딩하는 방법론입니다. SDLC는 개발 생명주기, CLASP·OWASP는 보안 관련 방법론/단체 이름입니다.",20,cbt,2024_1,0
79,ipe_industrial,1,2025_2,"다음 설명에 해당하는 용어는? 소프트웨어의 구현 단계에서 발생할 수 있는 보안 취약점 들을 최소화하기 위해 보안 요소들을 고려하며 코딩하는 것을 의미하며, 보안 취약점을 사전에 대응하여 안정성과 신뢰성을 확보하기 위해 사용된다.",SDLC,Secure Coding,CLASP,OWASP,2,"Secure Coding(시큐어 코딩)은 구현 단계에서 보안 취약점을 최소화하도록 코딩하는 방법론입니다. SDLC는 개발 생명주기, CLASP·OWASP는 보안 관련 방법론/단체 이름입니다.",20,cbt,2025_2,0
80,ipe_industrial,2,2022_1,한 모듈이 다른 모듈의 내부 자료를 직접적으로 참조하는 경우의 결합도를 의미하는 것은?,내용 결합도,공통 결합도,제어 결합도,스탬프 결합도,1,"내용 결합도(Content Coupling)는 한 모듈이 다른 모듈의 내부 자료나 로직을 직접 참조·수정하는, 결합도 중 가장 강한(나쁜) 형태입니다.",21,cbt,2022_1,0
81,ipe_industrial,2,2023_1,한 모듈이 다른 모듈의 내부 자료를 직접적으로 참조하는 경우의 결합도를 의미하는 것은?,내용 결합도,외부 결합도,스탬프 결합도,자료 결합도,1,"내용 결합도(Content Coupling)는 한 모듈이 다른 모듈의 내부 자료나 로직을 직접 참조·수정하는, 결합도 중 가장 강한(나쁜) 형태입니다.",21,cbt,2023_1,0
82,ipe_industrial,2,2023_3,한 모듈이 다른 모듈의 내부 자료를 직접적으로 참조하는 경우의 결합도를 의미하는 것은?,내용 결합도,공통 결합도,제어 결합도,스탬프 결합도,1,"내용 결합도(Content Coupling)는 한 모듈이 다른 모듈의 내부 자료나 로직을 직접 참조·수정하는, 결합도 중 가장 강한(나쁜) 형태입니다.",21,cbt,2023_3,0
83,ipe_industrial,2,2026_1,한 모듈이 다른 모듈의 내부 자료를 직접적으로 참조하는 경우의 결합도를 의미하는 것은?,내용 결합도,외부 결합도,스탬프 결합도,자료 결합도,1,"내용 결합도(Content Coupling)는 한 모듈이 다른 모듈의 내부 자료나 로직을 직접 참조·수정하는, 결합도 중 가장 강한(나쁜) 형태입니다.",21,cbt,2026_1,0
84,ipe_industrial,2,2022_1,JavaScript에서 다음 그림과 같은 창을 띄우기 위해 사용한 명령어로 옳은 것은?,"alert(“title”, “default”)","prompt(“title”, “default”)","alert(“default”, “title”)","prompt(“default”, “title”)",2,prompt()는 제목과 기본값을 지정해 사용자 입력을 받는 대화상자를 띄우는 JavaScript 메소드입니다. alert()는 확인 버튼만 있는 알림창입니다.,22,cbt,2022_1,0
85,ipe_industrial,2,2023_2,JavaScript에서 다음 그림과 같은 창을 띄우기 위해 사용한 명령어로 옳은 것은?,"alert(“title”, “default”)","prompt(“title”, “default”)","alert(“default”, “title”)","prompt(“default”, “title”)",2,prompt()는 제목과 기본값을 지정해 사용자 입력을 받는 대화상자를 띄우는 JavaScript 메소드입니다. alert()는 확인 버튼만 있는 알림창입니다.,22,cbt,2023_2,0
86,ipe_industrial,2,2024_1,JavaScript에서 다음 그림과 같은 창을 띄우기 위해 사용한 명령어로 옳은 것은?,"alert(“title”, “default”)","prompt(“title”, “default”)","alert(“default”, “title”)","prompt(“default”, “title”)",2,prompt()는 제목과 기본값을 지정해 사용자 입력을 받는 대화상자를 띄우는 JavaScript 메소드입니다. alert()는 확인 버튼만 있는 알림창입니다.,22,cbt,2024_1,0
87,ipe_industrial,2,2025_2,JavaScript에서 다음 그림과 같은 창을 띄우기 위해 사용한 명령어로 옳은 것은?,"alert(“title”, “default”)","prompt(“title”, “default”)","alert(“default”, “title”)","prompt(“default”, “title”)",2,prompt()는 제목과 기본값을 지정해 사용자 입력을 받는 대화상자를 띄우는 JavaScript 메소드입니다. alert()는 확인 버튼만 있는 알림창입니다.,22,cbt,2025_2,0
88,ipe_industrial,2,2022_1,다음 중 C언어에서 변수명으로 사용할 수 있는 것은?,8_dei,while,di sum,iAvg,4,"iAvg는 영문자로 시작하고 특수문자·예약어·공백이 없어 유효한 C 변수명입니다. 8_dei는 숫자로 시작, while은 예약어, di sum은 공백 포함이라 사용할 수 없습니다.",23,cbt,2022_1,0
89,ipe_industrial,2,2024_1,다음 중 C언어에서 변수명으로 사용할 수 있는 것은?,8_dei,while,di sum,iAvg,4,"iAvg는 영문자로 시작하고 특수문자·예약어·공백이 없어 유효한 C 변수명입니다. 8_dei는 숫자로 시작, while은 예약어, di sum은 공백 포함이라 사용할 수 없습니다.",23,cbt,2024_1,0
90,ipe_industrial,2,2022_1,C언어에서 상수를 정의할 때 사용하는 예약어는?,#include,#define,#valuable,#function,2,#define은 C에서 매크로 상수를 정의할 때 사용하는 전처리기 지시자입니다.,24,cbt,2022_1,0
91,ipe_industrial,2,2024_1,C언어에서 상수를 정의할 때 사용하는 예약어는?,#include,#define,#valuable,#function,2,#define은 C에서 매크로 상수를 정의할 때 사용하는 전처리기 지시자입니다.,24,cbt,2024_1,0
92,ipe_industrial,2,2025_2,C언어에서 상수를 정의할 때 사용하는 예약어는?,#include,#define,#valuable,#function,2,#define은 C에서 매크로 상수를 정의할 때 사용하는 전처리기 지시자입니다.,24,cbt,2025_2,0
93,ipe_industrial,2,2022_1,다음 Java 코드가 실행되었을 때의 결과는? int a[][] = new int[2][3]; System.out.print(a.length);,2,3,5,6,1,2차원 배열 int a[2][3]의 a.length는 '행(row)의 개수'인 2를 반환합니다(a[0].length가 열의 개수 3).,25,cbt,2022_1,0
94,ipe_industrial,2,2023_2,다음 Java 코드가 실행되었을 때의 결과는? int a[][] = new int[2][3]; System.out.print(a.length);,2,3,5,6,1,2차원 배열 int a[2][3]의 a.length는 '행(row)의 개수'인 2를 반환합니다(a[0].length가 열의 개수 3).,25,cbt,2023_2,0
95,ipe_industrial,2,2023_3,다음 Java 코드가 실행되었을 때의 결과는? int a[][] = new int[2][3]; System.out.print(a.length);,2,3,5,6,1,2차원 배열 int a[2][3]의 a.length는 '행(row)의 개수'인 2를 반환합니다(a[0].length가 열의 개수 3).,25,cbt,2023_3,0
96,ipe_industrial,2,2025_1,다음 Java 코드가 실행되었을 때의 결과는? int a[][] = new int[2][3]; System.out.print(a.length);,2,3,5,6,1,2차원 배열 int a[2][3]의 a.length는 '행(row)의 개수'인 2를 반환합니다(a[0].length가 열의 개수 3).,25,cbt,2025_1,0
97,ipe_industrial,2,2026_1,다음 Java 코드가 실행되었을 때의 결과는? int a[ ][ ] = new int[2][3]; System.out.print(a.length);,2,3,5,6,1,2차원 배열 int a[2][3]의 a.length는 '행(row)의 개수'인 2를 반환합니다(a[0].length가 열의 개수 3).,25,cbt,2026_1,0
98,ipe_industrial,2,2022_1,Python에서 사용되는 서식 문자열과 그 의미가 올바르게 연결되지 않은 것은?,%d - 정수형 10진수,%x - 정수형 8진수,%f - 실수,%s - 문자열,2,%x는 정수형을 8진수가 아니라 16진수로 출력하는 서식 문자입니다(8진수는 %o).,26,cbt,2022_1,0
99,ipe_industrial,2,2023_3,Python에서 사용되는 서식 문자열과 그 의미가 올바르게 연결되지 않은 것은?,%d - 정수형 10진수,%x - 정수형 8진수,%f - 실수,%s - 문자열,2,%x는 정수형을 8진수가 아니라 16진수로 출력하는 서식 문자입니다(8진수는 %o).,26,cbt,2023_3,0
100,ipe_industrial,2,2025_2,Python에서 사용되는 서식 문자열과 그 의미가 올바르게 연결되지 않은 것은?,%d - 정수형 10진수,%x - 정수형 8진수,%f – 실수,%s – 문자열,2,%x는 정수형을 8진수가 아니라 16진수로 출력하는 서식 문자입니다(8진수는 %o).,26,cbt,2025_2,0
101,ipe_industrial,2,2022_1,Python에서 문자열이나 리스트와 같은 순차형 객체에서 일부를 잘라 반환하는 기능은?,Goto,Range,Slice,Set,3,Slice는 문자열·리스트 등 순차형 객체에서 인덱스 범위를 지정해 일부를 잘라내는 기능입니다.,27,cbt,2022_1,0
104,ipe_industrial,2,2022_1,다음 중 C 언어에서 수학 함수를 사용하기 위해 추가해야 하는 라이브러리는?,stdio.h,math.h,stdlib.h,time.h,2,"math.h는 sqrt, pow 등 수학 함수를 제공하는 C 표준 라이브러리입니다.",29,cbt,2022_1,0
105,ipe_industrial,2,2024_1,다음 중 C 언어에서 수학 함수를 사용하기 위해 추가해야 하는 라이브러리는?,stdio.h,math.h,stdlib.h,time.h,2,"math.h는 sqrt, pow 등 수학 함수를 제공하는 C 표준 라이브러리입니다.",29,cbt,2024_1,0
106,ipe_industrial,2,2022_1,다음 중 JavaScript의 프레임워크가 아닌 것은?,Angular,React,Ember,Django,4,Django는 Python 기반 웹 프레임워크입니다. Angular·React·Ember는 모두 JavaScript 프레임워크/라이브러리입니다.,30,cbt,2022_1,0
107,ipe_industrial,2,2023_2,다음 중 JavaScript의 프레임워크가 아닌 것은?,Angular,React,Ember,Django,4,Django는 Python 기반 웹 프레임워크입니다. Angular·React·Ember는 모두 JavaScript 프레임워크/라이브러리입니다.,30,cbt,2023_2,0
108,ipe_industrial,2,2023_3,다음 중 JavaScript의 프레임워크가 아닌 것은?,Angular,React,Ember,Django,4,Django는 Python 기반 웹 프레임워크입니다. Angular·React·Ember는 모두 JavaScript 프레임워크/라이브러리입니다.,30,cbt,2023_3,0
109,ipe_industrial,2,2022_1,다음 C언어의 함수 중 키보드로 문자 하나를 입력받아 변수에 저장하는 함수는?,gets( ),putchar( ),puts( ),getchar( ),4,"getchar()는 키보드로 문자 하나를 입력받아 반환하는 C 함수입니다. putchar()는 출력, gets/puts는 문자열 입출력 함수입니다.",31,cbt,2022_1,0
110,ipe_industrial,2,2023_1,다음 C언어의 함수 중 키보드로 문자 하나를 입력받아 변수에 저장하 는 함수는?,gets( ),putchar( ),puts( ),getchar( ),4,"getchar()는 키보드로 문자 하나를 입력받아 반환하는 C 함수입니다. putchar()는 출력, gets/puts는 문자열 입출력 함수입니다.",31,cbt,2023_1,0
111,ipe_industrial,2,2023_3,다음 C 언어의 함수 중 키보드로 문자 하나를 입력받아 변수에 저장하는 함수는?,gets( ),putchar( ),puts( ),getchar( ),4,"getchar()는 키보드로 문자 하나를 입력받아 반환하는 C 함수입니다. putchar()는 출력, gets/puts는 문자열 입출력 함수입니다.",31,cbt,2023_3,0
112,ipe_industrial,2,2026_1,다음 C언어의 함수 중 키보드로 문자 하나를 입력받아 변수에 저장하 는 함수는?,gets( ),putchar( ),puts( ),getchar( ),4,"getchar()는 키보드로 문자 하나를 입력받아 반환하는 C 함수입니다. putchar()는 출력, gets/puts는 문자열 입출력 함수입니다.",31,cbt,2026_1,0
113,ipe_industrial,2,2022_1,프레임워크(Framework)에 대한 설명으로 틀린 것은?,개발표준에 의한 모듈화로 유지보수가 용이하다.,재사용 모듈을 제공하여 생산성이 향상된다.,인터페이스 확장을 통해 다양한 형태와 기능을 가진 애플리케 이션 개발이 가능하다.,라이브러리와 같이 객체들을 사용자가 직접 관리하고 통제해 야 한다.,4,프레임워크는 개발자가 관리하던 제어 흐름을 프레임워크가 대신 담당하는 '제어의 역흐름(IoC)'이 특징입니다. 객체를 사용자가 직접 관리·통제해야 한다는 설명은 프레임워크의 특성과 반대됩니다.,32,cbt,2022_1,0
114,ipe_industrial,2,2023_1,프레임워크(Framework)에 대한 설명으로 틀린 것은?,개발표준에 의한 모듈화로 유지보수가 용이하다.,재사용 모듈을 제공하여 생산성이 향상된다.,인터페이스 확장을 통해 다양한 형태와 기능을 가진 애플리케 이션 개발이 가능하다.,라이브러리와 같이 객체들을 사용자가 직접 관리하고 통제해 야 한다.,4,프레임워크는 개발자가 관리하던 제어 흐름을 프레임워크가 대신 담당하는 '제어의 역흐름(IoC)'이 특징입니다. 객체를 사용자가 직접 관리·통제해야 한다는 설명은 프레임워크의 특성과 반대됩니다.,32,cbt,2023_1,0
115,ipe_industrial,2,2022_1,다음 중 빌드 도구가 아닌 것은?,Zeplin,Ant,Maven,Gradle,1,"Zeplin은 디자인 협업(디자인-개발자 간 스펙 전달) 도구이며, Ant·Maven·Gradle은 빌드 자동화 도구입니다.",33,cbt,2022_1,0
116,ipe_industrial,2,2023_1,다음 중 빌드 도구가 아닌 것은?,Zeplin,Ant,Maven,Gradle,1,"Zeplin은 디자인 협업(디자인-개발자 간 스펙 전달) 도구이며, Ant·Maven·Gradle은 빌드 자동화 도구입니다.",33,cbt,2023_1,0
117,ipe_industrial,2,2024_2,다음 중 빌드 도구가 아닌 것은?,Zeplin,Ant,Maven,Gradle,1,"Zeplin은 디자인 협업(디자인-개발자 간 스펙 전달) 도구이며, Ant·Maven·Gradle은 빌드 자동화 도구입니다.",33,cbt,2024_2,0
118,ipe_industrial,2,2025_3,다음 중 빌드 도구가 아닌 것은?,Zeplin,Ant,Maven,Gradle,1,"Zeplin은 디자인 협업(디자인-개발자 간 스펙 전달) 도구이며, Ant·Maven·Gradle은 빌드 자동화 도구입니다.",33,cbt,2025_3,0
119,ipe_industrial,2,2022_1,모듈을 설계하기 위해서 바람직한 응집도(Cohesion)와 결합도 (Coupling)의 관계는?,응집도는 약하고 결합도는 강해야 한다.,응집도는 강하고 결합도는 약해야 한다.,응집도도 약하고 결합도도 약해야 한다.,응집도도 강하고 결합도도 강해야 한다.,2,"좋은 모듈 설계는 응집도(Cohesion)는 강하게, 결합도(Coupling)는 약하게 하는 것이 원칙입니다.",34,cbt,2022_1,0
120,ipe_industrial,2,2024_1,모듈을 설계하기 위해서 바람직한 응집도(Cohesion)와 결합도 (Coupling)의 관계는?,응집도는 약하고 결합도는 강해야 한다.,응집도는 강하고 결합도는 약해야 한다.,응집도도 약하고 결합도도 약해야 한다.,응집도도 강하고 결합도도 강해야 한다.,2,"좋은 모듈 설계는 응집도(Cohesion)는 강하게, 결합도(Coupling)는 약하게 하는 것이 원칙입니다.",34,cbt,2024_1,0
121,ipe_industrial,2,2022_1,"다음 C언어 프로그램이 실행되었을 때의 결과는? #include <stdio.h> void func(int* p) { *p = *p - 5; } main() { int a = 13; func(&a); printf(""%d"", a); }",-5,3,8,13,3,포인터로 매개변수를 전달했으므로(&a) 함수 내부에서 원본 a의 값이 실제로 변경됩니다. 13-5=8이 출력됩니다.,35,cbt,2022_1,0
122,ipe_industrial,2,2023_1,"다음 C언어 프로그램이 실행되었을 때의 결과는? #include <stdio.h> void func(int* p) { *p = *p - 5; } main() { int a = 13; func(&a); printf(""%d"", a); }",-5,3,8,13,3,포인터로 매개변수를 전달했으므로(&a) 함수 내부에서 원본 a의 값이 실제로 변경됩니다. 13-5=8이 출력됩니다.,35,cbt,2023_1,0
123,ipe_industrial,2,2023_2,"다음 C언어 프로그램이 실행되었을 때의 결과는? #include <stdio.h> void func(int* p) { *p = *p - 5; } main() { int a = 13; func(&a); printf(""%d"", a); }",-5,3,8,13,3,포인터로 매개변수를 전달했으므로(&a) 함수 내부에서 원본 a의 값이 실제로 변경됩니다. 13-5=8이 출력됩니다.,35,cbt,2023_2,0
124,ipe_industrial,2,2024_3,"다음 C언어 프로그램이 실행되었을 때의 결과는? #include <stdio.h> void func(int* p) { *p = *p - 5; } main() { int a = 13; func(&a); printf(""%d"", a); }",-5,3,8,13,3,포인터로 매개변수를 전달했으므로(&a) 함수 내부에서 원본 a의 값이 실제로 변경됩니다. 13-5=8이 출력됩니다.,35,cbt,2024_3,0
125,ipe_industrial,2,2026_1,"다음 C언어 프로그램이 실행되었을 때의 결과는? #include <stdio.h> void func(int* p) { *p = *p - 5; } main( ) { int a = 13; func(&a); printf(“%d”, a); }",-5,3,8,13,3,포인터로 매개변수를 전달했으므로(&a) 함수 내부에서 원본 a의 값이 실제로 변경됩니다. 13-5=8이 출력됩니다.,35,cbt,2026_1,0
126,ipe_industrial,2,2022_1,추상 클래스에 대한 설명으로 옳은 것은?,구상 클래스 또는 구현 클래스라고도 불린다.,개별적인 인스턴스 생성이 가능하다.,구현하려는 기능들의 공통점만을 모아 놓은 것이다.,객체 생성을 위한 속성과 메소드의 구체적인 설계도이다.,3,"추상 클래스는 구체 클래스들이 구현할 기능의 공통점만 모아 놓은 것으로, 그 자체로는 인스턴스를 생성할 수 없습니다.",36,cbt,2022_1,0
127,ipe_industrial,2,2023_2,추상 클래스에 대한 설명으로 옳은 것은?,구상 클래스 또는 구현 클래스라고도 불린다.,개별적인 인스턴스 생성이 가능하다.,구현하려는 기능들의 공통점만을 모아 놓은 것이다.,객체 생성을 위한 속성과 메소드의 구체적인 설계도이다.,3,"추상 클래스는 구체 클래스들이 구현할 기능의 공통점만 모아 놓은 것으로, 그 자체로는 인스턴스를 생성할 수 없습니다.",36,cbt,2023_2,0
128,ipe_industrial,2,2023_3,추상 클래스에 대한 설명으로 옳은 것은?,구상 클래스 또는 구현 클래스라고도 불린다.,개별적인 인스턴스 생성이 가능하다.,구현하려는 기능들의 공통점만을 모아 놓은 것이다.,객체 생성을 위한 속성과 메소드의 구체적인 설계도이다.,3,"추상 클래스는 구체 클래스들이 구현할 기능의 공통점만 모아 놓은 것으로, 그 자체로는 인스턴스를 생성할 수 없습니다.",36,cbt,2023_3,0
129,ipe_industrial,2,2025_1,추상 클래스에 대한 설명으로 옳은 것은?,구상 클래스 또는 구현 클래스라고도 불린다.,개별적인 인스턴스 생성이 가능하다.,구현하려는 기능들의 공통점만을 모아 놓은 것이다.,객체 생성을 위한 속성과 메소드의 구체적인 설계도이다.,3,"추상 클래스는 구체 클래스들이 구현할 기능의 공통점만 모아 놓은 것으로, 그 자체로는 인스턴스를 생성할 수 없습니다.",36,cbt,2025_1,0
130,ipe_industrial,2,2022_1,다음 중 객체지향 언어에 속하는 것은?,ALGOL,COBOL,C,C++,4,C++는 캡슐화·상속·다형성을 지원하는 객체지향 언어입니다. ALGOL·COBOL·C는 절차적(비객체지향) 언어입니다.,37,cbt,2022_1,0
131,ipe_industrial,2,2025_1,다음 중 객체지향 언어에 속하는 것은?,ALGOL,COBOL,C,C++,4,C++는 캡슐화·상속·다형성을 지원하는 객체지향 언어입니다. ALGOL·COBOL·C는 절차적(비객체지향) 언어입니다.,37,cbt,2025_1,0
132,ipe_industrial,2,2022_1,다음 중 커서를 왼쪽으로 한 칸 이동하는 제어문자는?,＼n,＼b,＼t,＼a,2,\b(백스페이스)는 커서를 왼쪽으로 한 칸 이동시키는 제어문자입니다.,38,cbt,2022_1,0
133,ipe_industrial,2,2023_1,다음 중 커서를 왼쪽으로 한 칸 이동하는 제어문자는?,＼n,＼b,＼t,＼a,2,\b(백스페이스)는 커서를 왼쪽으로 한 칸 이동시키는 제어문자입니다.,38,cbt,2023_1,0
134,ipe_industrial,2,2025_2,다음 중 커서를 왼쪽으로 한 칸 이동하는 제어문자는?,＼n,＼b,＼t,＼a,2,\b(백스페이스)는 커서를 왼쪽으로 한 칸 이동시키는 제어문자입니다.,38,cbt,2025_2,0
135,ipe_industrial,2,2022_1,특정 모듈에 대해서 존재하는 처리 요소들 간의 기능적 연관성을 의미하는 것으로 입력이나 에러 처리 같은 유사한 기능을 행하는 요소끼리 하나의 요소로 묶는 응집도는?,기능적 응집도,순차적 응집도,논리적 응집도,절차적 응집도,3,"논리적 응집도는 입력 처리, 에러 처리처럼 유사한 성격의 기능들을 하나의 모듈로 묶었지만 실제 처리 절차상 연관은 없는, 비교적 약한 응집도입니다.",39,cbt,2022_1,0
136,ipe_industrial,2,2023_1,특정 모듈에 대해서 존재하는 처리 요소들 간의 기능적 연관성을 의미하는 것으로 입력이나 에러 처리 같은 유사한 기능을 행하는 요소끼리 하나의 요소로 묶는 응집도는?,교환적 응집도,순차적 응집도,논리적 응집도,절차적 응집도,3,"논리적 응집도는 입력 처리, 에러 처리처럼 유사한 성격의 기능들을 하나의 모듈로 묶었지만 실제 처리 절차상 연관은 없는, 비교적 약한 응집도입니다.",39,cbt,2023_1,0
137,ipe_industrial,2,2024_1,특정 모듈에 대해서 존재하는 처리 요소들 간의 기능적 연관성을 의미하는 것으로 입력이나 에러 처리 같은 유사한 기능을 행하는 요소끼리 하나의 요소로 묶는 응집도는?,교환적 응집도,순차적 응집도,논리적 응집도,절차적 응집도,3,"논리적 응집도는 입력 처리, 에러 처리처럼 유사한 성격의 기능들을 하나의 모듈로 묶었지만 실제 처리 절차상 연관은 없는, 비교적 약한 응집도입니다.",39,cbt,2024_1,0
138,ipe_industrial,2,2024_1,특정 모듈에 대해서 존재하는 처리 요소들 간의 기능적 연관성을 의미하는 것으로 입력이나 에러 처리 같은 유사한 기능을 행하는 요소끼리 하나의 요소로 묶는 응집도는?,기능적 응집도,순차적 응집도,논리적 응집도,절차적 응집도,3,"논리적 응집도는 입력 처리, 에러 처리처럼 유사한 성격의 기능들을 하나의 모듈로 묶었지만 실제 처리 절차상 연관은 없는, 비교적 약한 응집도입니다.",39,cbt,2024_1,0
139,ipe_industrial,2,2022_1,정보 보안의 3대 요소에 해당하지 않는 것은?,휘발성,기밀성,무결성,가용성,1,정보보안 3대 요소(CIA)는 기밀성·무결성·가용성입니다. 휘발성은 여기에 포함되지 않습니다.,40,cbt,2022_1,0
140,ipe_industrial,2,2023_1,정보 보안의 3대 요소에 해당하지 않는 것은?,휘발성,기밀성,무결성,가용성,1,정보보안 3대 요소(CIA)는 기밀성·무결성·가용성입니다. 휘발성은 여기에 포함되지 않습니다.,40,cbt,2023_1,0
141,ipe_industrial,2,2024_1,정보 보안의 3대 요소에 해당하지 않는 것은?,휘발성,기밀성,무결성,가용성,1,정보보안 3대 요소(CIA)는 기밀성·무결성·가용성입니다. 휘발성은 여기에 포함되지 않습니다.,40,cbt,2024_1,0
142,ipe_industrial,2,2024_3,정보 보안의 3대 요소에 해당하지 않는 것은?,휘발성,기밀성,무결성,가용성,1,정보보안 3대 요소(CIA)는 기밀성·무결성·가용성입니다. 휘발성은 여기에 포함되지 않습니다.,40,cbt,2024_3,0
143,ipe_industrial,2,2025_3,정보 보안의 3대 요소에 해당하지 않는 것은?,기밀성,휘발성,무결성,가용성,2,정보보안 3대 요소(CIA)는 기밀성·무결성·가용성입니다. 휘발성은 여기에 포함되지 않습니다.,40,cbt,2025_3,0
144,ipe_industrial,3,2022_1,스택의 응용 분야로 거리가 먼 것은?,서브루틴 호출,인터럽트 처리,수식 계산 및 수식 표기법,운영체제의 작업 스케줄링,4,"운영체제의 작업 스케줄링은 큐(Queue) 구조를 활용합니다. 서브루틴 호출, 인터럽트 처리, 수식 계산은 모두 스택(LIFO)의 대표적인 응용 분야입니다.",41,cbt,2022_1,0
145,ipe_industrial,3,2023_3,스택의 응용 분야로 거리가 먼 것은?,서브루틴 호출,인터럽트 처리,수식 계산 및 수식 표기법,운영체제의 작업 스케줄링,4,"운영체제의 작업 스케줄링은 큐(Queue) 구조를 활용합니다. 서브루틴 호출, 인터럽트 처리, 수식 계산은 모두 스택(LIFO)의 대표적인 응용 분야입니다.",41,cbt,2023_3,0
146,ipe_industrial,3,2026_1,스택의 응용 분야로 거리가 먼 것은?,서브루틴 호출,인터럽트 처리,수식 계산 및 수식 표기법,운영체제의 작업 스케줄링,4,"운영체제의 작업 스케줄링은 큐(Queue) 구조를 활용합니다. 서브루틴 호출, 인터럽트 처리, 수식 계산은 모두 스택(LIFO)의 대표적인 응용 분야입니다.",41,cbt,2026_1,0
147,ipe_industrial,3,2022_1,"3, 5, 6, 8의 순서로 정해진 입력자료를 스택에 입력하였다가 출력한 결과가 될 수 없는 것은?(단, 왼쪽부터 먼저 출력된 순서이 다.)","6, 5, 3, 8","6, 8, 3, 5","5, 3, 8, 6","5, 6, 8, 3",2,"스택은 후입선출(LIFO)이므로 나중에 들어간 것부터 나옵니다. 6,8,3,5는 8을 3보다 먼저 꺼내려면 8이 3보다 나중에 들어가고 먼저 나와야 하는데, 입력 순서(3,5,6,8)상 8이 스택에서 나온 뒤 3,5가 나오려면 3,5가 8보다 먼저 들어가 있어야 하지만 순서상 모순이 생겨 나올 수 없는 출력 순서입니다.",42,cbt,2022_1,0
148,ipe_industrial,3,2023_2,"3, 5, 6, 8의 순서로 정해진 입력자료를 스택에 입력하였다가 출력한 결과가 될 수 없는 것은?(단, 왼쪽부터 먼저 출력된 순서이다.)","6, 5, 3, 8","6, 8, 3, 5","5, 3, 8, 6","5, 6, 8, 3",2,"스택은 후입선출(LIFO)이므로 나중에 들어간 것부터 나옵니다. 6,8,3,5는 8을 3보다 먼저 꺼내려면 8이 3보다 나중에 들어가고 먼저 나와야 하는데, 입력 순서(3,5,6,8)상 8이 스택에서 나온 뒤 3,5가 나오려면 3,5가 8보다 먼저 들어가 있어야 하지만 순서상 모순이 생겨 나올 수 없는 출력 순서입니다.",42,cbt,2023_2,0
149,ipe_industrial,3,2025_2,"3, 5, 6, 8의 순서로 정해진 입력자료를 스택에 입력하였다가 출력한 결과가 될 수 없는 것은?(단, 왼쪽부터 먼저 출력된 순서이다.)","6, 5, 3, 8","6, 8, 3, 5","5, 3, 8, 6","5, 6, 8, 3",2,"스택은 후입선출(LIFO)이므로 나중에 들어간 것부터 나옵니다. 6,8,3,5는 8을 3보다 먼저 꺼내려면 8이 3보다 나중에 들어가고 먼저 나와야 하는데, 입력 순서(3,5,6,8)상 8이 스택에서 나온 뒤 3,5가 나오려면 3,5가 8보다 먼저 들어가 있어야 하지만 순서상 모순이 생겨 나올 수 없는 출력 순서입니다.",42,cbt,2025_2,0
150,ipe_industrial,3,2025_3,"3, 5, 6, 8의 순서로 정해진 입력자료를 스택에 입력하였다가 출력한 결과가 될 수 없는 것은?(단, 왼쪽부터 먼저 출력된 순서이 다.)","6, 5, 3, 8","6, 8, 3, 5","5, 3, 8, 6","5, 6, 8, 3",2,"스택은 후입선출(LIFO)이므로 나중에 들어간 것부터 나옵니다. 6,8,3,5는 8을 3보다 먼저 꺼내려면 8이 3보다 나중에 들어가고 먼저 나와야 하는데, 입력 순서(3,5,6,8)상 8이 스택에서 나온 뒤 3,5가 나오려면 3,5가 8보다 먼저 들어가 있어야 하지만 순서상 모순이 생겨 나올 수 없는 출력 순서입니다.",42,cbt,2025_3,0
151,ipe_industrial,3,2022_1,다음과 같은 그래프에서 간선의 개수는?,2개,4개,6개,8개,3,"그림으로 주어진 그래프의 실제 간선 수는 도식을 직접 세어야 확인할 수 있는 문제로, 텍스트만으로는 재현이 어렵습니다. 그림을 보고 두 정점을 잇는 선의 개수를 세어 확인하세요.",43,cbt,2022_1,0
152,ipe_industrial,3,2022_1,"자료가 다음과 같을 때, 삽입(Insertion) 정렬 방법을 적용하여 오름차순으로 정렬할 경우 Pass 2를 수행한 결과는? 자료 : 8, 3, 4, 9, 7",3 8 4 9 7,3 4 8 9 7,3 4 7 9 8,3 4 7 8 9,2,"삽입 정렬 Pass2는 3번째 원소(4)를 이미 정렬된 앞부분(3,8)에 맞는 위치로 삽입합니다: 8,3,4,9,7 → Pass1(3 삽입) 3,8,4,9,7 → Pass2(4를 3과 8 사이에 삽입) 3,4,8,9,7.",44,cbt,2022_1,0
153,ipe_industrial,3,2024_2,"자료가 다음과 같을 때, 삽입(Insertion) 정렬 방법을 적용하여 오름차 순으로 정렬할 경우 Pass 2를 수행한 결과는? 자료 : 8, 3, 4, 9, 7",3 8 4 9 7,3 4 8 9 7,3 4 7 9 8,3 4 7 8 9,2,"삽입 정렬 Pass2는 3번째 원소(4)를 이미 정렬된 앞부분(3,8)에 맞는 위치로 삽입합니다: 8,3,4,9,7 → Pass1(3 삽입) 3,8,4,9,7 → Pass2(4를 3과 8 사이에 삽입) 3,4,8,9,7.",44,cbt,2024_2,0
154,ipe_industrial,3,2022_1,A → B 이고 B → C 일 때 A → C를 만족하는 종속 관계를 제거하는 정규화 단계는?,1NF → 2NF,2NF → 3NF,3NF → BCNF,비정규 릴레이션 → 1NF,2,"A→B, B→C일 때 A→C가 성립하는 것을 이행적 함수 종속이라 하며, 이를 제거하는 단계가 2NF→3NF입니다.",45,cbt,2022_1,0
155,ipe_industrial,3,2024_1,A → B 이고 B → C 일 때 A → C를 만족하는 종속 관계를 제거하는 정규화 단계는?,1NF → 2NF,2NF → 3NF,3NF → BCNF,비정규 릴레이션 → 1NF,2,"A→B, B→C일 때 A→C가 성립하는 것을 이행적 함수 종속이라 하며, 이를 제거하는 단계가 2NF→3NF입니다.",45,cbt,2024_1,0
156,ipe_industrial,3,2024_3,A → B 이고 B → C 일 때 A → C를 만족하는 종속 관계를 제거하는 정규화 단계는?,1NF → 2NF,2NF → 3NF,3NF → BCNF,비정규 릴레이션 → 1NF,2,"A→B, B→C일 때 A→C가 성립하는 것을 이행적 함수 종속이라 하며, 이를 제거하는 단계가 2NF→3NF입니다.",45,cbt,2024_3,0
157,ipe_industrial,3,2026_1,A → B 이고 B → C 일 때 A → C를 만족하는 종속 관계를 제거하는 정규화 단계는?,1NF → 2NF,2NF → 3NF,3NF → BCNF,비정규 릴레이션 → 1NF,2,"A→B, B→C일 때 A→C가 성립하는 것을 이행적 함수 종속이라 하며, 이를 제거하는 단계가 2NF→3NF입니다.",45,cbt,2026_1,0
158,ipe_industrial,3,2022_1,다음 SQL문을 올바르게 설명한 것은? SELECT * FROM STUDENT WHERE SNAME LIKE ‘홍%’ ;,SNAME이 ‘홍’씨로 시작하면 삭제한다.,SNAME이 ‘홍’씨로 시작되는 튜플을 찾는다.,SNAME이 ‘홍’씨로 시작하면 0으로 치환한다.,SNAME이 ‘홍’씨로 시작되는 튜플을 삭제한다.,2,"LIKE '홍%'은 '홍'으로 시작하는 문자열과 일치하는 튜플을 찾는 검색 조건이며, SELECT 문이므로 삭제나 치환이 아니라 '조회'합니다.",46,cbt,2022_1,0
159,ipe_industrial,3,2023_3,다음 SQL문을 올바르게 설명한 것은? SELECT * FROM STUDENT WHERE SNAME LIKE ‘홍%’ ;,SNAME이 ‘홍’씨로 시작하면 삭제한다.,SNAME이 ‘홍’씨로 시작되는 튜플을 찾는다.,SNAME이 ‘홍’씨로 시작하면 0으로 치환한다.,SNAME이 ‘홍’씨로 시작되는 튜플을 삭제한다.,2,"LIKE '홍%'은 '홍'으로 시작하는 문자열과 일치하는 튜플을 찾는 검색 조건이며, SELECT 문이므로 삭제나 치환이 아니라 '조회'합니다.",46,cbt,2023_3,0
160,ipe_industrial,3,2022_1,다음 중 트랜잭션의 특성인 ACID에 속하지 않는 것은?,Atomicity,Consistency,Integrity,Durability,3,"트랜잭션의 ACID는 Atomicity(원자성), Consistency(일관성), Isolation(독립성), Durability(영속성)입니다. Integrity(무결성)는 ACID 항목이 아닙니다.",47,cbt,2022_1,0
161,ipe_industrial,3,2022_2,다음 중 트랜잭션의 특성인 ACID에 속하지 않는 것은?,Atomicity,Consistency,Isolation,Detection,4,"트랜잭션의 ACID는 Atomicity(원자성), Consistency(일관성), Isolation(독립성), Durability(영속성)입니다. Integrity(무결성)는 ACID 항목이 아닙니다.",47,cbt,2022_2,0
162,ipe_industrial,3,2025_1,다음 중 트랜잭션의 특성인 ACID에 속하지 않는 것은?,Atomicity,Consistency,Integrity,Durability,3,"트랜잭션의 ACID는 Atomicity(원자성), Consistency(일관성), Isolation(독립성), Durability(영속성)입니다. Integrity(무결성)는 ACID 항목이 아닙니다.",47,cbt,2025_1,0
163,ipe_industrial,3,2026_1,다음 중 트랜잭션의 특성인 ACID에 속하지 않는 것은?,Atomicity,Consistency,Isolation,Detection,4,"트랜잭션의 ACID는 Atomicity(원자성), Consistency(일관성), Isolation(독립성), Durability(영속성)입니다. Integrity(무결성)는 ACID 항목이 아닙니다.",47,cbt,2026_1,0
164,ipe_industrial,3,2022_1,다음 중 SQL 정의어에 포함되지 않는 명령어는?,CREATE,SELECT,ALTER,DROP,2,"SELECT는 데이터 조작어(DML)에 해당하며, 데이터 정의어(DDL)가 아닙니다. CREATE·ALTER·DROP이 DDL입니다.",48,cbt,2022_1,0
165,ipe_industrial,3,2022_1,데이터베이스 설계 단계 중 물리적 설계에 대한 설명으로 옳지 않은 것은?,개념적 설계 단계에서 만들어진 정보 구조로부터 특정 목표 DBMS가 처리할 수 있는 스키마를 생성한다.,다양한 데이터베이스 응용에 대해서 처리 성능을 얻기 위해 데이터베이스 파일의 저장 구조 및 액세스 경로를 결정한다.,물리적 저장장치에 저장할 수 있는 물리적 구조의 데이터로 변환하는 과정이다.,"물리적 설계에서 옵션 선택 시 응답시간, 저장 공간의 효율화, 트랜잭션 처리율 등을 고려하여야 한다.",1,'개념적 설계 단계의 정보 구조로부터 목표 DBMS가 처리할 수 있는 스키마를 생성'하는 것은 물리적 설계가 아니라 논리적 설계 단계에 대한 설명입니다.,49,cbt,2022_1,0
166,ipe_industrial,3,2023_2,데이터베이스 설계 단계 중 물리적 설계에 대한 설명으로 옳지 않은 것은?,개념적 설계 단계에서 만들어진 정보 구조로부터 특정 목표 DBMS가 처리할 수 있는 스키마를 생성한다.,다양한 데이터베이스 응용에 대해서 처리 성능을 얻기 위해 데이터베이스 파일의 저장 구조 및 액세스 경로를 결정한다.,물리적 저장장치에 저장할 수 있는 물리적 구조의 데이터로 변환하는 과정이다.,"물리적 설계에서 옵션 선택 시 응답시간, 저장 공간의 효율화, 트랜잭션 처리율 등을 고려하여야 한다.",1,'개념적 설계 단계의 정보 구조로부터 목표 DBMS가 처리할 수 있는 스키마를 생성'하는 것은 물리적 설계가 아니라 논리적 설계 단계에 대한 설명입니다.,49,cbt,2023_2,0
167,ipe_industrial,3,2023_3,데이터베이스 설계 단계 중 물리적 설계에 대한 설명으로 옳지 않은 것은?,개념적 설계 단계에서 만들어진 정보 구조로부터 특정 목표 DBMS가 처리할 수 있는 스키마를 생성한다.,다양한 데이터베이스 응용에 대해서 처리 성능을 얻기 위해 데이터베이스 파일의 저장 구조 및 액세스 경로를 결정한다.,물리적 저장장치에 저장할 수 있는 물리적 구조의 데이터로 변환하는 과정이다.,"물리적 설계에서 옵션 선택 시 응답시간, 저장 공간의 효율화, 트랜잭션 처리율 등을 고려하여야 한다.",1,'개념적 설계 단계의 정보 구조로부터 목표 DBMS가 처리할 수 있는 스키마를 생성'하는 것은 물리적 설계가 아니라 논리적 설계 단계에 대한 설명입니다.,49,cbt,2023_3,0
168,ipe_industrial,3,2025_3,데이터베이스 설계 단계 중 물리적 설계에 대한 설명으로 옳지 않은 것은?,개념적 설계 단계에서 만들어진 정보 구조로부터 특정 목표 DBMS가 처리할 수 있는 스키마를 생성한다.,다양한 데이터베이스 응용에 대해서 처리 성능을 얻기 위해 데이터베이스 파일의 저장 구조 및 액세스 경로를 결정한다.,물리적 저장장치에 저장할 수 있는 물리적 구조의 데이터로 변환하는 과정이다.,"물리적 설계에서 옵션 선택 시 응답시간, 저장 공간의 효율화, 트랜잭션 처리율 등을 고려하여야 한다.",1,'개념적 설계 단계의 정보 구조로부터 목표 DBMS가 처리할 수 있는 스키마를 생성'하는 것은 물리적 설계가 아니라 논리적 설계 단계에 대한 설명입니다.,49,cbt,2025_3,0
169,ipe_industrial,3,2022_1,릴레이션에서 속성의 수와 튜플의 수를 의미하는 것으로 순서대로 옳게 짝지어진 것은?,"CARDINALITY, DEGREE","DOMAIN, DEGREE","DEGREE, CARDINALITY","DEGREE, DOMAIN",3,"속성의 수는 디그리(Degree), 튜플의 수는 카디널리티(Cardinality)라고 합니다.",50,cbt,2022_1,0
170,ipe_industrial,3,2023_2,릴레이션에서 속성의 수와 튜플의 수를 의미하는 것으로 순서대로 옳게 짝지어진 것은?,"CARDINALITY, DEGREE","DOMAIN, DEGREE","DEGREE, CARDINALITY","DEGREE, DOMAIN",3,"속성의 수는 디그리(Degree), 튜플의 수는 카디널리티(Cardinality)라고 합니다.",50,cbt,2023_2,0
171,ipe_industrial,3,2024_2,릴레이션에서 속성의 수와 튜플의 수를 의미하는 것으로 순서대로 옳게 짝지어진 것은?,"CARDINALITY, DEGREE,","DOMAIN, DEGREE","DEGREE, CARDINALITY","DEGREE, DOMAIN",3,"속성의 수는 디그리(Degree), 튜플의 수는 카디널리티(Cardinality)라고 합니다.",50,cbt,2024_2,0
172,ipe_industrial,3,2022_1,릴레이션의 기본키를 구성하는 어떤 속성도 널(Null) 값이나 중복 값을 가질 수 없음을 의미하는 것은?,참조 무결성 제약 조건,정보 무결성 제약 조건,개체 무결성 제약 조건,주소 무결성 제약 조건,3,개체 무결성 제약 조건은 기본키를 구성하는 속성이 Null이나 중복 값을 가질 수 없다는 규정입니다.,51,cbt,2022_1,0
173,ipe_industrial,3,2023_3,릴레이션의 기본키를 구성하는 어떤 속성도 널(Null) 값이나 중복 값을 가질 수 없음을 의미하는 것은?,참조 무결성 제약 조건,정보 무결성 제약 조건,개체 무결성 제약 조건,주소 무결성 제약 조건,3,개체 무결성 제약 조건은 기본키를 구성하는 속성이 Null이나 중복 값을 가질 수 없다는 규정입니다.,51,cbt,2023_3,0
174,ipe_industrial,3,2024_3,릴레이션의 기본키를 구성하는 어떤 속성도 널(Null) 값이나 중복 값을 가질 수 없음을 의미하는 것은?,참조 무결성 제약 조건,정보 무결성 제약 조건,개체 무결성 제약 조건,주소 무결성 제약 조건,3,개체 무결성 제약 조건은 기본키를 구성하는 속성이 Null이나 중복 값을 가질 수 없다는 규정입니다.,51,cbt,2024_3,0
175,ipe_industrial,3,2022_1,"두 릴레이션에 존재하는 튜플의 합집합을 구하되, 결과로 생성된 릴레이션에서 중복되는 튜플은 제거되는 연산은?",UNION,DIFFERENCE,INTERSECTION,CARTESIAN PRODUCT,1,UNION은 두 릴레이션의 합집합을 구하되 중복 튜플을 자동으로 제거하는 집합 연산입니다.,52,cbt,2022_1,0
176,ipe_industrial,3,2022_1,뷰(VIEW)에 대한 설명으로 옳지 않은 것은?,뷰는 하나 이상의 기본 테이블로부터 유도되어 만들어지는 가상 테이블이다.,"삽입, 삭제, 갱신 연산에 제한이 있다.",데이터의 논리적 독립성을 제공한다.,SQL에서 뷰를 생성할 때는 MAKE를 사용한다.,4,뷰는 CREATE VIEW 문으로 생성합니다. MAKE라는 명령어는 SQL에 존재하지 않습니다.,53,cbt,2022_1,0
177,ipe_industrial,3,2022_1,"버블 정렬을 이용한 오름차순 정렬시 다음 자료에 대한 3회전 후의 결과는? 9, 6, 7, 3, 5","3, 5, 6, 7, 9","6, 3, 5, 7, 9","6, 7, 3, 5, 9","9, 7, 6, 5, 3",1,"9,6,7,3,5를 버블 정렬로 1회전(6,7,3,5,9) → 2회전(6,3,5,7,9) → 3회전(3,5,6,7,9)까지 진행하면 3,5,6,7,9가 됩니다.",54,cbt,2022_1,0
178,ipe_industrial,3,2024_1,"버블 정렬을 이용한 오름차순 정렬시 다음 자료에 대한 3회전 후의 결과는? 9, 6, 7, 3, 5","3, 5, 6, 7, 9","6, 3, 5, 7, 9","6, 7, 3, 5, 9","9, 7, 6, 5, 3",1,"9,6,7,3,5를 버블 정렬로 1회전(6,7,3,5,9) → 2회전(6,3,5,7,9) → 3회전(3,5,6,7,9)까지 진행하면 3,5,6,7,9가 됩니다.",54,cbt,2024_1,0
179,ipe_industrial,3,2022_1,"다음 SQL의 실행 결과로 옳은 것은? 거래내역(상호, 금액): 대명금속(255,000), 정금강업(900,000), 효신산업(600,000), 율촌화학(220,000), 한국제지(200,000), 한국화이바(795,000). SQL: SELECT 상호 FROM 거래내역 WHERE 금액 In (SELECT MAX(금액) FROM 거래내역);",대명금속,정금강업,효신산업,율촌화학,2,"MAX(금액)의 부분 질의 결과가 900,000(정금강업)이므로, 바깥 질의는 금액이 900,000인 '정금강업'을 찾습니다.",55,cbt,2022_1,1
180,ipe_industrial,3,2022_1,데이터베이스의 무결성 규정(Integrity Rule)과 관련한 설명으로 틀린 것은?,"무결성 규정에는 데이터가 만족해야 될 제약 조건, 규정을 참 조할 때 사용하는 식별자 등의 요소가 포함될 수 있다.","무결성 규정의 대상으로는 도메인, 키, 종속성 등이 있다.",정식으로 허가 받은 사용자가 아닌 불법적인 사용자에 의한 갱신으로부터 데이터베이스를 보호하기 위한 규정이다.,릴레이션 무결성 규정(Relation Integrity Rules)은 릴레이션 을 조작하는 과정에서의 의미적 관계(Semantic Relationship) 를 명세한 것이다.,3,무결성 규정은 정당한 사용자의 '정상적인' 갱신이라도 데이터 일관성을 해치지 않도록 지키는 제약 조건입니다. '불법적인 사용자로부터 보호'하는 것은 보안(Security)의 영역이지 무결성 규정의 정의가 아닙니다.,56,cbt,2022_1,0
181,ipe_industrial,3,2023_3,데이터베이스의 무결성 규정(Integrity Rule)과 관련한 설명으로 틀린 것은?,"무결성 규정에는 데이터가 만족해야 될 제약 조건, 규정을 참조 할 때 사용하는 식별자 등의 요소가 포함될 수 있다.","무결성 규정의 대상으로는 도메인, 키, 종속성 등이 있다.",정식으로 허가 받은 사용자가 아닌 불법적인 사용자에 의한 갱신으로부터 데이터베이스를 보호하기 위한 규정이다.,릴레이션 무결성 규정(Relation Integrity Rules)은 릴레이션을 조작하는 과정에서의 의미적 관계(Semantic Relationship)를 명세한 것이다.,3,무결성 규정은 정당한 사용자의 '정상적인' 갱신이라도 데이터 일관성을 해치지 않도록 지키는 제약 조건입니다. '불법적인 사용자로부터 보호'하는 것은 보안(Security)의 영역이지 무결성 규정의 정의가 아닙니다.,56,cbt,2023_3,0
182,ipe_industrial,3,2022_1,정규화 과정 중 2NF에서 3NF로 진행시의 작업에 해당하는 것은?,부분적 함수 종속 제거,결정자이면서 후보 키가 아닌 것 제거,이행적 함수 종속 제거,다치 종속 제거,3,2NF에서 3NF로 갈 때는 이행적 함수 종속을 제거합니다.,57,cbt,2022_1,0
183,ipe_industrial,3,2022_1,SQL의 데이터 조작문(DML)에 해당하는 것은?,CREATE,INSERT,ALTER,DROP,2,INSERT는 데이터를 조작(삽입)하는 DML 명령어입니다. CREATE·ALTER·DROP은 DDL입니다.,58,cbt,2022_1,0
184,ipe_industrial,3,2022_3,SQL의 데이터 조작문(DML)에 해당하는 것은?,CREATE,INSERT,ALTER,DROP,2,INSERT는 데이터를 조작(삽입)하는 DML 명령어입니다. CREATE·ALTER·DROP은 DDL입니다.,58,cbt,2022_3,0
185,ipe_industrial,3,2024_1,SQL의 데이터 조작문(DML)에 해당하는 것은?,CREATE,INSERT,ALTER,DROP,2,INSERT는 데이터를 조작(삽입)하는 DML 명령어입니다. CREATE·ALTER·DROP은 DDL입니다.,58,cbt,2024_1,0
186,ipe_industrial,3,2026_1,SQL의 데이터 조작문(DML)에 해당하는 것은?,CREATE,INSERT,ALTER,DROP,2,INSERT는 데이터를 조작(삽입)하는 DML 명령어입니다. CREATE·ALTER·DROP은 DDL입니다.,58,cbt,2026_1,0
187,ipe_industrial,3,2022_1,다음에 해당하는 트랜잭션(ACID)의 특성은? 둘 이상의 트랜잭션이 동시에 병행 실행되는 경우 어느 하나의 트랜잭션 실행 중에 다른 트랜잭션의 연산이 끼어 들 수 없다.,Atomicity,Consistency,Isolation,Durability,3,Isolation(독립성)은 여러 트랜잭션이 동시에 실행되어도 서로의 연산이 끼어들지 못하게 하는 특성입니다.,59,cbt,2022_1,0
188,ipe_industrial,3,2024_1,다음에 해당하는 트랜잭션(ACID)의 특성은? 둘 이상의 트랜잭션이 동시에 병행 실행되는 경우 어느 하나의 트랜잭션 실행 중에 다른 트랜잭션의 연산이 끼어 들 수 없다.,Atomicity,Consistency,Isolation,Durability,3,Isolation(독립성)은 여러 트랜잭션이 동시에 실행되어도 서로의 연산이 끼어들지 못하게 하는 특성입니다.,59,cbt,2024_1,0
189,ipe_industrial,3,2024_3,다음에 해당하는 트랜잭션(ACID)의 특성은? 둘 이상의 트랜잭션이 동시에 병행 실행되는 경우 어느 하나의 트랜잭션 실행 중에 다른 트랜잭션의 연산이 끼어 들 수 없다.,Atomicity,Consistency,Isolation,Durability,3,Isolation(독립성)은 여러 트랜잭션이 동시에 실행되어도 서로의 연산이 끼어들지 못하게 하는 특성입니다.,59,cbt,2024_3,0
190,ipe_industrial,3,2022_1,시스템 카탈로그에 대한 설명으로 틀린 것은?,시스템 자신이 필요로 하는 스키마 및 여러 가지 객체에 관한 정보를 포함하고 있는 시스템 데이터베이스이다.,시스템 카탈로그에 저장되는 내용을 메타 데이터라고 한다.,데이터 사전이라고도 한다.,일반 사용자는 시스템 테이블의 내용을 검색할 수 없다.,4,일반 사용자도 SELECT 문으로 시스템 카탈로그의 내용을 '조회'할 수 있습니다(다만 직접 갱신은 불가능). '검색할 수 없다'는 설명이 틀렸습니다.,60,cbt,2022_1,0
191,ipe_industrial,3,2023_2,시스템 카탈로그에 대한 설명으로 틀린 것은?,시스템 자신이 필요로 하는 스키마 및 여러 가지 객체에 관한 정보를 포함하고 있는 시스템 데이터베이스이다.,시스템 카탈로그에 저장되는 내용을 메타 데이터라고 한다.,데이터 사전이라고도 한다.,일반 사용자는 시스템 테이블의 내용을 검색할 수 없다.,4,일반 사용자도 SELECT 문으로 시스템 카탈로그의 내용을 '조회'할 수 있습니다(다만 직접 갱신은 불가능). '검색할 수 없다'는 설명이 틀렸습니다.,60,cbt,2023_2,0
192,ipe_industrial,3,2024_1,시스템 카탈로그에 대한 설명으로 틀린 것은?,시스템 자신이 필요로 하는 스키마 및 여러 가지 객체에 관한 정보를 포함하고 있는 시스템 데이터베이스이다.,시스템 카탈로그에 저장되는 내용을 메타 데이터라고 한다.,데이터 사전이라고도 한다.,일반 사용자는 시스템 테이블의 내용을 검색할 수 없다.,4,일반 사용자도 SELECT 문으로 시스템 카탈로그의 내용을 '조회'할 수 있습니다(다만 직접 갱신은 불가능). '검색할 수 없다'는 설명이 틀렸습니다.,60,cbt,2024_1,0
193,ipe_industrial,3,2025_3,시스템 카탈로그에 대한 설명으로 틀린 것은?,시스템 자신이 필요로 하는 스키마 및 여러 가지 객체에 관한 정보를 포함하고 있는 시스템 데이터베이스이다.,시스템 카탈로그에 저장되는 내용을 메타 데이터라고 한다.,데이터 사전이라고도 한다.,일반 사용자는 시스템 테이블의 내용을 검색할 수 없다.,4,일반 사용자도 SELECT 문으로 시스템 카탈로그의 내용을 '조회'할 수 있습니다(다만 직접 갱신은 불가능). '검색할 수 없다'는 설명이 틀렸습니다.,60,cbt,2025_3,0
194,ipe_industrial,3,2026_1,시스템 카탈로그에 대한 설명으로 틀린 것은?,시스템 자신이 필요로 하는 스키마 및 여러 가지 객체에 관한 정보를 포함하고 있는 시스템 데이터베이스이다.,시스템 카탈로그에 저장되는 내용을 메타 데이터라고 한다.,데이터 사전이라고도 한다.,일반 사용자는 시스템 테이블의 내용을 검색할 수 없다.,4,일반 사용자도 SELECT 문으로 시스템 카탈로그의 내용을 '조회'할 수 있습니다(다만 직접 갱신은 불가능). '검색할 수 없다'는 설명이 틀렸습니다.,60,cbt,2026_1,0
195,ipe_industrial,1,2022_2,정보 전송 시에 발생하는 오류의 검색 및 정정이 용이하도록 된 코드는?,Excess-3 code,Hamming code,Gray code,Biquinary Code,2,해밍 코드(Hamming code)는 오류 검출과 정정이 모두 가능한 코드입니다.,61,cbt,2022_2,0
196,ipe_industrial,1,2026_1,정보 전송 시에 발생하는 오류의 검색 및 정정이 용이하도록 된 코드는?,Excess-3 code,Hamming code,Gray code,Biquinary Code,2,해밍 코드(Hamming code)는 오류 검출과 정정이 모두 가능한 코드입니다.,61,cbt,2026_1,0
197,ipe_industrial,1,2022_2,라우팅 프로토콜 중 Distance Vector 방식이 아닌 것은?,RIP,BGP,EIGRP,OSPF,4,"OSPF는 링크 상태(Link State) 방식이며, RIP·BGP·EIGRP는 거리 벡터(Distance Vector) 계열입니다(엄밀히 BGP는 경로 벡터지만 이 문제 맥락상 거리 벡터 계열로 분류). 따라서 Distance Vector가 아닌 것은 OSPF입니다.",62,cbt,2022_2,0
198,ipe_industrial,1,2025_2,라우팅 프로토콜 중 Distance Vector 방식이 아닌 것은?,RIP,BGP,EIGRP,OSPF,4,"OSPF는 링크 상태(Link State) 방식이며, RIP·BGP·EIGRP는 거리 벡터(Distance Vector) 계열입니다(엄밀히 BGP는 경로 벡터지만 이 문제 맥락상 거리 벡터 계열로 분류). 따라서 Distance Vector가 아닌 것은 OSPF입니다.",62,cbt,2025_2,0
199,ipe_industrial,1,2022_2,"OSI 7 계층 중에서 다음 설명에 해당하는 계층은? ㆍ경로 설정, 트래픽 제어 기능 ㆍ네트워크 연결을 설정, 유지, 해제하는 기능",세션 계층,응용 계층,네트워크 계층,표현 계층,3,"네트워크 계층은 경로 설정(라우팅), 트래픽 제어, 논리 주소를 이용한 연결 설정·유지·해제 기능을 담당합니다.",63,cbt,2022_2,0
200,ipe_industrial,1,2023_3,"OSI 7 계층 중에서 다음 설명에 해당하는 계층은? ㆍ경로 설정, 트래픽 제어 기능 ㆍ네트워크 연결을 설정, 유지, 해제하는 기능",세션 계층,응용 계층,네트워크 계층,표현 계층,3,"네트워크 계층은 경로 설정(라우팅), 트래픽 제어, 논리 주소를 이용한 연결 설정·유지·해제 기능을 담당합니다.",63,cbt,2023_3,0
201,ipe_industrial,1,2024_3,"OSI 7 계층 중에서 다음 설명에 해당하는 계층은? ㆍ경로 설정, 트래픽 제어 기능 ㆍ네트워크 연결을 설정, 유지, 해제하는 기능",세션 계층,응용 계층,네트워크 계층,표현 계층,3,"네트워크 계층은 경로 설정(라우팅), 트래픽 제어, 논리 주소를 이용한 연결 설정·유지·해제 기능을 담당합니다.",63,cbt,2024_3,0
202,ipe_industrial,1,2022_2,프로세스의 정의로 적당하지 않은 것은?,실행중인 프로그램,프로세서가 할당되는 개체,운영체제 내에 프로세스 제어 블록의 존재로서 명시되는 것,하드웨어에 의해 사용되는 입출력 장치,4,"프로세스는 실행 중인 프로그램, PCB로 관리되는 개체, 프로세서가 할당되는 개체입니다. 입출력 장치는 하드웨어 자원이지 프로세스의 정의가 아닙니다.",64,cbt,2022_2,0
203,ipe_industrial,1,2024_3,프로세스의 정의로 적당하지 않은 것은?,실행중인 프로그램,프로세서가 할당되는 개체,운영체제 내에 프로세스 제어 블록의 존재로서 명시되는 것,하드웨어에 의해 사용되는 입출력 장치,4,"프로세스는 실행 중인 프로그램, PCB로 관리되는 개체, 프로세서가 할당되는 개체입니다. 입출력 장치는 하드웨어 자원이지 프로세스의 정의가 아닙니다.",64,cbt,2024_3,0
204,ipe_industrial,1,2022_2,오류가 발생한 코드를 추적하여 수정하는 작업은?,Loading,Linking,Debugging,Hashing,3,Debugging(디버깅)은 테스트로 발견된 오류의 원인이 되는 코드를 추적해 수정하는 작업입니다.,65,cbt,2022_2,0
205,ipe_industrial,1,2025_1,오류가 발생한 코드를 추적하여 수정하는 작업은?,Loading,Linking,Debugging,Hashing,3,Debugging(디버깅)은 테스트로 발견된 오류의 원인이 되는 코드를 추적해 수정하는 작업입니다.,65,cbt,2025_1,0
206,ipe_industrial,1,2022_2,디자인 패턴 중 Singleton에 대한 설명으로 옳은 것은?,"하나의 객체를 생성하면 생성된 객체를 어디서든 참조할 수 있지만, 여러 프로세스가 동시에 참조할 수는 없는 패턴이다.",원본 객체를 복제하는 방법으로 객체를 생성하는 패턴이다.,여러 객체를 가진 복합 객체와 단일 객체를 구분 없이 다루고 자 할 때 사용하는 패턴이다.,수많은 객체들 간의 복잡한 상호작용을 캡슐화하여 객체로 정의하는 패턴이다.,1,"싱글톤(Singleton) 패턴은 객체를 하나만 생성해 어디서든 참조할 수 있게 하되, 동시에 여러 프로세스가 값을 변경하지 못하도록 하는 생성 패턴입니다.",66,cbt,2022_2,0
207,ipe_industrial,1,2023_3,디자인 패턴 중 Singleton에 대한 설명으로 옳은 것은?,"하나의 객체를 생성하면 생성된 객체를 어디서든 참조할 수 있지만, 여러 프로세스가 동시에 참조할 수는 없는 패턴이다.",원본 객체를 복제하는 방법으로 객체를 생성하는 패턴이다.,여러 객체를 가진 복합 객체와 단일 객체를 구분 없이 다루고자 할 때 사용하는 패턴이다.,수많은 객체들 간의 복잡한 상호작용을 캡슐화하여 객체로 정 의하는 패턴이다.,1,"싱글톤(Singleton) 패턴은 객체를 하나만 생성해 어디서든 참조할 수 있게 하되, 동시에 여러 프로세스가 값을 변경하지 못하도록 하는 생성 패턴입니다.",66,cbt,2023_3,0
208,ipe_industrial,1,2025_1,디자인 패턴 중 Singleton에 대한 설명으로 옳은 것은?,"하나의 객체를 생성하면 생성된 객체를 어디서든 참조할 수 있지만, 여러 프로세스가 동시에 참조할 수는 없는 패턴이다.",원본 객체를 복제하는 방법으로 객체를 생성하는 패턴이다.,여러 객체를 가진 복합 객체와 단일 객체를 구분 없이 다루고자 할 때 사용하는 패턴이다.,수많은 객체들 간의 복잡한 상호작용을 캡슐화하여 객체로 정 의하는 패턴이다.,1,"싱글톤(Singleton) 패턴은 객체를 하나만 생성해 어디서든 참조할 수 있게 하되, 동시에 여러 프로세스가 값을 변경하지 못하도록 하는 생성 패턴입니다.",66,cbt,2025_1,0
209,ipe_industrial,1,2025_3,디자인 패턴 중 Singleton에 대한 설명으로 옳은 것은?,"하나의 객체를 생성하면 생성된 객체를 어디서든 참조할 수 있지만, 여러 프로세스가 동시에 참조할 수는 없는 패턴이다.",원본 객체를 복제하는 방법으로 객체를 생성하는 패턴이다.,여러 객체를 가진 복합 객체와 단일 객체를 구분 없이 다루고 자 할 때 사용하는 패턴이다.,수많은 객체들 간의 복잡한 상호작용을 캡슐화하여 객체로 정의하는 패턴이다.,1,"싱글톤(Singleton) 패턴은 객체를 하나만 생성해 어디서든 참조할 수 있게 하되, 동시에 여러 프로세스가 값을 변경하지 못하도록 하는 생성 패턴입니다.",66,cbt,2025_3,0
210,ipe_industrial,1,2022_2,다음 중 빌드 자동화 도구가 아닌 것은?,Fedora,Gradle,Jenkins,Maven,1,"Fedora는 리눅스 배포판(운영체제)이며, Gradle·Maven·Jenkins는 빌드 자동화 도구입니다.",67,cbt,2022_2,0
211,ipe_industrial,1,2023_1,다음 중 빌드 자동화 도구가 아닌 것은?,Fedora,Gradle,Jenkins,Maven,1,"Fedora는 리눅스 배포판(운영체제)이며, Gradle·Maven·Jenkins는 빌드 자동화 도구입니다.",67,cbt,2023_1,0
212,ipe_industrial,1,2024_1,다음 중 빌드 자동화 도구가 아닌 것은?,Fedora,Gradle,Jenkins,Maven,1,"Fedora는 리눅스 배포판(운영체제)이며, Gradle·Maven·Jenkins는 빌드 자동화 도구입니다.",67,cbt,2024_1,0
213,ipe_industrial,1,2025_1,다음 중 빌드 자동화 도구가 아닌 것은?,Fedora,Gradle,Jenkins,Maven,1,"Fedora는 리눅스 배포판(운영체제)이며, Gradle·Maven·Jenkins는 빌드 자동화 도구입니다.",67,cbt,2025_1,0
214,ipe_industrial,1,2025_3,다음 중 빌드 자동화 도구가 아닌 것은?,Fedora,Gradle,Jenkins,Maven,1,"Fedora는 리눅스 배포판(운영체제)이며, Gradle·Maven·Jenkins는 빌드 자동화 도구입니다.",67,cbt,2025_3,0
215,ipe_industrial,1,2026_1,다음 중 빌드 자동화 도구가 아닌 것은?,Fedora,Gradle,Jenkins,Maven,1,"Fedora는 리눅스 배포판(운영체제)이며, Gradle·Maven·Jenkins는 빌드 자동화 도구입니다.",67,cbt,2026_1,0
216,ipe_industrial,1,2022_2,"개별 모듈을 시험하는 것으로 모듈이 정확하게 구현되었는지, 예정한 기능이 제대로 수행되는지를 점검하는 것이 주 목적인 테스트는?",통합 테스트,단위 테스트,인수 테스트,시스템 테스트,2,단위 테스트(Unit Test)는 개별 모듈이 정확히 구현되어 의도한 기능을 수행하는지 점검하는 가장 작은 단위의 테스트입니다.,68,cbt,2022_2,0
217,ipe_industrial,1,2023_2,"개별 모듈을 시험하는 것으로 모듈이 정확하게 구현되었는지, 예정 한 기능이 제대로 수행되는지를 점검하는 것이 주 목적인 테스트는?",통합 테스트,단위 테스트,인수 테스트,시스템 테스트,2,단위 테스트(Unit Test)는 개별 모듈이 정확히 구현되어 의도한 기능을 수행하는지 점검하는 가장 작은 단위의 테스트입니다.,68,cbt,2023_2,0
218,ipe_industrial,1,2025_3,"개별 모듈을 시험하는 것으로 모듈이 정확하게 구현되었는지, 예정한 기능이 제대로 수행되는지를 점검하는 것이 주 목적인 테스트는?",통합 테스트,단위 테스트,인수 테스트,시스템 테스트,2,단위 테스트(Unit Test)는 개별 모듈이 정확히 구현되어 의도한 기능을 수행하는지 점검하는 가장 작은 단위의 테스트입니다.,68,cbt,2025_3,0
219,ipe_industrial,1,2022_2,자원 보호 기법 중 접근 제어 행렬에서 수평으로 있는 각 행들만을 따온 것으로서 각 영역에 대한 권한은 객체와 그 객체에 허용된 연산자로 구성되는 것은?,Global Table,Access Control List,Capability List,Lock/Key,3,"권한 리스트(Capability List)는 접근 제어 행렬을 '행(사용자/영역)' 기준으로 구성해, 각 영역이 어떤 객체에 어떤 권한을 갖는지 표현하는 기법입니다.",69,cbt,2022_2,0
220,ipe_industrial,1,2024_1,자원 보호 기법 중 접근 제어 행렬에서 수평으로 있는 각 행들만을 따온 것으로서 각 영역에 대한 권한은 객체와 그 객체에 허용된 연산자로 구성되는 것은?,Global Table,Access Control List,Capability List,Lock/Key,3,"권한 리스트(Capability List)는 접근 제어 행렬을 '행(사용자/영역)' 기준으로 구성해, 각 영역이 어떤 객체에 어떤 권한을 갖는지 표현하는 기법입니다.",69,cbt,2024_1,0
221,ipe_industrial,1,2025_1,자원 보호 기법 중 접근 제어 행렬에서 수평으로 있는 각 행들만을 따온 것으로서 각 영역에 대한 권한은 객체와 그 객체에 허용된 연산자로 구성되는 것은?,Global Table,Access Control List,Capability List,Lock/Key,3,"권한 리스트(Capability List)는 접근 제어 행렬을 '행(사용자/영역)' 기준으로 구성해, 각 영역이 어떤 객체에 어떤 권한을 갖는지 표현하는 기법입니다.",69,cbt,2025_1,0
222,ipe_industrial,1,2022_2,사용자 인터페이스 설계를 위한 인간공학적 원리에 포함되지 않는 것은?,지름길을 제공한다.,작업의 진행 상황을 알려준다.,일관된 인터페이스를 가진다.,사용자의 비전문성을 인정하지 않는다.,4,"사용자 인터페이스 설계의 인간공학적 원리는 사용자의 비전문성을 '고려'해 쉽게 설계하는 것이지, 이를 인정하지 않는 것이 아닙니다.",70,cbt,2022_2,0
223,ipe_industrial,1,2026_1,사용자 인터페이스 설계를 위한 인간공학적 원리에 포함되지 않는 것은?,지름길을 제공한다.,작업의 진행 상황을 알려준다.,일관된 인터페이스를 가진다.,사용자의 비전문성을 인정하지 않는다.,4,"사용자 인터페이스 설계의 인간공학적 원리는 사용자의 비전문성을 '고려'해 쉽게 설계하는 것이지, 이를 인정하지 않는 것이 아닙니다.",70,cbt,2026_1,0
224,ipe_industrial,1,2022_2,소프트웨어 형상 관리에서 관리 항목에 포함되지 않는 것은?,프로젝트 개발 비용,소스 코드,운영 및 설치 지침서,프로젝트 요구 분석서,1,"형상 관리 대상은 소스 코드, 요구 분석서, 설치 지침서 등 소프트웨어 산출물입니다. 프로젝트 개발 비용은 형상 관리 항목이 아닙니다.",71,cbt,2022_2,0
225,ipe_industrial,1,2022_2,데이터 전송 방식 중 패킷 교환 방식에 대한 설명으로 틀린 것은?,가상 회선 방식과 데이터그램 방식이 있다.,전송에 실패한 패킷의 경우 재전송이 가능하다.,패킷 단위로 헤더를 추가하므로 패킷별 오버헤드가 발생한다.,실시간 전송이나 대량의 데이터 전송에 적합하다.,4,"패킷 교환 방식은 짧은 메시지·대화형 트래픽에 적합하며, 실시간·대용량 전송에는 회선 교환 방식이 더 적합합니다.",72,cbt,2022_2,0
226,ipe_industrial,1,2024_1,데이터 전송 방식 중 패킷 교환 방식에 대한 설명으로 틀린 것은?,가상 회선 방식과 데이터그램 방식이 있다.,전송에 실패한 패킷의 경우 재전송이 가능하다.,패킷 단위로 헤더를 추가하므로 패킷별 오버헤드가 발생한다.,실시간 전송이나 대량의 데이터 전송에 적합하다.,4,"패킷 교환 방식은 짧은 메시지·대화형 트래픽에 적합하며, 실시간·대용량 전송에는 회선 교환 방식이 더 적합합니다.",72,cbt,2024_1,0
227,ipe_industrial,1,2024_3,데이터 전송 방식 중 패킷 교환 방식에 대한 설명으로 틀린 것은?,가상 회선 방식과 데이터그램 방식이 있다.,전송에 실패한 패킷의 경우 재전송이 가능하다.,패킷 단위로 헤더를 추가하므로 패킷별 오버헤드가 발생한다.,실시간 전송이나 대량의 데이터 전송에 적합하다.,4,"패킷 교환 방식은 짧은 메시지·대화형 트래픽에 적합하며, 실시간·대용량 전송에는 회선 교환 방식이 더 적합합니다.",72,cbt,2024_3,0
228,ipe_industrial,1,2022_2,"다음 괄호에 들어갈 알맞은 용어는? (     )는 구체 클래스에서 구현하려는 기능들의 공통점만 을 모은 것으로, 인스턴스 생성이 불가능하여 구체 클래 스가 (     )를 상속받아 구체화한 후 구체 클래스의 인스 턴스를 생성하는 방식으로 사용한다.",서브 클래스,제어 클래스,추상 클래스,조상 클래스,3,"추상 클래스는 구체 클래스들이 구현할 기능의 공통점만 모아 놓은 것으로 그 자체로는 인스턴스를 생성할 수 없고, 하위 클래스가 상속받아 구체화한 뒤 인스턴스를 생성합니다.",73,cbt,2022_2,0
229,ipe_industrial,1,2023_3,"다음 괄호에 들어갈 알맞은 용어는? (     )는 구체 클래스에서 구현하려는 기능들의 공통점만 을 모은 것으로, 인스턴스 생성이 불가능하여 구체 클래 스가 (     )를 상속받아 구체화한 후 구체 클래스의 인스 턴스를 생성하는 방식으로 사용한다.",서브 클래스,제어 클래스,추상 클래스,조상 클래스,3,"추상 클래스는 구체 클래스들이 구현할 기능의 공통점만 모아 놓은 것으로 그 자체로는 인스턴스를 생성할 수 없고, 하위 클래스가 상속받아 구체화한 뒤 인스턴스를 생성합니다.",73,cbt,2023_3,0
230,ipe_industrial,1,2024_2,"다음 괄호에 들어갈 알맞은 용어는? (     )는 구체 클래스에서 구현하려는 기능들의 공통점만 을 모은 것으로, 인스턴스 생성이 불가능하여 구체 클래 스가 (     )를 상속받아 구체화한 후 구체 클래스의 인스 턴스를 생성하는 방식으로 사용한다.",서브 클래스,제어 클래스,추상 클래스,조상 클래스,3,"추상 클래스는 구체 클래스들이 구현할 기능의 공통점만 모아 놓은 것으로 그 자체로는 인스턴스를 생성할 수 없고, 하위 클래스가 상속받아 구체화한 뒤 인스턴스를 생성합니다.",73,cbt,2024_2,0
231,ipe_industrial,1,2026_1,"다음 괄호에 들어갈 알맞은 용어는? (     )는 구체 클래스에서 구현하려는 기능들의 공통점만 을 모은 것으로, 인스턴스 생성이 불가능하여 구체 클래 스가 (     )를 상속받아 구체화한 후 구체 클래스의 인스 턴스를 생성하는 방식으로 사용한다.",서브 클래스,제어 클래스,추상 클래스,조상 클래스,3,"추상 클래스는 구체 클래스들이 구현할 기능의 공통점만 모아 놓은 것으로 그 자체로는 인스턴스를 생성할 수 없고, 하위 클래스가 상속받아 구체화한 뒤 인스턴스를 생성합니다.",73,cbt,2026_1,0
232,ipe_industrial,1,2022_2,교착상태의 필요 조건에 해당하지 않는 것은?,Mutual Execlusion,Hold and Wait,Circular Wait,Preemption,4,"교착상태의 4대 필요조건은 상호 배제, 점유와 대기, 비선점(Non-preemption), 환형 대기입니다. Preemption(선점)이 가능하면 교착상태가 발생하지 않으므로 필요조건이 아닙니다.",74,cbt,2022_2,0
233,ipe_industrial,1,2023_3,교착상태의 필요 조건에 해당하지 않는 것은?,Mutual Execlusion,Hold and Wait,Circular Wait,Preemption,4,"교착상태의 4대 필요조건은 상호 배제, 점유와 대기, 비선점(Non-preemption), 환형 대기입니다. Preemption(선점)이 가능하면 교착상태가 발생하지 않으므로 필요조건이 아닙니다.",74,cbt,2023_3,0
234,ipe_industrial,1,2025_2,교착상태의 필요 조건에 해당하지 않는 것은?,Mutual Execlusion,Hold and Wait,Circular Wait,Preemption,4,"교착상태의 4대 필요조건은 상호 배제, 점유와 대기, 비선점(Non-preemption), 환형 대기입니다. Preemption(선점)이 가능하면 교착상태가 발생하지 않으므로 필요조건이 아닙니다.",74,cbt,2025_2,0
235,ipe_industrial,1,2022_2,운영체제의 발달 과정 순서를 옳게 나열한 것은? ㉮ 일괄 처리 시스템 ㉯ 분산 처리 시스템 ㉰ 다중 모드(Mode) 시스템 ㉱ 시분할 시스템,㉮ → ㉱ → ㉰ → ㉯,㉰ → ㉯ → ㉱ → ㉮,㉮ → ㉰ → ㉱ → ㉯,㉰ → ㉱ → ㉯ → ㉮,1,운영체제는 일괄 처리 → 다중 모드(다중 프로그래밍) → 시분할 → 분산 처리 순서로 발전했습니다.,75,cbt,2022_2,0
236,ipe_industrial,1,2025_1,운영체제의 발달 과정 순서를 옳게 나열한 것은? ㉮ 일괄 처리 시스템 ㉯ 분산 처리 시스템 ㉰ 다중 모드(Mode) 시스템 ㉱ 시분할 시스템,㉮ → ㉱ → ㉰ → ㉯,㉰ → ㉯ → ㉱ → ㉮,㉮ → ㉰ → ㉱ → ㉯,㉰ → ㉱ → ㉯ → ㉮,1,운영체제는 일괄 처리 → 다중 모드(다중 프로그래밍) → 시분할 → 분산 처리 순서로 발전했습니다.,75,cbt,2025_1,0
237,ipe_industrial,1,2022_2,X.25는 ITU-T 표준으로 호스트 시스템과 패킷 교환망 간 인터페이 스를 규정하고 있다. 이 기능에 포함되지 않는 것은?,전송 계층,물리 계층,프레임 계층,패킷 계층,1,"X.25는 물리 계층·프레임(링크) 계층·패킷 계층 3개 계층으로 규정되며, 전송 계층은 X.25의 규정 범위에 포함되지 않습니다.",76,cbt,2022_2,0
238,ipe_industrial,1,2023_2,X.25는 ITU-T 표준으로 호스트 시스템과 패킷 교환망 간 인터페이스 를 규정하고 있다. 이 기능에 포함되지 않는 것은?,전송 계층,물리 계층,프레임 계층,패킷 계층,1,"X.25는 물리 계층·프레임(링크) 계층·패킷 계층 3개 계층으로 규정되며, 전송 계층은 X.25의 규정 범위에 포함되지 않습니다.",76,cbt,2023_2,0
239,ipe_industrial,1,2023_3,X.25는 ITU-T 표준으로 호스트 시스템과 패킷 교환망 간 인터페이스 를 규정하고 있다. 이 기능에 포함되지 않는 것은?,전송 계층,물리 계층,프레임 계층,패킷 계층,1,"X.25는 물리 계층·프레임(링크) 계층·패킷 계층 3개 계층으로 규정되며, 전송 계층은 X.25의 규정 범위에 포함되지 않습니다.",76,cbt,2023_3,0
240,ipe_industrial,1,2025_2,X.25는 ITU-T 표준으로 호스트 시스템과 패킷 교환망 간 인터페이스 를 규정하고 있다. 이 기능에 포함되지 않는 것은?,전송 계층,물리 계층,프레임 계층,패킷 계층,1,"X.25는 물리 계층·프레임(링크) 계층·패킷 계층 3개 계층으로 규정되며, 전송 계층은 X.25의 규정 범위에 포함되지 않습니다.",76,cbt,2025_2,0
241,ipe_industrial,1,2025_3,X.25는 ITU-T 표준으로 호스트 시스템과 패킷 교환망 간 인터페이 스를 규정하고 있다. 이 기능에 포함되지 않는 것은?,물리 계층,프레임 계층,패킷 계층,전송 계층,4,"X.25는 물리 계층·프레임(링크) 계층·패킷 계층 3개 계층으로 규정되며, 전송 계층은 X.25의 규정 범위에 포함되지 않습니다.",76,cbt,2025_3,0
242,ipe_industrial,2,2022_2,자바스크립트의 Windows 객체에서 사용자로부터 데이터를 입력 받을 수 있는 메소드는?,prompt,alert,confirm,messagebox,1,"prompt()는 사용자로부터 텍스트를 입력받는 Windows 객체의 메소드입니다. alert()는 입력 없이 메시지만 표시, confirm()은 확인/취소만 선택합니다.",77,cbt,2022_2,0
243,ipe_industrial,2,2024_3,자바스크립트의 Windows 객체에서 사용자로부터 데이터를 입력 받을 수 있는 메소드는?,prompt,alert,confirm,messagebox,1,"prompt()는 사용자로부터 텍스트를 입력받는 Windows 객체의 메소드입니다. alert()는 입력 없이 메시지만 표시, confirm()은 확인/취소만 선택합니다.",77,cbt,2024_3,0
244,ipe_industrial,2,2025_1,자바스크립트의 Windows 객체에서 사용자로부터 데이터를 입력 받을 수 있는 메소드는?,prompt,alert,confirm,messagebox,1,"prompt()는 사용자로부터 텍스트를 입력받는 Windows 객체의 메소드입니다. alert()는 입력 없이 메시지만 표시, confirm()은 확인/취소만 선택합니다.",77,cbt,2025_1,0
245,ipe_industrial,2,2022_2,"시스템 기능이나 설계, 구현 단계에서의 문제점 등으로 인해 시스템 이 가지게 되는 보안 취약점을 가리키는 용어는?",Vulnerability,Security,Dependability,Reliability,1,Vulnerability(취약점)는 설계·구현 단계의 결함으로 인해 시스템이 갖게 되는 보안 약점을 의미합니다.,78,cbt,2022_2,0
246,ipe_industrial,2,2023_1,"시스템 기능이나 설계, 구현 단계에서의 문제점 등으로 인해 시스템 이 가지게 되는 보안 취약점을 가리키는 용어는?",Vulnerability,Security,Dependability,Reliability,1,Vulnerability(취약점)는 설계·구현 단계의 결함으로 인해 시스템이 갖게 되는 보안 약점을 의미합니다.,78,cbt,2023_1,0
247,ipe_industrial,2,2023_2,"시스템 기능이나 설계, 구현 단계에서의 문제점 등으로 인해 시스템 이 가지게 되는 보안 취약점을 가리키는 용어는?",Vulnerability,Security,Dependability,Reliability,1,Vulnerability(취약점)는 설계·구현 단계의 결함으로 인해 시스템이 갖게 되는 보안 약점을 의미합니다.,78,cbt,2023_2,0
248,ipe_industrial,2,2023_3,"시스템 기능이나 설계, 구현 단계에서의 문제점 등으로 인해 시스템 이 가지게 되는 보안 취약점을 가리키는 용어는?",Vulnerability,Security,Dependability,Reliability,1,Vulnerability(취약점)는 설계·구현 단계의 결함으로 인해 시스템이 갖게 되는 보안 약점을 의미합니다.,78,cbt,2023_3,0
249,ipe_industrial,2,2025_2,"시스템 기능이나 설계, 구현 단계에서의 문제점 등으로 인해 시스템 이 가지게 되는 보안 취약점을 가리키는 용어는?",Vulnerability,Security,Dependability,Reliability,1,Vulnerability(취약점)는 설계·구현 단계의 결함으로 인해 시스템이 갖게 되는 보안 약점을 의미합니다.,78,cbt,2025_2,0
250,ipe_industrial,2,2022_2,모듈 설계 시 유의사항으로 거리가 먼 것은?,적절한 크기로 설계한다.,추상화와 정보 은닉의 성격을 갖도록 한다.,보기 쉽고 이해가기 쉬워야 한다.,응집도를 최소화 한다.,4,모듈 설계 시에는 응집도를 '최대화'하고 결합도를 최소화해야 합니다. 응집도를 최소화한다는 것은 반대로 된 틀린 지침입니다.,79,cbt,2022_2,0
251,ipe_industrial,2,2025_1,모듈 설계 시 유의사항으로 거리가 먼 것은?,적절한 크기로 설계한다.,추상화와 정보 은닉의 성격을 갖도록 한다.,보기 쉽고 이해가기 쉬워야 한다.,응집도를 최소화 한다.,4,모듈 설계 시에는 응집도를 '최대화'하고 결합도를 최소화해야 합니다. 응집도를 최소화한다는 것은 반대로 된 틀린 지침입니다.,79,cbt,2025_1,0
252,ipe_industrial,2,2022_2,API(Application Programming Interface) 중 누구나 무료로 사용할 수 있도록 공개된 API를 무엇이라 하는가?,Free API,Java API,SUS,Open API,4,Open API는 누구나 무료로 사용할 수 있도록 외부에 공개된 API입니다.,80,cbt,2022_2,0
253,ipe_industrial,2,2023_2,API(Application Programming Interface) 중 누구나 무료로 사용할 수 있도록 공개된 API를 무엇이라 하는가?,Free API,Java API,SUS,Open API,4,Open API는 누구나 무료로 사용할 수 있도록 외부에 공개된 API입니다.,80,cbt,2023_2,0
254,ipe_industrial,2,2024_3,API(Application Programming Interface) 중 누구나 무료로 사용할 수 있도록 공개된 API를 무엇이라 하는가?,Free API,Java API,SUS,Open API,4,Open API는 누구나 무료로 사용할 수 있도록 외부에 공개된 API입니다.,80,cbt,2024_3,0
255,ipe_industrial,2,2022_2,외부 변수(External Variable)에 대한 설명으로 옳지 않은 것은?,외부 변수는 함수 밖에서 선언한다.,초기화하지 않으면 자동으로 0으로 초기화 된다.,함수가 종료되면 값도 소멸된다.,다른 파일에서 선언된 변수를 참조할 경우 초기화 할 수 없다.,3,외부 변수(전역 변수)는 함수가 종료되어도 프로그램이 끝날 때까지 값이 유지(소멸되지 않음)됩니다.,81,cbt,2022_2,0
257,ipe_industrial,2,2024_1,외부 변수(External Variable)에 대한 설명으로 옳지 않은 것은?,외부 변수는 함수 밖에서 선언한다.,초기화하지 않으면 자동으로 0으로 초기화 된다.,함수가 종료되면 값도 소멸된다.,다른 파일에서 선언된 변수를 참조할 경우 초기화 할 수 없다.,3,외부 변수(전역 변수)는 함수가 종료되어도 프로그램이 끝날 때까지 값이 유지(소멸되지 않음)됩니다.,81,cbt,2024_1,0
258,ipe_industrial,2,2025_2,외부 변수(External Variable)에 대한 설명으로 옳지 않은 것은?,외부 변수는 함수 밖에서 선언한다.,초기화하지 않으면 자동으로 0으로 초기화된다.,함수가 종료되면 값도 소멸된다.,다른 파일에서 선언된 변수를 참조할 경우 초기화 할 수 없다.,3,외부 변수(전역 변수)는 함수가 종료되어도 프로그램이 끝날 때까지 값이 유지(소멸되지 않음)됩니다.,81,cbt,2025_2,0
259,ipe_industrial,2,2026_1,외부 변수(External Variable)에 대한 설명으로 옳지 않은 것은?,외부 변수는 함수 밖에서 선언한다.,초기화하지 않으면 자동으로 0으로 초기화 된다.,함수가 종료되면 값도 소멸된다.,다른 파일에서 선언된 변수를 참조할 경우 초기화 할 수 없다.,3,외부 변수(전역 변수)는 함수가 종료되어도 프로그램이 끝날 때까지 값이 유지(소멸되지 않음)됩니다.,81,cbt,2026_1,0
260,ipe_industrial,2,2022_2,"캡슐화, 추상화, 상속성 등의 특징을 갖는 객체지향 언어는?",C,C++,COBOL,FORTRAN,2,C++는 캡슐화·추상화·상속성 등 객체지향 특성을 갖춘 언어입니다. C·COBOL·FORTRAN은 객체지향 언어가 아닙니다.,82,cbt,2022_2,0
261,ipe_industrial,2,2024_2,"캡슐화, 추상화, 상속성 등의 특징을 갖는 객체지향 언어는?",C,C++,COBOL,FORTRAN,2,C++는 캡슐화·추상화·상속성 등 객체지향 특성을 갖춘 언어입니다. C·COBOL·FORTRAN은 객체지향 언어가 아닙니다.,82,cbt,2024_2,0
262,ipe_industrial,2,2026_1,"캡슐화, 추상화, 상속성 등의 특징을 갖는 객체지향 언어는?",C,C++,COBOL,FORTRAN,2,C++는 캡슐화·추상화·상속성 등 객체지향 특성을 갖춘 언어입니다. C·COBOL·FORTRAN은 객체지향 언어가 아닙니다.,82,cbt,2026_1,0
263,ipe_industrial,2,2022_2,"Python에서 연속된 숫자를 생성하는 기능으로, 리스트의 생성 시나 반복문에 주로 활용되는 것은?",Goto,Range,Slice,Set,2,"range()는 Python에서 연속된 숫자(정수 수열)를 생성하는 함수로, for문이나 리스트 생성에 자주 사용됩니다.",83,cbt,2022_2,0
264,ipe_industrial,2,2023_3,"Python에서 연속된 숫자를 생성하는 기능으로, 리스트의 생성 시나 반복문에 주로 활용되는 것은?",Goto,Range,Slice,Set,2,"range()는 Python에서 연속된 숫자(정수 수열)를 생성하는 함수로, for문이나 리스트 생성에 자주 사용됩니다.",83,cbt,2023_3,0
265,ipe_industrial,2,2022_2,다음과 같이 HTML 문서를 작성했을 때 노란색 배경을 갖는 셀의 위치는? <html> <style> tr:nth-child(even) { background-color:yellow; } </style> <body> <table> <thead> <tr> <th></th> </tr> </thead> <tfoot> <tr> <td></td> </tr> </tfoot> <tbody> <tr> <td></td> </tr> <tr> <td></td> </tr> </tbody> </table> </body> </html>,1행,2행,3행,4행,3,"nth-child는 '같은 부모를 둔 형제 요소' 사이에서의 순번을 봅니다. thead의 tr은 thead의 유일한 자식(1번째), tfoot의 tr도 tfoot의 유일한 자식(1번째)이라 둘 다 홀수 번째라 대상이 아닙니다. tbody 안의 두 tr은 tbody의 1, 2번째 자식이므로 그중 2번째 tr만 짝수 번째로 노란 배경이 적용됩니다. 화면에는 브라우저가 tfoot을 항상 맨 아래로 재배치해 보여주므로, 실제 표시 순서는 thead행(1행)-tbody 1번째 행(2행)-tbody 2번째 행(3행)-tfoot행(4행)이 되어, 노란 배경이 적용되는 tbody 2번째 행은 화면상 3행이 됩니다.",84,cbt,2022_2,0
266,ipe_industrial,2,2023_2,다음과 같이 HTML 문서를 작성했을 때 노란색 배경을 갖는 셀의 위치는? <html> <style> tr:nth-child(even) { background-color:yellow; } </style> <body> <table> <thead> <tr> <th></th> </tr> </thead> <tfoot> <tr> <td></td> </tr> </tfoot> <tbody> <tr> <td></td> </tr> <tr> <td></td> </tr> </tbody> </table> </body> </html>,1행,2행,3행,4행,3,"nth-child는 '같은 부모를 둔 형제 요소' 사이에서의 순번을 봅니다. thead의 tr은 thead의 유일한 자식(1번째), tfoot의 tr도 tfoot의 유일한 자식(1번째)이라 둘 다 홀수 번째라 대상이 아닙니다. tbody 안의 두 tr은 tbody의 1, 2번째 자식이므로 그중 2번째 tr만 짝수 번째로 노란 배경이 적용됩니다. 화면에는 브라우저가 tfoot을 항상 맨 아래로 재배치해 보여주므로, 실제 표시 순서는 thead행(1행)-tbody 1번째 행(2행)-tbody 2번째 행(3행)-tfoot행(4행)이 되어, 노란 배경이 적용되는 tbody 2번째 행은 화면상 3행이 됩니다.",84,cbt,2023_2,0
267,ipe_industrial,2,2024_1,다음과 같이 HTML 문서를 작성했을 때 노란색 배경을 갖는 셀의 위치는? <html> <style> tr:nth-child(even) { background-color:yellow; } </style> <body> <table> <thead> <tr> <th></th> </tr> </thead> <tfoot> <tr> <td></td> </tr> </tfoot> <tbody> <tr> <td></td> </tr> <tr> <td></td> </tr> </tbody> </table> </body> </html>,1행,2행,3행,4행,3,"nth-child는 '같은 부모를 둔 형제 요소' 사이에서의 순번을 봅니다. thead의 tr은 thead의 유일한 자식(1번째), tfoot의 tr도 tfoot의 유일한 자식(1번째)이라 둘 다 홀수 번째라 대상이 아닙니다. tbody 안의 두 tr은 tbody의 1, 2번째 자식이므로 그중 2번째 tr만 짝수 번째로 노란 배경이 적용됩니다. 화면에는 브라우저가 tfoot을 항상 맨 아래로 재배치해 보여주므로, 실제 표시 순서는 thead행(1행)-tbody 1번째 행(2행)-tbody 2번째 행(3행)-tfoot행(4행)이 되어, 노란 배경이 적용되는 tbody 2번째 행은 화면상 3행이 됩니다.",84,cbt,2024_1,0
268,ipe_industrial,2,2025_1,다음과 같이 HTML 문서를 작성했을 때 노란색 배경을 갖는 셀의 위치는? <html> <style> tr:nth-child(even) { background-color:yellow; } </style> <body> <table> <thead> <tr> <th></th> </tr> </thead> <tfoot> <tr> <td></td> </tr> </tfoot> <tbody> <tr> <td></td> </tr> <tr> <td></td> </tr> </tbody> </table> </body> </html>,1행,2행,3행,4행,3,"nth-child는 '같은 부모를 둔 형제 요소' 사이에서의 순번을 봅니다. thead의 tr은 thead의 유일한 자식(1번째), tfoot의 tr도 tfoot의 유일한 자식(1번째)이라 둘 다 홀수 번째라 대상이 아닙니다. tbody 안의 두 tr은 tbody의 1, 2번째 자식이므로 그중 2번째 tr만 짝수 번째로 노란 배경이 적용됩니다. 화면에는 브라우저가 tfoot을 항상 맨 아래로 재배치해 보여주므로, 실제 표시 순서는 thead행(1행)-tbody 1번째 행(2행)-tbody 2번째 행(3행)-tfoot행(4행)이 되어, 노란 배경이 적용되는 tbody 2번째 행은 화면상 3행이 됩니다.",84,cbt,2025_1,0
269,ipe_industrial,2,2026_1,다음과 같이 HTML 문서를 작성했을 때 노란색 배경을 갖는 셀의 위치는? <html> <style> tr:nth-child(even) { background-color:yellow; } </style> <body> <table> <thead> <tr> <th></th> </tr> </thead> <tfoot> <tr> <td></td> </tr> </tfoot> <tbody> <tr> <td></td> </tr> <tr> <td></td> </tr> </tbody> </table> </body> </html>,1행,2행,3행,4행,3,"nth-child는 '같은 부모를 둔 형제 요소' 사이에서의 순번을 봅니다. thead의 tr은 thead의 유일한 자식(1번째), tfoot의 tr도 tfoot의 유일한 자식(1번째)이라 둘 다 홀수 번째라 대상이 아닙니다. tbody 안의 두 tr은 tbody의 1, 2번째 자식이므로 그중 2번째 tr만 짝수 번째로 노란 배경이 적용됩니다. 화면에는 브라우저가 tfoot을 항상 맨 아래로 재배치해 보여주므로, 실제 표시 순서는 thead행(1행)-tbody 1번째 행(2행)-tbody 2번째 행(3행)-tfoot행(4행)이 되어, 노란 배경이 적용되는 tbody 2번째 행은 화면상 3행이 됩니다.",84,cbt,2026_1,0
270,ipe_industrial,2,2022_2,객체지향 개념에서 이미 정의되어 있는 상위 클래스(슈퍼 클래스 혹은 부모 클래스)의 메소드를 비롯한 모든 속성을 하위 클래스가 물려 받는 것을 무엇이라고 하는가?,Abstraction,Method,Inheritance,Message,3,상속(Inheritance)은 상위 클래스의 속성과 메소드를 하위 클래스가 물려받는 개념입니다.,85,cbt,2022_2,0
271,ipe_industrial,2,2022_2,HTML이 호출될 때 자바스크립트를 이용하여 안내 문구를 전달하고 싶은 경우 사용할 수 있는 메소드는?,alert,prompt,input,scan,1,alert()는 사용자에게 안내 문구(메시지)만 전달하는 자바스크립트 대화상자 메소드입니다.,86,cbt,2022_2,0
272,ipe_industrial,2,2023_1,HTML이 호출될 때 자바스크립트를 이용하여 안내 문구를 전달하고 싶은 경우 사용할 수 있는 메소드는?,alert,prompt,input,scan,1,alert()는 사용자에게 안내 문구(메시지)만 전달하는 자바스크립트 대화상자 메소드입니다.,86,cbt,2023_1,0
273,ipe_industrial,2,2023_3,HTML이 호출될 때 자바스크립트를 이용하여 안내 문구를 전달하고 싶은 경우 사용할 수 있는 메소드는?,alert,prompt,input,scan,1,alert()는 사용자에게 안내 문구(메시지)만 전달하는 자바스크립트 대화상자 메소드입니다.,86,cbt,2023_3,0
274,ipe_industrial,2,2022_2,자바스크립트에서 배열에 데이터를 입력하고자 할 때 사용하는 메소드는?,push,add,pop,shift,1,"push()는 배열의 끝에 새로운 데이터를 추가하는 JavaScript 배열 메소드입니다. pop은 제거, shift는 앞에서 제거하는 메소드입니다.",87,cbt,2022_2,0
275,ipe_industrial,2,2023_1,자바스크립트에서 배열에 데이터를 입력하고자 할 때 사용하는 메소드는?,push,add,pop,shift,1,"push()는 배열의 끝에 새로운 데이터를 추가하는 JavaScript 배열 메소드입니다. pop은 제거, shift는 앞에서 제거하는 메소드입니다.",87,cbt,2023_1,0
276,ipe_industrial,2,2024_1,자바스크립트에서 배열에 데이터를 입력하고자 할 때 사용하는 메소드는?,push,add,pop,shift,1,"push()는 배열의 끝에 새로운 데이터를 추가하는 JavaScript 배열 메소드입니다. pop은 제거, shift는 앞에서 제거하는 메소드입니다.",87,cbt,2024_1,0
277,ipe_industrial,2,2022_2,"다음은 아이디와 패스워드를 입력하는 로그인 창을 자바스크립트 로 구현한 것이다. 괄호(㉠, ㉡)에 들어갈 적합한 속성은? <html> <head> <title>Login</title> </head> <body> <form (  ㉠  )=""post"" (  ㉡  )=""log01.jsp""> <p>ID:<input type=""text"" name=""id""></p> <p>PW:<input type=""password"" name=""pw""></p> <p><input type=""submit"" value=""Send""></p> </form> </body> </html>","㉠-method, ㉡-action","㉠-action, ㉡-function","㉠-function, ㉡-name","㉠-name, ㉡-method",1,"<form> 태그에서 method 속성은 전송 방식(post/get), action 속성은 전송될 대상 URL을 지정합니다.",88,cbt,2022_2,0
278,ipe_industrial,2,2023_1,"다음은 아이디와 패스워드를 입력하는 로그인 창을 자바스크립트로 구현한 것이다. 괄호(㉠, ㉡)에 들어갈 적합한 속성은? <html> <head> <title>Login</title> </head> <body> <form (  ㉠  )=""post"" (  ㉡  )=""log01.jsp""> <p>ID:<input type=""text"" name=""id""></p> <p>PW:<input type=""password"" name=""pw""></p> <p><input type=""submit"" value=""Send""></p> </form> </body> </html>","㉠-method, ㉡-action","㉠-action, ㉡-function","㉠-function, ㉡-name","㉠-name, ㉡-method",1,"<form> 태그에서 method 속성은 전송 방식(post/get), action 속성은 전송될 대상 URL을 지정합니다.",88,cbt,2023_1,0
279,ipe_industrial,2,2023_3,"다음은 아이디와 패스워드를 입력하는 로그인 창을 자바스크립트로 구현한 것이다. 괄호(㉠, ㉡)에 들어갈 적합한 속성은? <html> <head> <title>Login</title> </head> <body> <form (  ㉠  )=""post"" (  ㉡  )=""log01.jsp""> <p>ID:<input type=""text"" name=""id""></p> <p>PW:<input type=""password"" name=""pw""></p> <p><input type=""submit"" value=""Send""></p> </form> </body> </html>","㉠-method, ㉡-action","㉠-action, ㉡-function","㉠-function, ㉡-name","㉠-name, ㉡-method",1,"<form> 태그에서 method 속성은 전송 방식(post/get), action 속성은 전송될 대상 URL을 지정합니다.",88,cbt,2023_3,0
280,ipe_industrial,2,2022_2,"다음 Java 프로그램이 실행되었을 때, 실행 결과는? public class Test { public static void main(String args[]) { int a, b, c, d; a = b = 5; c = --a % --a; d = b++ * b++; System.out.printf(""%d, %d"", c, d); } }","0, 25","1, 25","0, 30","1, 30",4,"a=b=5로 a,b 모두 5에서 시작합니다. c=--a % --a: 첫 --a로 a=4(4 사용), 두 번째 --a로 a=3(3 사용) → c=4%3=1. d=b++ * b++: 첫 b++는 5를 사용 후 b=6, 두 번째 b++는 6을 사용 후 b=7 → d=5*6=30. 결과는 '1, 30'입니다.",89,cbt,2022_2,0
281,ipe_industrial,2,2023_2,"다음 Java 프로그램이 실행되었을 때, 실행 결과는? public class Test { public static void main(String args[]) { int a, b, c, d; a = b = 5; c = --a % --a; d = b++ * b++; System.out.printf(""%d, %d"", c, d); } }","0, 25","1, 25","0, 30","1, 30",4,"a=b=5로 a,b 모두 5에서 시작합니다. c=--a % --a: 첫 --a로 a=4(4 사용), 두 번째 --a로 a=3(3 사용) → c=4%3=1. d=b++ * b++: 첫 b++는 5를 사용 후 b=6, 두 번째 b++는 6을 사용 후 b=7 → d=5*6=30. 결과는 '1, 30'입니다.",89,cbt,2023_2,0
282,ipe_industrial,2,2024_2,"다음 Java 프로그램이 실행되었을 때, 실행 결과는? public class Test { public static void main(String[] args) { int n = 17; n += 1; n -= 2; n *= 3; n /= 4; n %= 5; System.out.println(n); } }",0,1,2,3,3,"n=17에서 시작해 n+=1→18, n-=2→16, n*=3→48, n/=4→12(정수 나눗셈), n%=5→12%5=2가 되어 최종 출력값은 2입니다.",89,cbt,2024_2,1
283,ipe_industrial,2,2024_3,"다음 Java 프로그램이 실행되었을 때, 실행 결과는? public class Test { public static void main(String args[]) { int a, b, c, d; a = b = 5; c = --a % --a; d = b++ * b++; System.out.printf(""%d, %d"", c, d); } }","0, 25","1, 25","0, 30","1, 30",4,"a=b=5로 a,b 모두 5에서 시작합니다. c=--a % --a: 첫 --a로 a=4(4 사용), 두 번째 --a로 a=3(3 사용) → c=4%3=1. d=b++ * b++: 첫 b++는 5를 사용 후 b=6, 두 번째 b++는 6을 사용 후 b=7 → d=5*6=30. 결과는 '1, 30'입니다.",89,cbt,2024_3,0
284,ipe_industrial,2,2022_2,Python에서 문자열을 표현하는 방법으로 옳지 않은 것은?,'I don't like it',"""I don't like it""","""Hello World""",'Hello World',1,'I don't like it'처럼 작은따옴표 문자열 안에 어퍼스트로피(작은따옴표)가 그대로 들어가면 문자열이 조기 종료되어 문법 오류가 됩니다. 큰따옴표로 감싸거나 이스케이프 처리를 해야 합니다.,90,cbt,2022_2,0
285,ipe_industrial,2,2025_1,Python에서 문자열을 표현하는 방법으로 옳지 않은 것은?,'I don't like it',"""I don't like it""","""Hello World""",'Hello World’,1,'I don't like it'처럼 작은따옴표 문자열 안에 어퍼스트로피(작은따옴표)가 그대로 들어가면 문자열이 조기 종료되어 문법 오류가 됩니다. 큰따옴표로 감싸거나 이스케이프 처리를 해야 합니다.,90,cbt,2025_1,0
286,ipe_industrial,2,2022_2,다음 자바 프로그램 조건문에 대해 삼항 조건 연산자를 사용하여 옳게 나타낸 것은? if (a > b) max = a; else if (a <= b) max = b;,max = (a > b) ? a : b;,(a > b) ? max = a : max = b;,max = (a <= b) ? a : b;,(a <= b) ? max = a : max = b;,1,"if(a>b) max=a; else if(a<=b) max=b; 는 'a>b이면 a, 아니면 b'를 max에 대입하는 것과 같으므로 max = (a > b) ? a : b; 로 표현됩니다.",91,cbt,2022_2,0
287,ipe_industrial,2,2023_1,다음 자바 프로그램 조건문에 대해 삼항 조건 연산자를 사용하여 옳게 나타낸 것은? if (a > b) max = a; else if (a <= b) max = b;,max = (a > b) ? a : b;,(a > b) ? max = a : max = b;,max = (a <= b) ? a : b;,(a <= b) ? max = a : max = b;,1,"if(a>b) max=a; else if(a<=b) max=b; 는 'a>b이면 a, 아니면 b'를 max에 대입하는 것과 같으므로 max = (a > b) ? a : b; 로 표현됩니다.",91,cbt,2023_1,0
288,ipe_industrial,2,2024_1,다음 자바 프로그램 조건문에 대해 삼항 조건 연산자를 사용하여 옳게 나타낸 것은? if (a > b) max = a; else if (a <= b) max = b;,max = (a > b) ? a : b;,(a > b) ? max = a : max = b;,max = (a <= b) ? a : b;,(a <= b) ? max = a : max = b;,1,"if(a>b) max=a; else if(a<=b) max=b; 는 'a>b이면 a, 아니면 b'를 max에 대입하는 것과 같으므로 max = (a > b) ? a : b; 로 표현됩니다.",91,cbt,2024_1,0
289,ipe_industrial,2,2022_2,"다음 C언어 프로그램이 실행되었을 때, 실행 결과는? int main() { int arg[4] = { 70, 80, 90, 100 }; int* p = arg + 1; printf(""%d"", p[2]); }",70,80,90,100,4,"arg={70,80,90,100}에서 p=arg+1은 arg[1](80)을 가리킵니다. p[2]는 p 기준 2칸 뒤인 arg[1+2]=arg[3]=100입니다.",92,cbt,2022_2,0
290,ipe_industrial,2,2025_2,"다음 C언어 프로그램이 실행되었을 때, 실행 결과는? int main() { int arg[4] = { 70, 80, 90, 100 }; int* p = arg + 1; printf(""%d"", p[2]); }",70,80,90,100,4,"arg={70,80,90,100}에서 p=arg+1은 arg[1](80)을 가리킵니다. p[2]는 p 기준 2칸 뒤인 arg[1+2]=arg[3]=100입니다.",92,cbt,2025_2,0
291,ipe_industrial,2,2022_2,시스템을 설계할 때 필요한 설계 지침으로 두 모듈 간의 상호 의존도 또는 두 모듈 사이의 연관 관계를 나타내는 것은?,결합도,응집도,신뢰도,종합도,1,"결합도(Coupling)는 두 모듈 간의 상호 의존도, 즉 모듈 사이의 연관 관계를 나타내는 척도입니다.",93,cbt,2022_2,0
292,ipe_industrial,2,2023_3,시스템을 설계할 때 필요한 설계 지침으로 두 모듈 간의 상호 의존도 또는 두 모듈 사이의 연관 관계를 나타내는 것은?,결합도,응집도,신뢰도,종합도,1,"결합도(Coupling)는 두 모듈 간의 상호 의존도, 즉 모듈 사이의 연관 관계를 나타내는 척도입니다.",93,cbt,2023_3,0
293,ipe_industrial,2,2022_2,모듈 응집도가 높은 것에서 낮은 것의 순서로 옳게 나열된 것은?,절차적 응집성 → 통신적 응집성 → 순차적 응집성 → 기능적 응집성,통신적 응집성 → 절차적 응집성 → 순차적 응집성 → 기능적 응집성,절차적 응집성 → 통신적 응집성 → 기능적 응집성 → 순차적 응집성,기능적 응집성 → 순차적 응집성 → 통신적 응집성 → 절차적 응집성,4,응집도는 강한 것부터 기능적 → 순차적 → 교환(통신)적 → 절차적 → 시간적 → 논리적 → 우연적 순으로 약해집니다. 따라서 높은 것에서 낮은 순은 기능적 → 순차적 → 통신적 → 절차적 응집성입니다.,94,cbt,2022_2,0
294,ipe_industrial,2,2023_2,모듈 응집도가 높은 것에서 낮은 것의 순서로 옳게 나열된 것은?,절차적 → 통신적 → 순차적 → 기능적,통신적 → 절차적 → 순차적 → 기능적,절차적 → 통신적 → 기능적 → 순차적,기능적 → 순차적 → 통신적 → 절차적,4,응집도는 강한 것부터 기능적 → 순차적 → 교환(통신)적 → 절차적 → 시간적 → 논리적 → 우연적 순으로 약해집니다. 따라서 높은 것에서 낮은 순은 기능적 → 순차적 → 통신적 → 절차적 응집성입니다.,94,cbt,2023_2,0
295,ipe_industrial,2,2023_3,모듈 응집도가 높은 것에서 낮은 것의 순서로 옳게 나열된 것은?,절차적 → 통신적 → 순차적 → 기능적,통신적 → 절차적 → 순차적 → 기능적,절차적 → 통신적 → 기능적 → 순차적,기능적 → 순차적 → 통신적 → 절차적,4,응집도는 강한 것부터 기능적 → 순차적 → 교환(통신)적 → 절차적 → 시간적 → 논리적 → 우연적 순으로 약해집니다. 따라서 높은 것에서 낮은 순은 기능적 → 순차적 → 통신적 → 절차적 응집성입니다.,94,cbt,2023_3,0
296,ipe_industrial,2,2025_2,모듈 응집도가 높은 것에서 낮은 것의 순서로 옳게 나열된 것은?,절차적 응집성 → 통신적 응집성 → 순차적 응집성 → 기능적 응집성,통신적 응집성 → 절차적 응집성 → 순차적 응집성 → 기능적 응집성,절차적 응집성 → 통신적 응집성 → 기능적 응집성 → 순차적 응집성,기능적 응집성 → 순차적 응집성 → 통신적 응집성 → 절차적 응집성,4,응집도는 강한 것부터 기능적 → 순차적 → 교환(통신)적 → 절차적 → 시간적 → 논리적 → 우연적 순으로 약해집니다. 따라서 높은 것에서 낮은 순은 기능적 → 순차적 → 통신적 → 절차적 응집성입니다.,94,cbt,2025_2,0
297,ipe_industrial,2,2022_2,공통 모듈의 재사용 범위에 따른 분류가 아닌 것은?,컴포넌트 재사용,더미코드 재사용,함수와 객체 재사용,애플리케이션 재사용,2,"공통 모듈 재사용 범위는 함수와 객체 재사용, 컴포넌트 재사용, 애플리케이션 재사용으로 분류됩니다. '더미코드 재사용'은 이 분류에 속하지 않는 용어입니다.",95,cbt,2022_2,0
298,ipe_industrial,2,2023_1,공통 모듈의 재사용 범위에 따른 분류가 아닌 것은?,컴포넌트 재사용,더미코드 재사용,함수와 객체 재사용,애플리케이션 재사용,2,"공통 모듈 재사용 범위는 함수와 객체 재사용, 컴포넌트 재사용, 애플리케이션 재사용으로 분류됩니다. '더미코드 재사용'은 이 분류에 속하지 않는 용어입니다.",95,cbt,2023_1,0
299,ipe_industrial,2,2023_3,공통 모듈의 재사용 범위에 따른 분류가 아닌 것은?,컴포넌트 재사용,더미코드 재사용,함수와 객체 재사용,애플리케이션 재사용,2,"공통 모듈 재사용 범위는 함수와 객체 재사용, 컴포넌트 재사용, 애플리케이션 재사용으로 분류됩니다. '더미코드 재사용'은 이 분류에 속하지 않는 용어입니다.",95,cbt,2023_3,0
300,ipe_industrial,2,2024_3,공통 모듈의 재사용 범위에 따른 분류가 아닌 것은?,컴포넌트 재사용,더미코드 재사용,함수와 객체 재사용,애플리케이션 재사용,2,"공통 모듈 재사용 범위는 함수와 객체 재사용, 컴포넌트 재사용, 애플리케이션 재사용으로 분류됩니다. '더미코드 재사용'은 이 분류에 속하지 않는 용어입니다.",95,cbt,2024_3,0
301,ipe_industrial,2,2022_2,스크립트 언어가 아닌 것은?,PHP,Cobol,Basic,Python,2,Cobol은 컴파일형 절차적 프로그래밍 언어입니다. PHP·Basic·Python은 스크립트(인터프리터) 언어입니다.,96,cbt,2022_2,0
302,ipe_industrial,2,2023_1,스크립트 언어가 아닌 것은?,PHP,Cobol,Basic,Python,2,Cobol은 컴파일형 절차적 프로그래밍 언어입니다. PHP·Basic·Python은 스크립트(인터프리터) 언어입니다.,96,cbt,2023_1,0
303,ipe_industrial,2,2024_1,스크립트 언어가 아닌 것은?,PHP,Cobol,Basic,Python,2,Cobol은 컴파일형 절차적 프로그래밍 언어입니다. PHP·Basic·Python은 스크립트(인터프리터) 언어입니다.,96,cbt,2024_1,0
304,ipe_industrial,3,2022_2,"버블 정렬을 이용한 오름차순 정렬 시 다음 자료에 대한 1회전 후의 결과는? 9, 6, 7, 3, 5","3, 5, 6, 7, 9","6, 7, 3, 5, 9","3, 5, 9, 6, 7","6, 3, 5, 7, 9",2,"9,6,7,3,5를 버블 정렬 1회전 하면 인접한 두 값을 비교·교환하며 가장 큰 값이 끝으로 이동해 6,7,3,5,9가 됩니다.",97,cbt,2022_2,0
305,ipe_industrial,3,2023_2,"버블 정렬을 이용한 오름차순 정렬 시 다음 자료에 대한 1회전 후의 결과는? 9, 6, 7, 3, 5","3, 5, 6, 7, 9","6, 7, 3, 5, 9","3, 5, 9, 6, 7","6, 3, 5, 7, 9",2,"9,6,7,3,5를 버블 정렬 1회전 하면 인접한 두 값을 비교·교환하며 가장 큰 값이 끝으로 이동해 6,7,3,5,9가 됩니다.",97,cbt,2023_2,0
306,ipe_industrial,3,2025_2,"버블 정렬을 이용한 오름차순 정렬 시 다음 자료에 대한 1회전 후의 결과는? 9, 6, 7, 3, 5","3, 5, 6, 7, 9","6, 7, 3, 5, 9","3, 5, 9, 6, 7","6, 3, 5, 7, 9",2,"9,6,7,3,5를 버블 정렬 1회전 하면 인접한 두 값을 비교·교환하며 가장 큰 값이 끝으로 이동해 6,7,3,5,9가 됩니다.",97,cbt,2025_2,0
307,ipe_industrial,3,2022_2,모든 결정자가 후보 키가 되도록 분해하는 정규화 단계는?,1NF → 2NF,2NF → 3NF,3NF → BCNF,비정규 릴레이션 → 1NF,3,결정자이면서 후보키가 아닌 것을 제거해 모든 결정자가 후보키가 되도록 분해하는 단계가 3NF→BCNF입니다.,98,cbt,2022_2,0
308,ipe_industrial,3,2023_3,모든 결정자가 후보 키가 되도록 분해하는 정규화 단계는?,1NF → 2NF,2NF → 3NF,3NF → BCNF,비정규 릴레이션 → 1NF,3,결정자이면서 후보키가 아닌 것을 제거해 모든 결정자가 후보키가 되도록 분해하는 단계가 3NF→BCNF입니다.,98,cbt,2023_3,0
309,ipe_industrial,3,2025_1,모든 결정자가 후보 키가 되도록 분해하는 정규화 단계는?,1NF → 2NF,2NF → 3NF,3NF → BCNF,비정규 릴레이션 → 1NF,3,결정자이면서 후보키가 아닌 것을 제거해 모든 결정자가 후보키가 되도록 분해하는 단계가 3NF→BCNF입니다.,98,cbt,2025_1,0
310,ipe_industrial,3,2022_2,DBMS의 제어 기능이 갖추어야 할 요건에 해당하지 않는 것은?,"데이터와 데이터의 관계를 명확하게 명세할 수 있어야 하며, 원하는 데이터 연산은 무엇이든 명세할 수 있어야 한다.","데이터베이스를 접근하는 갱신, 삽입, 삭제 작업이 정확하게 수행되게 해야 한다.",정단한 사용자가 허가된 데이터만 접근할 수 있도록 보안을 유지하여야 한다.,여러 사용자가 데이터베이스를 동시에 접근하여 처리할 때 데이터베이스와 처리 결과가 항상 정확성을 유지하도록 병행 제어를 할 수 있어야 한다.,1,"'원하는 데이터 연산은 무엇이든 명세할 수 있어야 한다'는 것은 조작 기능(Manipulation)에 가까운 설명이며, DBMS 제어 기능(보안·무결성·병행제어)이 갖춰야 할 요건과는 거리가 있습니다.",99,cbt,2022_2,0
311,ipe_industrial,3,2022_2,데이터 제어어(DCL)의 기능으로 옳지 않은 것은?,데이터 보안,"논리적, 물리적 데이터 구조 정의",무결성 유지,병행수행 제어,2,"논리적·물리적 데이터 구조 정의는 데이터 정의어(DDL)의 기능입니다. DCL은 보안, 무결성 유지, 병행 제어를 담당합니다.",100,cbt,2022_2,0
312,ipe_industrial,3,2022_2,‘학생’ 테이블에서 3학년이고 컴퓨터공학과인 학생의 이름만 조회 하는 SQL문으로 옳바른 것은?,SELECT 이름 FROM 학생 WHERE 학년 = 3 AND 학과 = “컴퓨터공학”;,SELECT 이름 FROM 학생 WHERE 학년 = 3 OR 학과 = “컴퓨터공학”;,SELECT 이름 WHEN 학생 WHERE 학년 = 3 AND 학과 = “컴퓨터공학”;,SELECT 이름 WHEN 학생 WHERE 학년 = 3 OR 학과 = “컴퓨터공학”;,1,"여러 조건을 모두 만족(그리고=AND)해야 하므로 WHERE 학년=3 AND 학과=""컴퓨터공학""이 올바른 조건이며, SELECT 다음에는 FROM 절이 와야 합니다(WHEN은 SQL 문법이 아님).",101,cbt,2022_2,0
313,ipe_industrial,3,2023_2,‘학생’ 테이블에서 3학년이고 컴퓨터공학과인 학생의 이름만 조회하 는 SQL문으로 옳바른 것은?,SELECT 이름 FROM 학생 WHERE 학년 = 3 AND 학과 = “컴퓨터공학”;,SELECT 이름 FROM 학생 WHERE 학년 = 3 OR 학과 = “컴퓨 터공학”;,SELECT 이름 WHEN 학생 WHERE 학년 = 3 AND 학과 = “컴퓨터공학”;,SELECT 이름 WHEN 학생 WHERE 학년 = 3 OR 학과 = “컴퓨터공학”;,1,"여러 조건을 모두 만족(그리고=AND)해야 하므로 WHERE 학년=3 AND 학과=""컴퓨터공학""이 올바른 조건이며, SELECT 다음에는 FROM 절이 와야 합니다(WHEN은 SQL 문법이 아님).",101,cbt,2023_2,0
314,ipe_industrial,3,2024_1,‘학생’ 테이블에서 3학년이고 컴퓨터공학과인 학생의 이름만 조회하 는 SQL문으로 옳바른 것은?,SELECT 이름 FROM 학생 WHERE 학년 = 3 AND 학과 = “컴퓨터공학”;,SELECT 이름 FROM 학생 WHERE 학년 = 3 OR 학과 = “컴퓨 터공학”;,SELECT 이름 WHEN 학생 WHERE 학년 = 3 AND 학과 = “컴퓨터공학”;,SELECT 이름 WHEN 학생 WHERE 학년 = 3 OR 학과 = “컴퓨터공학”;,1,"여러 조건을 모두 만족(그리고=AND)해야 하므로 WHERE 학년=3 AND 학과=""컴퓨터공학""이 올바른 조건이며, SELECT 다음에는 FROM 절이 와야 합니다(WHEN은 SQL 문법이 아님).",101,cbt,2024_1,0
315,ipe_industrial,3,2025_3,‘학생’ 테이블에서 3학년이고 컴퓨터공학과인 학생의 이름만 조회 하는 SQL문으로 옳바른 것은?,SELECT 이름 FROM 학생 WHERE 학년 = 3 AND 학과 = “컴퓨터공학”;,SELECT 이름 FROM 학생 WHERE 학년 = 3 OR 학과 = “컴퓨터공학”;,SELECT 이름 WHEN 학생 WHERE 학년 = 3 AND 학과 = “컴퓨터공학”;,SELECT 이름 WHEN 학생 WHERE 학년 = 3 OR 학과 = “컴퓨터공학”;,1,"여러 조건을 모두 만족(그리고=AND)해야 하므로 WHERE 학년=3 AND 학과=""컴퓨터공학""이 올바른 조건이며, SELECT 다음에는 FROM 절이 와야 합니다(WHEN은 SQL 문법이 아님).",101,cbt,2025_3,0
316,ipe_industrial,3,2022_2,다음 이진 트리에 대한 Preorder 운행 결과는?,A B C D E F,D B A E C F,D B E C F A,A B D C E F,4,Preorder(전위 순회)는 '루트 → 왼쪽 서브트리 → 오른쪽 서브트리' 순서로 방문합니다. 정확한 방문 순서는 그림의 트리 구조에 따라 결정됩니다.,102,cbt,2022_2,0
317,ipe_industrial,3,2023_2,다음 이진 트리에 대한 Preorder 운행 결과는?,A B C D E F,D B A E C F,D B E C F A,A B D C E F,4,Preorder(전위 순회)는 '루트 → 왼쪽 서브트리 → 오른쪽 서브트리' 순서로 방문합니다. 정확한 방문 순서는 그림의 트리 구조에 따라 결정됩니다.,102,cbt,2023_2,0
318,ipe_industrial,3,2025_1,다음 이진 트리에 대한 Preorder 운행 결과는?,A B C D E F,D B A E C F,D B E C F A,A B D C E F,4,Preorder(전위 순회)는 '루트 → 왼쪽 서브트리 → 오른쪽 서브트리' 순서로 방문합니다. 정확한 방문 순서는 그림의 트리 구조에 따라 결정됩니다.,102,cbt,2025_1,0
319,ipe_industrial,3,2022_2,뷰(View)에 대한 설명으로 틀린 것은?,뷰 위에 또 다른 뷰를 정의할 수 있다.,DBA는 보안성 측면에서 뷰를 활용할 수 있다.,사용자가 필요한 정보를 요구에 맞게 가공하여 뷰로 만들 수 있다.,"SQL을 사용하면 뷰에 대한 삽입, 갱신, 삭제 연산 시 제약 사항이 없다.",4,"SQL로 뷰에 삽입·갱신·삭제 연산을 할 때는 제약 사항(단일 기본 테이블 유래, 집계 함수 미사용 등)이 따릅니다. '제약 사항이 없다'는 설명이 틀렸습니다.",103,cbt,2022_2,0
320,ipe_industrial,3,2023_3,뷰(View)에 대한 설명으로 틀린 것은?,뷰 위에 또 다른 뷰를 정의할 수 있다.,DBA는 보안성 측면에서 뷰를 활용할 수 있다.,사용자가 필요한 정보를 요구에 맞게 가공하여 뷰로 만들 수 있다.,"SQL을 사용하면 뷰에 대한 삽입, 갱신, 삭제 연산 시 제약 사항 이 없다.",4,"SQL로 뷰에 삽입·갱신·삭제 연산을 할 때는 제약 사항(단일 기본 테이블 유래, 집계 함수 미사용 등)이 따릅니다. '제약 사항이 없다'는 설명이 틀렸습니다.",103,cbt,2023_3,0
321,ipe_industrial,3,2022_2,개체-관계 모델(E-R 모델)에 대한 설명으로 옳지 않은 것은?,개체 타입과 관계 타입을 이용해서 현실 세계를 개념적으로 표현하는 방법이다.,E-R 다이어그램은 E-R 모델을 그래프 방식으로 표현한 것이다.,"E-R 다이어그램은 개체를 사각형, 관계를 마름모, 속성을 화 살표로 표현한다.",현실 세계의 무질서한 데이터를 개념적인 논리 데이터로 표현 하기 위한 방법으로 많이 사용된다.,3,"E-R 다이어그램은 개체를 사각형, 관계를 마름모, '속성은 타원'으로 표현합니다. 속성을 화살표로 표현한다는 설명이 틀렸습니다.",104,cbt,2022_2,0
322,ipe_industrial,3,2025_1,개체-관계 모델(E-R 모델)에 대한 설명으로 옳지 않은 것은?,개체 타입과 관계 타입을 이용해서 현실 세계를 개념적으로 표현하는 방법이다.,E-R 다이어그램은 E-R 모델을 그래프 방식으로 표현한 것이다.,"E-R 다이어그램은 개체를 사각형, 관계를 마름모, 속성을 화살 표로 표현한다.",현실 세계의 무질서한 데이터를 개념적인 논리 데이터로 표현 하기 위한 방법으로 많이 사용된다.,3,"E-R 다이어그램은 개체를 사각형, 관계를 마름모, '속성은 타원'으로 표현합니다. 속성을 화살표로 표현한다는 설명이 틀렸습니다.",104,cbt,2025_1,0
323,ipe_industrial,3,2022_2,"릴레이션 R의 튜플의 개수가 4, 릴레이션 S의 튜플의 개수가 5일 때, 두 릴레이션을 카티션 프로덕트(Cartesian Product)한 결과 릴레이션의 카디널리티는?",1,9,20,41,3,카티션 프로덕트의 카디널리티는 두 릴레이션 카디널리티의 곱입니다. 4×5=20.,105,cbt,2022_2,0
324,ipe_industrial,3,2023_2,"릴레이션 R의 튜플의 개수가 4, 릴레이션 S의 튜플의 개수가 5일 때, 두 릴레이션을 카티션 프로덕트(Cartesian Product)한 결과 릴레이션의 카디널리티는?",1,9,20,41,3,카티션 프로덕트의 카디널리티는 두 릴레이션 카디널리티의 곱입니다. 4×5=20.,105,cbt,2023_2,0
325,ipe_industrial,3,2023_3,"릴레이션 R의 튜플의 개수가 4, 릴레이션 S의 튜플의 개수가 5일 때, 두 릴레이션을 카티션 프로덕트(Cartesian Product)한 결과 릴레 이션의 카디널리티는?",1,9,20,41,3,카티션 프로덕트의 카디널리티는 두 릴레이션 카디널리티의 곱입니다. 4×5=20.,105,cbt,2023_3,0
326,ipe_industrial,3,2024_3,"릴레이션 R의 튜플의 개수가 4, 릴레이션 S의 튜플의 개수가 5일 때, 두 릴레이션을 카티션 프로덕트(Cartesian Product)한 결과 릴레이션의 카디널리티는?",1,9,20,41,3,카티션 프로덕트의 카디널리티는 두 릴레이션 카디널리티의 곱입니다. 4×5=20.,105,cbt,2024_3,0
327,ipe_industrial,3,2022_2,키는 개체 집합에서 고유하게 개체를 식별할 수 있는 속성이다. 데이터베이스에서 사용되는 키의 종류에 대한 설명 중 옳지 않은 것은?,후보키는 개체들을 고유하게 식별할 수 있는 속성이다.,슈퍼키는 한 릴레이션 내의 속성들의 집합으로 구성된 키이다.,외래키는 다른 릴레이션의 기본키를 참조하는 속성 또는 속성 들의 집합이다.,보조키는 후보키 중에서 대표로 선정된 키이다.,4,후보키 중 대표로 선정된 키는 기본키(Primary Key)입니다. 보조키(대체키)는 기본키로 선정되지 않은 나머지 후보키를 말합니다.,106,cbt,2022_2,0
328,ipe_industrial,3,2024_1,키는 개체 집합에서 고유하게 개체를 식별할 수 있는 속성이다. 데이터베이스에서 사용되는 키의 종류에 대한 설명 중 옳지 않은 것은?,후보키는 개체들을 고유하게 식별할 수 있는 속성이다.,슈퍼키는 한 릴레이션 내의 속성들의 집합으로 구성된 키이다.,외래키는 다른 릴레이션의 기본키를 참조하는 속성 또는 속성 들의 집합이다.,보조키는 후보키 중에서 대표로 선정된 키이다.,4,후보키 중 대표로 선정된 키는 기본키(Primary Key)입니다. 보조키(대체키)는 기본키로 선정되지 않은 나머지 후보키를 말합니다.,106,cbt,2024_1,0
329,ipe_industrial,3,2025_1,키는 개체 집합에서 고유하게 개체를 식별할 수 있는 속성이다. 데이터베이스에서 사용되는 키의 종류에 대한 설명 중 옳지 않은 것은?,후보키는 개체들을 고유하게 식별할 수 있는 속성이다.,슈퍼키는 한 릴레이션 내의 속성들의 집합으로 구성된 키이다.,외래키는 다른 릴레이션의 기본키를 참조하는 속성 또는 속성 들의 집합이다.,보조키는 후보키 중에서 대표로 선정된 키이다.,4,후보키 중 대표로 선정된 키는 기본키(Primary Key)입니다. 보조키(대체키)는 기본키로 선정되지 않은 나머지 후보키를 말합니다.,106,cbt,2025_1,0
330,ipe_industrial,3,2022_2,DCL(Data Control Language) 명령어가 아닌 것은?,COMMIT,ROLLBACK,GRANT,SELECT,4,"SELECT는 데이터 조작어(DML)이며, DCL(데이터 제어어)에 해당하지 않습니다. COMMIT·ROLLBACK·GRANT가 DCL입니다.",107,cbt,2022_2,0
331,ipe_industrial,3,2023_2,DCL(Data Control Language) 명령어가 아닌 것은?,SELECT,ROLLBACK,GRANT,COMMIT,1,"SELECT는 데이터 조작어(DML)이며, DCL(데이터 제어어)에 해당하지 않습니다. COMMIT·ROLLBACK·GRANT가 DCL입니다.",107,cbt,2023_2,0
332,ipe_industrial,3,2023_3,DCL(Data Control Language) 명령어가 아닌 것은?,COMMIT,ROLLBACK,GRANT,SELECT,4,"SELECT는 데이터 조작어(DML)이며, DCL(데이터 제어어)에 해당하지 않습니다. COMMIT·ROLLBACK·GRANT가 DCL입니다.",107,cbt,2023_3,0
333,ipe_industrial,3,2022_2,한 릴레이션의 기본키를 구성하는 어떠한 속성 값도 널(Null) 값이나 중복 값을 가질 수 없다는 것을 의미하는 것은?,개체 무결성 제약 조건,참조 무결성 제약 조건,도메인 무결성 제약 조건,키 무결성 제약 조건,1,개체 무결성 제약 조건은 기본키가 Null이나 중복 값을 가질 수 없다는 규정입니다.,108,cbt,2022_2,0
334,ipe_industrial,3,2023_2,한 릴레이션의 기본키를 구성하는 어떠한 속성 값도 널(Null) 값이나 중복 값을 가질 수 없다는 것을 의미하는 것은?,개체 무결성 제약 조건,참조 무결성 제약 조건,도메인 무결성 제약 조건,키 무결성 제약 조건,1,개체 무결성 제약 조건은 기본키가 Null이나 중복 값을 가질 수 없다는 규정입니다.,108,cbt,2023_2,0
335,ipe_industrial,3,2024_1,한 릴레이션의 기본키를 구성하는 어떠한 속성 값도 널(Null) 값이나 중복 값을 가질 수 없다는 것을 의미하는 것은?,개체 무결성 제약 조건,참조 무결성 제약 조건,도메인 무결성 제약 조건,키 무결성 제약 조건,1,개체 무결성 제약 조건은 기본키가 Null이나 중복 값을 가질 수 없다는 규정입니다.,108,cbt,2024_1,0
336,ipe_industrial,3,2025_3,한 릴레이션의 기본키를 구성하는 어떠한 속성 값도 널(Null) 값이나 중복 값을 가질 수 없다는 것을 의미하는 것은?,개체 무결성 제약 조건,참조 무결성 제약 조건,도메인 무결성 제약 조건,키 무결성 제약 조건,1,개체 무결성 제약 조건은 기본키가 Null이나 중복 값을 가질 수 없다는 규정입니다.,108,cbt,2025_3,0
337,ipe_industrial,3,2026_1,한 릴레이션의 기본키를 구성하는 어떠한 속성 값도 널(Null) 값이나 중복 값을 가질 수 없다는 것을 의미하는 것은?,개체 무결성 제약 조건,참조 무결성 제약 조건,도메인 무결성 제약 조건,키 무결성 제약 조건,1,개체 무결성 제약 조건은 기본키가 Null이나 중복 값을 가질 수 없다는 규정입니다.,108,cbt,2026_1,0
338,ipe_industrial,3,2022_2,데이터베이스에서 두 릴레이션을 합병할 때 사용하는 연산자는?,집합 연산자,관계 연산자,비교 연산자,논리 연산자,1,"두 릴레이션을 합병(합집합 등)하는 데는 집합 연산자(UNION, INTERSECTION, DIFFERENCE 등)를 사용합니다.",109,cbt,2022_2,0
339,ipe_industrial,3,2024_1,데이터베이스에서 두 릴레이션을 합병할 때 사용하는 연산자는?,집합 연산자,관계 연산자,비교 연산자,논리 연산자,1,"두 릴레이션을 합병(합집합 등)하는 데는 집합 연산자(UNION, INTERSECTION, DIFFERENCE 등)를 사용합니다.",109,cbt,2024_1,0
340,ipe_industrial,3,2022_2,"트랜잭션은 자기의 연산에 대하여 전부(All) 또는 전무(Nothing) 실행만이 존재하며, 일부 실행으로는 트랜잭션의 기능을 가질 수 없다는 트랜잭션의 특성은?",Consistency,Atomicity,Isolation,Durability,2,Atomicity(원자성)는 트랜잭션의 연산이 전부(All) 실행되거나 전혀(Nothing) 실행되지 않아야 한다는 특성입니다.,110,cbt,2022_2,0
341,ipe_industrial,3,2023_2,"트랜잭션은 자기의 연산에 대하여 전부(All) 또는 전무(Nothing) 실행만이 존재하며, 일부 실행으로는 트랜잭션의 기능을 가질 수 없다는 트랜잭션의 특성은?",Consistency,Atomicity,Isolation,Durability,2,Atomicity(원자성)는 트랜잭션의 연산이 전부(All) 실행되거나 전혀(Nothing) 실행되지 않아야 한다는 특성입니다.,110,cbt,2023_2,0
342,ipe_industrial,3,2025_2,"트랜잭션은 자기의 연산에 대하여 전부(All) 또는 전무(Nothing) 실행만이 존재하며, 일부 실행으로는 트랜잭션의 기능을 가질 수 없다는 트랜잭션의 특성은?",Atomicity,Isolation,Durability,Consistency,1,Atomicity(원자성)는 트랜잭션의 연산이 전부(All) 실행되거나 전혀(Nothing) 실행되지 않아야 한다는 특성입니다.,110,cbt,2025_2,0
343,ipe_industrial,3,2025_3,"트랜잭션은 자기의 연산에 대하여 전부(All) 또는 전무(Nothing) 실행만이 존재하며, 일부 실행으로는 트랜잭션의 기능을 가질 수 없다는 트랜잭션의 특성은?",Consistency,Atomicity,Isolation,Durability,2,Atomicity(원자성)는 트랜잭션의 연산이 전부(All) 실행되거나 전혀(Nothing) 실행되지 않아야 한다는 특성입니다.,110,cbt,2025_3,0
344,ipe_industrial,3,2022_2,릴레이션을 조작할 때 데이터의 중복으로 인하여 발생하는 이상 (Anomaly) 현상이 아닌 것은?,검색 이상,삽입 이상,삭제 이상,갱신 이상,1,"데이터 중복으로 인한 이상(Anomaly)에는 삽입 이상, 삭제 이상, 갱신 이상이 있습니다. '검색 이상'은 이에 해당하지 않습니다.",111,cbt,2022_2,0
345,ipe_industrial,3,2024_1,릴레이션을 조작할 때 데이터의 중복으로 인하여 발생하는 이상 (Anomaly) 현상이 아닌 것은?,검색 이상,삽입 이상,삭제 이상,갱신 이상,1,"데이터 중복으로 인한 이상(Anomaly)에는 삽입 이상, 삭제 이상, 갱신 이상이 있습니다. '검색 이상'은 이에 해당하지 않습니다.",111,cbt,2024_1,0
346,ipe_industrial,3,2026_1,릴레이션을 조작할 때 데이터의 중복으로 인하여 발생하는 이상 (Anomaly) 현상이 아닌 것은?,검색 이상,삽입 이상,삭제 이상,갱신 이상,1,"데이터 중복으로 인한 이상(Anomaly)에는 삽입 이상, 삭제 이상, 갱신 이상이 있습니다. '검색 이상'은 이에 해당하지 않습니다.",111,cbt,2026_1,0
347,ipe_industrial,3,2022_2,관계 데이터베이스의 구성 요소에 대한 다음 설명 중 가장 옳지 않은 것은?,릴레이션은 식별자에 의해 식별이 가능해야 한다.,속성은 릴레이션을 구성하는 항목이다.,하나의 릴레이션을 구성하는 튜플은 모두 같다.,각 속성은 릴레이션 내에서 유일한 이름을 가진다.,3,하나의 릴레이션을 구성하는 튜플들은 서로 중복되지 않고 모두 상이해야 합니다. '튜플이 모두 같다'는 설명이 틀렸습니다.,112,cbt,2022_2,0
348,ipe_industrial,3,2023_2,관계 데이터베이스의 구성 요소에 대한 다음 설명 중 가장 옳지 않은 것은?,릴레이션은 식별자에 의해 식별이 가능해야 한다.,속성은 릴레이션을 구성하는 항목이다.,하나의 릴레이션을 구성하는 튜플은 모두 같다.,각 속성은 릴레이션 내에서 유일한 이름을 가진다.,3,하나의 릴레이션을 구성하는 튜플들은 서로 중복되지 않고 모두 상이해야 합니다. '튜플이 모두 같다'는 설명이 틀렸습니다.,112,cbt,2023_2,0
349,ipe_industrial,3,2023_3,관계 데이터베이스의 구성 요소에 대한 다음 설명 중 가장 옳지 않은 것은?,릴레이션은 식별자에 의해 식별이 가능해야 한다.,속성은 릴레이션을 구성하는 항목이다.,하나의 릴레이션을 구성하는 튜플은 모두 같다.,각 속성은 릴레이션 내에서 유일한 이름을 가진다.,3,하나의 릴레이션을 구성하는 튜플들은 서로 중복되지 않고 모두 상이해야 합니다. '튜플이 모두 같다'는 설명이 틀렸습니다.,112,cbt,2023_3,0
350,ipe_industrial,3,2025_3,관계 데이터베이스의 구성 요소에 대한 다음 설명 중 가장 옳지 않은 것은?,릴레이션은 식별자에 의해 식별이 가능해야 한다.,속성은 릴레이션을 구성하는 항목이다.,하나의 릴레이션을 구성하는 튜플은 모두 같다.,각 속성은 릴레이션 내에서 유일한 이름을 가진다.,3,하나의 릴레이션을 구성하는 튜플들은 서로 중복되지 않고 모두 상이해야 합니다. '튜플이 모두 같다'는 설명이 틀렸습니다.,112,cbt,2025_3,0
351,ipe_industrial,3,2022_2,가장 나중에 삽입된 자료가 가장 먼저 삭제되는 후입선출(LIFO; Last In First Out) 방식으로 자료를 처리하는 자료 구조는?,Queue,Graph,Stack,Tree,3,스택(Stack)은 가장 나중에 삽입된 자료가 가장 먼저 삭제되는 후입선출(LIFO) 구조입니다.,113,cbt,2022_2,0
352,ipe_industrial,3,2023_3,가장 나중에 삽입된 자료가 가장 먼저 삭제되는 후입선출(LIFO; Last In First Out) 방식으로 자료를 처리하는 자료 구조는?,Queue,Graph,Stack,Tree,3,스택(Stack)은 가장 나중에 삽입된 자료가 가장 먼저 삭제되는 후입선출(LIFO) 구조입니다.,113,cbt,2023_3,0
353,ipe_industrial,3,2022_2,데이터 조작문의 유형으로 옳바르지 않은 것은?,SELECT~ FROM~ WHERE~,INSERT ON~ VALUES~,DELETE~ FROM~ WHERE~,UPDATE~ SET~ WHERE~,2,INSERT 문의 표준 형식은 'INSERT INTO ~ VALUES ~'입니다. 'INSERT ON~ VALUES~'는 올바른 SQL 구문이 아닙니다.,114,cbt,2022_2,0
354,ipe_industrial,3,2024_3,데이터 조작문의 유형으로 옳바르지 않은 것은?,SELECT~ FROM~ WHERE~,INSERT ON~ VALUES~,DELETE~ FROM~ WHERE~,UPDATE~ SET~ WHERE~,2,INSERT 문의 표준 형식은 'INSERT INTO ~ VALUES ~'입니다. 'INSERT ON~ VALUES~'는 올바른 SQL 구문이 아닙니다.,114,cbt,2024_3,0
355,ipe_industrial,3,2025_3,데이터 조작문의 유형으로 옳바르지 않은 것은?,SELECT~ FROM~ WHERE~,INSERT ON~ VALUES~,DELETE~ FROM~ WHERE~,UPDATE~ SET~ WHERE~,2,INSERT 문의 표준 형식은 'INSERT INTO ~ VALUES ~'입니다. 'INSERT ON~ VALUES~'는 올바른 SQL 구문이 아닙니다.,114,cbt,2025_3,0
356,ipe_industrial,3,2022_2,"다음 질의문 실행의 결과는? SELECT 가격 FROM 도서가격 WHERE 책번호 = (SELECT 책번호 FROM 도서 WHERE 책명 = '운영체제'); 도서가격(책번호, 가격): 1111(15000), 2222(23000), 3333(7000), 4444(5000) / 도서(책번호, 책명): 1111(운영체제), 2222(세계지도), 3333(생활영어)",5000,7000,15000,23000,3,"부분 질의로 '운영체제' 책의 책번호(1111)를 찾고, 그 책번호의 가격을 <도서가격> 테이블에서 조회하면 15000입니다.",115,cbt,2022_2,1
357,ipe_industrial,3,2023_2,"다음 질의문 실행의 결과는? SELECT 가격 FROM 도서가격 WHERE 책번호 = (SELECT 책번호 FROM 도서 WHERE 책명 = '운영체제'); 도서가격(책번호, 가격): 1111(15000), 2222(23000), 3333(7000), 4444(5000) / 도서(책번호, 책명): 1111(운영체제), 2222(세계지도), 3333(생활영어)",5000,7000,15000,23000,3,"부분 질의로 '운영체제' 책의 책번호(1111)를 찾고, 그 책번호의 가격을 <도서가격> 테이블에서 조회하면 15000입니다.",115,cbt,2023_2,1
358,ipe_industrial,3,2024_1,"다음 질의문 실행의 결과는? SELECT 가격 FROM 도서가격 WHERE 책번호 = (SELECT 책번호 FROM 도서 WHERE 책명 = '운영체제'); 도서가격(책번호, 가격): 1111(15000), 2222(23000), 3333(7000), 4444(5000) / 도서(책번호, 책명): 1111(운영체제), 2222(세계지도), 3333(생활영어)",5000,7000,15000,23000,3,"부분 질의로 '운영체제' 책의 책번호(1111)를 찾고, 그 책번호의 가격을 <도서가격> 테이블에서 조회하면 15000입니다.",115,cbt,2024_1,1
359,ipe_industrial,3,2025_3,"다음 질의문 실행의 결과는? SELECT 가격 FROM 도서가격 WHERE 책번호 = (SELECT 책번호 FROM 도서 WHERE 책명 = '운영체제'); 도서가격(책번호, 가격): 1111(15000), 2222(23000), 3333(7000), 4444(5000) / 도서(책번호, 책명): 1111(운영체제), 2222(세계지도), 3333(생활영어)",5000,7000,15000,23000,3,"부분 질의로 '운영체제' 책의 책번호(1111)를 찾고, 그 책번호의 가격을 <도서가격> 테이블에서 조회하면 15000입니다.",115,cbt,2025_3,1
360,ipe_industrial,1,2022_3,소프트웨어 아키텍처 설계 시 고려사항이 아닌 것은?,개발자와 사용자 간의 의사소통 도구로 활용될 수 있어야 한다.,"이해하기 쉽고, 명확하게 작성해야 한다.",재사용이 불가능하도록 설계해야 한다.,이해 관계자들의 품질 요구사항을 반영하여 품질 속성을 결정한다.,3,"소프트웨어 아키텍처는 재사용이 '가능'하도록 설계해야 하며, 재사용 불가능하게 설계하는 것은 옳은 고려사항이 아닙니다.",116,cbt,2022_3,0
361,ipe_industrial,1,2023_1,소프트웨어 아키텍처 설계 시 고려사항이 아닌 것은?,개발자와 사용자 간의 의사소통 도구로 활용될 수 있어야 한다.,"이해하기 쉽고, 명확하게 작성해야 한다.",재사용이 불가능하도록 설계해야 한다.,이해 관계자들의 품질 요구사항을 반영하여 품질 속성을 결정 한다.,3,"소프트웨어 아키텍처는 재사용이 '가능'하도록 설계해야 하며, 재사용 불가능하게 설계하는 것은 옳은 고려사항이 아닙니다.",116,cbt,2023_1,0
362,ipe_industrial,1,2024_1,소프트웨어 아키텍처 설계 시 고려사항이 아닌 것은?,개발자와 사용자 간의 의사소통 도구로 활용될 수 있어야 한다.,"이해하기 쉽고, 명확하게 작성해야 한다.",재사용이 불가능하도록 설계해야 한다.,이해 관계자들의 품질 요구사항을 반영하여 품질 속성을 결정 한다.,3,"소프트웨어 아키텍처는 재사용이 '가능'하도록 설계해야 하며, 재사용 불가능하게 설계하는 것은 옳은 고려사항이 아닙니다.",116,cbt,2024_1,0
363,ipe_industrial,1,2024_3,소프트웨어 아키텍처 설계 시 고려사항이 아닌 것은?,개발자와 사용자 간의 의사소통 도구로 활용될 수 있어야 한다.,"이해하기 쉽고, 명확하게 작성해야 한다.",재사용이 불가능하도록 설계해야 한다.,이해 관계자들의 품질 요구사항을 반영하여 품질 속성을 결정한다.,3,"소프트웨어 아키텍처는 재사용이 '가능'하도록 설계해야 하며, 재사용 불가능하게 설계하는 것은 옳은 고려사항이 아닙니다.",116,cbt,2024_3,0
364,ipe_industrial,1,2022_3,서로 다른 기기들 간의 데이터 교환을 원활하게 수행할 수 있도록 표준화시켜 놓은 통신 규약을 무엇이라 하는가?,클라이언트,터미널,링크,프로토콜,4,프로토콜은 서로 다른 기기 간 데이터 교환을 위해 정한 표준화된 통신 규약입니다.,117,cbt,2022_3,0
365,ipe_industrial,1,2023_3,서로 다른 기기들 간의 데이터 교환을 원활하게 수행할 수 있도록 표준화시켜 놓은 통신 규약을 무엇이라 하는가?,클라이언트,터미널,링크,프로토콜,4,프로토콜은 서로 다른 기기 간 데이터 교환을 위해 정한 표준화된 통신 규약입니다.,117,cbt,2023_3,0
366,ipe_industrial,1,2022_3,프로세스가 CPU를 점유하고 있는 상태를 무엇이라 하는가?,실행(Running) 상태,준비(Ready) 상태,보류(Block) 상태,조건 만족(Wakeup) 상태,1,프로세스가 CPU를 점유해 실제로 실행 중인 상태를 실행(Running) 상태라고 합니다.,118,cbt,2022_3,0
367,ipe_industrial,1,2025_2,프로세스가 CPU를 점유하고 있는 상태를 무엇이라 하는가?,실행(Running) 상태,준비(Ready) 상태,보류(Block) 상태,조건 만족(Wakeup) 상태,1,프로세스가 CPU를 점유해 실제로 실행 중인 상태를 실행(Running) 상태라고 합니다.,118,cbt,2025_2,0
368,ipe_industrial,1,2022_3,GoF(Gang of Four)의 디자인 패턴 중 데코레이터(Decorator)에 대한 설명으로 옳지 않은 것은?,구조 패턴에 속한다.,호환성이 없는 클래스들의 인터페이스를 다른 클래스가 이용 할 수 있도록 변환해준다.,객체 간의 결합을 통해 능동적으로 기능들을 확장할 수 있다.,임의의 객체에 부가적인 기능을 추가하기 위해 다른 객체들을 덧붙이는 방식으로 구현한다.,2,데코레이터 패턴은 객체에 부가 기능을 추가하기 위해 다른 객체를 덧붙이는 구조 패턴입니다. '호환되지 않는 인터페이스를 변환해준다'는 설명은 어댑터(Adapter) 패턴에 대한 것입니다.,119,cbt,2022_3,0
369,ipe_industrial,1,2024_1,GoF(Gang of Four)의 디자인 패턴 중 데코레이터(Decorator)에 대한 설명으로 옳지 않은 것은?,구조 패턴에 속한다.,호환성이 없는 클래스들의 인터페이스를 다른 클래스가 이용 할 수 있도록 변환해준다.,객체 간의 결합을 통해 능동적으로 기능들을 확장할 수 있다.,임의의 객체에 부가적인 기능을 추가하기 위해 다른 객체들을 덧붙이는 방식으로 구현한다.,2,데코레이터 패턴은 객체에 부가 기능을 추가하기 위해 다른 객체를 덧붙이는 구조 패턴입니다. '호환되지 않는 인터페이스를 변환해준다'는 설명은 어댑터(Adapter) 패턴에 대한 것입니다.,119,cbt,2024_1,0
370,ipe_industrial,1,2024_3,GoF(Gang of Four)의 디자인 패턴 중 데코레이터(Decorator)에 대한 설명으로 옳지 않은 것은?,구조 패턴에 속한다.,호환성이 없는 클래스들의 인터페이스를 다른 클래스가 이용할 수 있도록 변환해준다.,객체 간의 결합을 통해 능동적으로 기능들을 확장할 수 있다.,임의의 객체에 부가적인 기능을 추가하기 위해 다른 객체들을 덧붙이는 방식으로 구현한다.,2,데코레이터 패턴은 객체에 부가 기능을 추가하기 위해 다른 객체를 덧붙이는 구조 패턴입니다. '호환되지 않는 인터페이스를 변환해준다'는 설명은 어댑터(Adapter) 패턴에 대한 것입니다.,119,cbt,2024_3,0
371,ipe_industrial,1,2026_1,GoF(Gang of Four)의 디자인 패턴 중 데코레이터(Decorator)에 대한 설명으로 옳지 않은 것은?,구조 패턴에 속한다.,호환성이 없는 클래스들의 인터페이스를 다른 클래스가 이용 할 수 있도록 변환해준다.,객체 간의 결합을 통해 능동적으로 기능들을 확장할 수 있다.,임의의 객체에 부가적인 기능을 추가하기 위해 다른 객체들을 덧붙이는 방식으로 구현한다.,2,데코레이터 패턴은 객체에 부가 기능을 추가하기 위해 다른 객체를 덧붙이는 구조 패턴입니다. '호환되지 않는 인터페이스를 변환해준다'는 설명은 어댑터(Adapter) 패턴에 대한 것입니다.,119,cbt,2026_1,0
372,ipe_industrial,1,2022_3,가상기억장치에 대한 설명으로 옳지 않은 것은?,기억공간의 확장을 위한 것이다.,주소 변환 작업이 필요하다.,소프트웨어적인 방법이다.,주기억장치를 보조기억장치처럼 사용한다.,4,가상기억장치는 보조기억장치의 일부를 주기억장치처럼 '보이게' 만드는 소프트웨어적 기법입니다. 주기억장치를 보조기억장치처럼 사용한다는 설명은 반대로 된 틀린 설명입니다.,120,cbt,2022_3,0
373,ipe_industrial,1,2024_1,가상기억장치에 대한 설명으로 옳지 않은 것은?,기억공간의 확장을 위한 것이다.,주소 변환 작업이 필요하다.,소프트웨어적인 방법이다.,주기억장치를 보조기억장치처럼 사용한다.,4,가상기억장치는 보조기억장치의 일부를 주기억장치처럼 '보이게' 만드는 소프트웨어적 기법입니다. 주기억장치를 보조기억장치처럼 사용한다는 설명은 반대로 된 틀린 설명입니다.,120,cbt,2024_1,0
374,ipe_industrial,1,2025_1,가상기억장치에 대한 설명으로 옳지 않은 것은?,기억공간의 확장을 위한 것이다.,주소 변환 작업이 필요하다.,소프트웨어적인 방법이다.,주기억장치를 보조기억장치처럼 사용한다.,4,가상기억장치는 보조기억장치의 일부를 주기억장치처럼 '보이게' 만드는 소프트웨어적 기법입니다. 주기억장치를 보조기억장치처럼 사용한다는 설명은 반대로 된 틀린 설명입니다.,120,cbt,2025_1,0
375,ipe_industrial,1,2022_3,RR(Round Robin) 스케줄링에서 시간 할당량이 커질 경우 어떤 스케줄링과 같은 효과를 얻는가?,HRN,FCFS(FIFO),SJF,SRT,2,RR(라운드 로빈)에서 타임 슬라이스를 매우 크게 하면 한 프로세스가 끝날 때까지 계속 실행하게 되어 결과적으로 FCFS와 같아집니다.,121,cbt,2022_3,0
376,ipe_industrial,1,2024_1,RR(Round Robin) 스케줄링에서 시간 할당량이 커질 경우 어떤 스케줄링과 같은 효과를 얻는가?,HRN,FCFS(FIFO),SJF,SRT,2,RR(라운드 로빈)에서 타임 슬라이스를 매우 크게 하면 한 프로세스가 끝날 때까지 계속 실행하게 되어 결과적으로 FCFS와 같아집니다.,121,cbt,2024_1,0
377,ipe_industrial,1,2025_3,RR(Round Robin) 스케줄링에서 시간 할당량이 커질 경우 어떤 스케줄링과 같은 효과를 얻는가?,HRN,FCFS(FIFO),SJF,SRT,2,RR(라운드 로빈)에서 타임 슬라이스를 매우 크게 하면 한 프로세스가 끝날 때까지 계속 실행하게 되어 결과적으로 FCFS와 같아집니다.,121,cbt,2025_3,0
378,ipe_industrial,1,2026_1,RR(Round Robin) 스케줄링에서 시간 할당량이 커질 경우 어떤 스케줄링과 같은 효과를 얻는가?,HRN,FCFS(FIFO),SJF,SRT,2,RR(라운드 로빈)에서 타임 슬라이스를 매우 크게 하면 한 프로세스가 끝날 때까지 계속 실행하게 되어 결과적으로 FCFS와 같아집니다.,121,cbt,2026_1,0
379,ipe_industrial,1,2022_3,세그먼테이션(Segmentation) 기법에 대한 설명으로 옳은 것은?,프로그램을 가변적인 크기의 논리적인 단위로 나눈다.,외부 단편화는 발생하지 않으나 내부 단편화는 발생할 수 있다.,주소 변환을 위해서 페이지의 위치 정보를 가지고 있는 페이지 맵 테이블(Page Map Table)이 필요하다.,"페이지 맵 테이블 사용으로 비용이 증가되고, 처리 속도가 감소된다.",1,"세그먼테이션 기법은 프로그램을 가변 크기의 논리적 단위(세그먼트)로 나누는 기법이며, 이 과정에서 외부 단편화가 발생할 수 있습니다.",122,cbt,2022_3,0
380,ipe_industrial,1,2023_1,세그먼테이션(Segmentation) 기법에 대한 설명으로 옳은 것은?,프로그램을 가변적인 크기의 논리적인 단위로 나눈다.,외부 단편화는 발생하지 않으나 내부 단편화는 발생할 수 있다.,주소 변환을 위해서 페이지의 위치 정보를 가지고 있는 페이지 맵 테이블(Page Map Table)이 필요하다.,"페이지 맵 테이블 사용으로 비용이 증가되고, 처리 속도가 감소 된다.",1,"세그먼테이션 기법은 프로그램을 가변 크기의 논리적 단위(세그먼트)로 나누는 기법이며, 이 과정에서 외부 단편화가 발생할 수 있습니다.",122,cbt,2023_1,0
381,ipe_industrial,1,2023_3,세그먼테이션(Segmentation) 기법에 대한 설명으로 옳은 것은?,프로그램을 가변적인 크기의 논리적인 단위로 나눈다.,외부 단편화는 발생하지 않으나 내부 단편화는 발생할 수 있다.,주소 변환을 위해서 페이지의 위치 정보를 가지고 있는 페이지 맵 테이블(Page Map Table)이 필요하다.,"페이지 맵 테이블 사용으로 비용이 증가되고, 처리 속도가 감소 된다.",1,"세그먼테이션 기법은 프로그램을 가변 크기의 논리적 단위(세그먼트)로 나누는 기법이며, 이 과정에서 외부 단편화가 발생할 수 있습니다.",122,cbt,2023_3,0
382,ipe_industrial,1,2025_2,세그먼테이션(Segmentation) 기법에 대한 설명으로 옳은 것은?,프로그램을 가변적인 크기의 논리적인 단위로 나눈다.,외부 단편화는 발생하지 않으나 내부 단편화는 발생할 수 있다.,주소 변환을 위해서 페이지의 위치 정보를 가지고 있는 페이지 맵 테이블(Page Map Table)이 필요하다.,"페이지 맵 테이블 사용으로 비용이 증가되고, 처리 속도가 감소 된다.",1,"세그먼테이션 기법은 프로그램을 가변 크기의 논리적 단위(세그먼트)로 나누는 기법이며, 이 과정에서 외부 단편화가 발생할 수 있습니다.",122,cbt,2025_2,0
383,ipe_industrial,1,2022_3,TCP/IP의 IP Layer에 해당하는 프로토콜은?,ICMP,SMTP,HTTP,UDP,1,"ICMP는 IP 계층(인터넷 계층)에서 오류 보고·진단 메시지를 처리하는 프로토콜입니다. SMTP·HTTP는 응용 계층, UDP는 전송 계층 프로토콜입니다.",123,cbt,2022_3,0
384,ipe_industrial,1,2025_2,TCP/IP의 IP Layer에 해당하는 프로토콜은?,UDP,HTTP,ICMP,SMTP,3,"ICMP는 IP 계층(인터넷 계층)에서 오류 보고·진단 메시지를 처리하는 프로토콜입니다. SMTP·HTTP는 응용 계층, UDP는 전송 계층 프로토콜입니다.",123,cbt,2025_2,0
385,ipe_industrial,1,2022_3,OSI 7계층에서 발신지와 목적지의 논리 주소가 추가된 패킷을 최종 목적지까지 전달하는 책임을 지는 계층은?,물리 계층,데이터링크 계층,네트워크 계층,세션 계층,3,네트워크 계층은 발신지·목적지의 논리 주소를 이용해 패킷을 최종 목적지까지 전달(라우팅)하는 책임을 집니다.,124,cbt,2022_3,0
386,ipe_industrial,1,2022_3,"시스템 분석, 설계, 구현 등 시스템 개발 과정에서 시스템 개발자와 고객 또는 개발자 상호 간의 의사소통이 원활하게 이루어지도록 표준화한 통합 모델링 언어는?",JAVA,PHP,UML,ASP,3,UML(Unified Modeling Language)은 시스템 개발자와 고객 간 의사소통을 돕기 위해 표준화된 통합 모델링 언어입니다.,125,cbt,2022_3,0
387,ipe_industrial,1,2023_3,"시스템 분석, 설계, 구현 등 시스템 개발 과정에서 시스템 개발자와 고객 또는 개발자 상호 간의 의사소통이 원활하게 이루어지도록 표준화한 통합 모델링 언어는?",JAVA,PHP,UML,ASP,3,UML(Unified Modeling Language)은 시스템 개발자와 고객 간 의사소통을 돕기 위해 표준화된 통합 모델링 언어입니다.,125,cbt,2023_3,0
388,ipe_industrial,1,2025_1,"시스템 분석, 설계, 구현 등 시스템 개발 과정에서 시스템 개발자와 고객 또는 개발자 상호 간의 의사소통이 원활하게 이루어지도록 표준화한 통합 모델링 언어는?",JAVA,PHP,UML,ASP,3,UML(Unified Modeling Language)은 시스템 개발자와 고객 간 의사소통을 돕기 위해 표준화된 통합 모델링 언어입니다.,125,cbt,2025_1,0
389,ipe_industrial,1,2026_1,"시스템 분석, 설계, 구현 등 시스템 개발 과정에서 시스템 개발자와 고객 또는 개발자 상호 간의 의사소통이 원활하게 이루어지도록 표준화한 통합 모델링 언어는?",UML,JAVA,PHP,ASP,1,UML(Unified Modeling Language)은 시스템 개발자와 고객 간 의사소통을 돕기 위해 표준화된 통합 모델링 언어입니다.,125,cbt,2026_1,0
390,ipe_industrial,1,2022_3,디자인 패턴에서 생성 패턴에 속하지 않는 것은?,Singleton,Builder,Prototype,Adapter,4,"생성 패턴에는 Singleton, Builder, Prototype, Factory Method, Abstract Factory 등이 있습니다. Adapter는 구조 패턴에 속합니다.",126,cbt,2022_3,0
391,ipe_industrial,1,2025_3,디자인 패턴에서 생성 패턴에 속하지 않는 것은?,Singleton,Builder,Prototype,Adapter,4,"생성 패턴에는 Singleton, Builder, Prototype, Factory Method, Abstract Factory 등이 있습니다. Adapter는 구조 패턴에 속합니다.",126,cbt,2025_3,0
392,ipe_industrial,1,2022_3,빌드 자동화 도구인 Gradle에 대한 설명으로 옳지 않은 것은?,Groovy를 사용해서 만든 DSL(Domain Specific Language) 을 스크립트 언어로 사용한다.,실행할 처리 명령들을 모아 태스크로 만든 후 태스크 단위로 실행한다.,"JAVA 기반의 오픈 소스 형태로, 서블릿 컨테이너에서 실행되 는 서버 기반 도구이다.",Gradle Wrapper를 이용하여 별도의 설치 없이 Gradle을 사 용할 수 있다.,3,"Gradle은 Groovy 기반 DSL을 사용하는 빌드 자동화 도구로, 로컬에서 빌드 작업을 태스크 단위로 실행합니다. '서블릿 컨테이너에서 실행되는 서버 기반 도구'라는 설명은 옳지 않습니다(그런 도구가 아님).",127,cbt,2022_3,0
393,ipe_industrial,1,2022_3,"현재 헤드의 위치가 50에 있고, 요청 대기열에는 아래와 같은 순서로 들어 있다고 가정할 때 FCFS 스케줄링 알고리즘에 의한 헤드의 총 이동 거리는 얼마인가? 100, 180, 40, 120, 0, 130, 70, 80, 150, 200",790,380,370,250,1,"FCFS는 요청 순서 그대로 헤드를 이동합니다. 현재 위치 50에서 순서대로(100,180,40,120,0,130,70,80,150,200) 이동 거리를 모두 더하면 총 790트랙이 됩니다.",128,cbt,2022_3,0
394,ipe_industrial,1,2023_1,"현재 헤드의 위치가 50에 있고, 요청 대기열에는 아래와 같은 순서로 들어 있다고 가정할 때 FCFS 스케줄링 알고리즘에 의한 헤드의 총 이동 거리는 얼마인가? 100, 180, 40, 120, 0, 130, 70, 80, 150, 200",790,380,370,250,1,"FCFS는 요청 순서 그대로 헤드를 이동합니다. 현재 위치 50에서 순서대로(100,180,40,120,0,130,70,80,150,200) 이동 거리를 모두 더하면 총 790트랙이 됩니다.",128,cbt,2023_1,0
395,ipe_industrial,1,2023_3,"현재 헤드의 위치가 50에 있고, 요청 대기열에는 아래와 같은 순서로 들어 있다고 가정할 때 FCFS 스케줄링 알고리즘에 의한 헤드의 총 이동 거리는 얼마인가? 100, 180, 40, 120, 0, 130, 70, 80, 150, 200",790,380,370,250,1,"FCFS는 요청 순서 그대로 헤드를 이동합니다. 현재 위치 50에서 순서대로(100,180,40,120,0,130,70,80,150,200) 이동 거리를 모두 더하면 총 790트랙이 됩니다.",128,cbt,2023_3,0
396,ipe_industrial,1,2025_2,"현재 헤드의 위치가 50에 있고, 요청 대기열에는 아래와 같은 순서로 들어 있다고 가정할 때 FCFS 스케줄링 알고리즘에 의한 헤드의 총 이동 거리는 얼마인가? 100, 180, 40, 120, 0, 130, 70, 80, 150, 200",790,380,370,250,1,"FCFS는 요청 순서 그대로 헤드를 이동합니다. 현재 위치 50에서 순서대로(100,180,40,120,0,130,70,80,150,200) 이동 거리를 모두 더하면 총 790트랙이 됩니다.",128,cbt,2025_2,0
397,ipe_industrial,1,2022_3,소프트웨어 테스트 순서로 올바로 나열된 것은?,단위 테스트 → 인수 테스트 → 통합 테스트 → 시스템 테스트,단위 테스트 → 통합 테스트 → 시스템 테스트 → 인수 테스트,인수 테스트 → 단위 테스트 → 시스템 테스트 → 통합 테스트,시스템 테스트 → 인수 테스트 → 단위 테스트 → 통합 테스트,2,소프트웨어 테스트는 단위 테스트 → 통합 테스트 → 시스템 테스트 → 인수 테스트 순서로 진행됩니다.,129,cbt,2022_3,0
398,ipe_industrial,1,2023_3,소프트웨어 테스트 순서로 올바로 나열된 것은?,단위 테스트 → 인수 테스트 → 통합 테스트 → 시스템 테스트,단위 테스트 → 통합 테스트 → 시스템 테스트 → 인수 테스트,인수 테스트 → 단위 테스트 → 시스템 테스트 → 통합 테스트,시스템 테스트 → 인수 테스트 → 단위 테스트 → 통합 테스트,2,소프트웨어 테스트는 단위 테스트 → 통합 테스트 → 시스템 테스트 → 인수 테스트 순서로 진행됩니다.,129,cbt,2023_3,0
399,ipe_industrial,1,2025_1,소프트웨어 테스트 순서로 올바로 나열된 것은?,단위 테스트 → 인수 테스트 → 통합 테스트 → 시스템 테스트,단위 테스트 → 통합 테스트 → 시스템 테스트 → 인수 테스트,인수 테스트 → 단위 테스트 → 시스템 테스트 → 통합 테스트,시스템 테스트 → 인수 테스트 → 단위 테스트 → 통합 테스트,2,소프트웨어 테스트는 단위 테스트 → 통합 테스트 → 시스템 테스트 → 인수 테스트 순서로 진행됩니다.,129,cbt,2025_1,0
400,ipe_industrial,1,2026_1,소프트웨어 테스트 순서로 올바로 나열된 것은?,단위 테스트 → 인수 테스트 → 통합 테스트 → 시스템 테스트,단위 테스트 → 통합 테스트 → 시스템 테스트 → 인수 테스트,인수 테스트 → 단위 테스트 → 시스템 테스트 → 통합 테스트,시스템 테스트 → 인수 테스트 → 단위 테스트 → 통합 테스트,2,소프트웨어 테스트는 단위 테스트 → 통합 테스트 → 시스템 테스트 → 인수 테스트 순서로 진행됩니다.,129,cbt,2026_1,0
401,ipe_industrial,1,2022_3,데이터 전송에서 한 문자의 전송 시마다 스타트 비트와 스톱 비트를 삽입하여 전송하는 방식은?,동기식,비동기식,베이스밴드식,혼합 동기식,2,"비동기식 전송은 문자마다 시작(Start) 비트와 정지(Stop) 비트를 붙여 전송하며, 문자 사이의 휴지 시간이 불규칙합니다.",130,cbt,2022_3,0
402,ipe_industrial,1,2024_2,데이터 전송에서 한 문자의 전송 시마다 스타트 비트와 스톱 비트를 삽입하여 전송하는 방식은?,동기식,비동기식,베이스밴드식,혼합 동기식,2,"비동기식 전송은 문자마다 시작(Start) 비트와 정지(Stop) 비트를 붙여 전송하며, 문자 사이의 휴지 시간이 불규칙합니다.",130,cbt,2024_2,0
403,ipe_industrial,1,2025_3,데이터 전송에서 한 문자의 전송 시마다 스타트 비트와 스톱 비트를 삽입하여 전송하는 방식은?,동기식,비동기식,베이스밴드식,혼합 동기식,2,"비동기식 전송은 문자마다 시작(Start) 비트와 정지(Stop) 비트를 붙여 전송하며, 문자 사이의 휴지 시간이 불규칙합니다.",130,cbt,2025_3,0
404,ipe_industrial,1,2022_3,객체지향기법에서 객체가 메시지를 받아 실행해야 할 때 객체의 구체적인 연산을 정의한 것은?,Instance,Method,Message,Class,2,메소드(Method)는 객체가 메시지를 받았을 때 실행할 구체적인 연산(동작)을 정의한 것입니다.,131,cbt,2022_3,0
405,ipe_industrial,1,2024_2,객체 지향 기법에서 객체가 메시지를 받아 실행해야 할 때 객체의 구체적인 연산을 정의한 것은?,Instance,Method,Message,Class,2,메소드(Method)는 객체가 메시지를 받았을 때 실행할 구체적인 연산(동작)을 정의한 것입니다.,131,cbt,2024_2,0
406,ipe_industrial,1,2025_1,객체 지향 기법에서 객체가 메시지를 받아 실행해야 할 때 객체의 구체적인 연산을 정의한 것은?,Instance,Method,Message,Class,2,메소드(Method)는 객체가 메시지를 받았을 때 실행할 구체적인 연산(동작)을 정의한 것입니다.,131,cbt,2025_1,0
407,ipe_industrial,1,2022_3,통합 테스트에 해당하지 않는 것은?,상향식 테스트,하향식 테스트,혼합식 테스트,강도 테스트,4,통합 테스트에는 상향식·하향식·혼합식(빅뱅) 테스트가 있습니다. 강도 테스트(Stress Test)는 성능 테스트의 한 종류로 통합 테스트 분류에 속하지 않습니다.,132,cbt,2022_3,0
408,ipe_industrial,1,2022_3,루프 검사(Loop Test)에서 찾아볼 수 있는 4가지 반복 구조가 아닌 것은?,단순 반복,중첩 반복,구조적 반복,비구조적 반복,3,"루프 검사의 4가지 반복 구조는 단순 반복, 중첩 반복, 연결된(concatenated) 반복, 비구조적 반복입니다. '구조적 반복'은 이 네 가지에 속하지 않는 용어입니다.",133,cbt,2022_3,0
409,ipe_industrial,1,2023_1,루프 검사(Loop Test)에서 찾아볼 수 있는 4가지 반복 구조가 아닌 것은?,단순 반복,중첩 반복,구조적 반복,비구조적 반복,3,"루프 검사의 4가지 반복 구조는 단순 반복, 중첩 반복, 연결된(concatenated) 반복, 비구조적 반복입니다. '구조적 반복'은 이 네 가지에 속하지 않는 용어입니다.",133,cbt,2023_1,0
410,ipe_industrial,1,2023_2,루프 검사(Loop Test)에서 찾아볼 수 있는 4가지 반복 구조가 아닌 것은?,연산식 반복,단순 반복,중첩 반복,비구조적 반복,1,"루프 검사의 4가지 반복 구조는 단순 반복, 중첩 반복, 연결된(concatenated) 반복, 비구조적 반복입니다. '구조적 반복'은 이 네 가지에 속하지 않는 용어입니다.",133,cbt,2023_2,0
411,ipe_industrial,1,2023_3,루프 검사(Loop Test)에서 찾아볼 수 있는 4가지 반복 구조가 아닌 것은?,연산식 반복,단순 반복,중첩 반복,비구조적 반복,1,"루프 검사의 4가지 반복 구조는 단순 반복, 중첩 반복, 연결된(concatenated) 반복, 비구조적 반복입니다. '구조적 반복'은 이 네 가지에 속하지 않는 용어입니다.",133,cbt,2023_3,0
412,ipe_industrial,1,2024_3,루프 검사(Loop Test)에서 찾아볼 수 있는 4가지 반복 구조가 아닌 것은?,단순 반복,중첩 반복,구조적 반복,비구조적 반복,3,"루프 검사의 4가지 반복 구조는 단순 반복, 중첩 반복, 연결된(concatenated) 반복, 비구조적 반복입니다. '구조적 반복'은 이 네 가지에 속하지 않는 용어입니다.",133,cbt,2024_3,0
413,ipe_industrial,1,2022_3,"FIFO 스케줄링에서 작업 도착 시간과 CPU 사용 시간은 다음 표와 같다. 모든 작업들의 평균 대기 시간은 얼마인가?

| 작업 | 도착 시간 | CPU 사용시간 |
|---|---|---|
| 작업1 | 0 | 4 |
| 작업2 | 1 | 10 |
| 작업3 | 4 | 1 |
| 작업4 | 8 | 7 |",5,5.5,13.75,3.25,1,"FIFO(도착순)로 작업1(도착0,실행4)→작업2(도착1,실행10)→작업3(도착4,실행1)→작업4(도착8,실행7) 실행 시, 시작시각은 0,4,14,15이며 대기시간(시작-도착)은 0,3,10,7로 평균 (0+3+10+7)/4=5입니다.",134,cbt,2022_3,1
414,ipe_industrial,1,2024_1,"FIFO 스케줄링에서 작업 도착 시간과 CPU 사용 시간은 다음 표와 같다. 모든 작업들의 평균 대기 시간은 얼마인가?

| 작업 | 도착 시간 | CPU 사용시간 |
|---|---|---|
| 작업1 | 0 | 4 |
| 작업2 | 1 | 10 |
| 작업3 | 4 | 1 |
| 작업4 | 8 | 7 |",5,5.5,13.75,3.25,1,"FIFO(도착순)로 작업1(도착0,실행4)→작업2(도착1,실행10)→작업3(도착4,실행1)→작업4(도착8,실행7) 실행 시, 시작시각은 0,4,14,15이며 대기시간(시작-도착)은 0,3,10,7로 평균 (0+3+10+7)/4=5입니다.",134,cbt,2024_1,1
415,ipe_industrial,1,2025_3,"FIFO 스케줄링에서 작업 도착 시간과 CPU 사용 시간은 다음 표와 같다. 모든 작업들의 평균 대기 시간은 얼마인가?

| 작업 | 도착 시간 | CPU 사용시간 |
|---|---|---|
| 작업1 | 0 | 4 |
| 작업2 | 1 | 10 |
| 작업3 | 4 | 1 |
| 작업4 | 8 | 7 |",5,5.5,13.75,3.25,1,"FIFO(도착순)로 작업1(도착0,실행4)→작업2(도착1,실행10)→작업3(도착4,실행1)→작업4(도착8,실행7) 실행 시, 시작시각은 0,4,14,15이며 대기시간(시작-도착)은 0,3,10,7로 평균 (0+3+10+7)/4=5입니다.",134,cbt,2025_3,1
416,ipe_industrial,1,2022_3,기업의 소프트웨어 인프라인 정보 시스템을 공유와 재사용이 가능 한 서비스 단위로 구축하는 정보기술 아키텍처를 의미하는 용어는?,SOA,OGSA,Mashup,SDE,1,SOA(Service Oriented Architecture)는 정보 시스템을 공유·재사용 가능한 서비스 단위로 구축하는 IT 아키텍처입니다.,135,cbt,2022_3,0
417,ipe_industrial,1,2023_2,기업의 소프트웨어 인프라인 정보 시스템을 공유와 재사용이 가능한 서비스 단위로 구축하는 정보기술 아키텍처를 의미하는 용어는?,SOA,OGSA,Mashup,SDE,1,SOA(Service Oriented Architecture)는 정보 시스템을 공유·재사용 가능한 서비스 단위로 구축하는 IT 아키텍처입니다.,135,cbt,2023_2,0
418,ipe_industrial,1,2026_1,기업의 소프트웨어 인프라인 정보 시스템을 공유와 재사용이 가능한 서비스 단위로 구축하는 정보기술 아키텍처를 의미하는 용어는?,SOA,OGSA,Mashup,SDE,1,SOA(Service Oriented Architecture)는 정보 시스템을 공유·재사용 가능한 서비스 단위로 구축하는 IT 아키텍처입니다.,135,cbt,2026_1,0
419,ipe_industrial,2,2022_3,"다음은 아이디와 암호를 입력하는 로그인 창을 JavaScript로 구현한 것이다. 괄호(㉠~㉣)에 들어갈 적합한 속성은? <html> <body> <(  ㉠  ) (  ㉡  )=""post"" (  ㉢  )=""log01.jsp""> <p>아이디<input type=""text"" name=""id""></p> <p>암호<input type=""password"" name=""pw""></p> <(  ㉣  )> </body> </html>","㉠ form, ㉡ action, ㉢ method, ㉣ /form","㉠ form, ㉡ method, ㉢ action, ㉣ /form","㉠ function, ㉡ form, ㉢ method, ㉣ /function","㉠ function, ㉡ action, ㉢ form, ㉣ /function",2,"<form> 태그를 열고, method(전송방식)와 action(대상 URL) 속성을 지정한 뒤 </form>으로 닫습니다.",136,cbt,2022_3,0
420,ipe_industrial,2,2024_1,"다음은 아이디와 암호를 입력하는 로그인 창을 JavaScript로 구현한 것이다. 괄호(㉠~㉣)에 들어갈 적합한 속성은? <html> <body> <(  ㉠  ) (  ㉡  )=""post"" (  ㉢  )=""log01.jsp""> <p>아이디<input type=""text"" name=""id""></p> <p>암호<input type=""password"" name=""pw""></p> <(  ㉣  )> </body> </html>","㉠ form, ㉡ action, ㉢ method, ㉣ /form","㉠ form, ㉡ method, ㉢ action, ㉣ /form","㉠ function, ㉡ form, ㉢ method, ㉣ /function","㉠ function, ㉡ action, ㉢ form, ㉣ /function",2,"<form> 태그를 열고, method(전송방식)와 action(대상 URL) 속성을 지정한 뒤 </form>으로 닫습니다.",136,cbt,2024_1,0
421,ipe_industrial,2,2025_1,"다음은 아이디와 암호를 입력하는 로그인 창을 JavaScript로 구현한 것이다. 괄호(㉠~㉣)에 들어갈 적합한 속성은? <html> <body> <(  ㉠  ) (  ㉡  )=""post"" (  ㉢  )=""log01.jsp""> <p>아이디<input type=""text"" name=""id""></p> <p>암호<input type=""password"" name=""pw""></p> <(  ㉣  )> </body> </html>","㉠ form, ㉡ action, ㉢ method, ㉣ /form","㉠ form, ㉡ method, ㉢ action, ㉣ /form","㉠ function, ㉡ form, ㉢ method, ㉣ /function","㉠ function, ㉡ action, ㉢ form, ㉣ /function",2,"<form> 태그를 열고, method(전송방식)와 action(대상 URL) 속성을 지정한 뒤 </form>으로 닫습니다.",136,cbt,2025_1,0
422,ipe_industrial,2,2022_3,Java의 라이브러리 중 객체 단위 입력을 위한 기능 및 프로토콜을 제공하는 클래스는?,ObjectInputStream,DataInputStream,FileInputStream,IOException,1,ObjectInputStream은 객체 단위로 입력을 처리하는 Java 입출력 클래스입니다.,137,cbt,2022_3,0
423,ipe_industrial,2,2022_3,"다음 C언어 코드에서 괄호에 들어갈 알맞은 예약어는? #include <stdio.h> int func(int i, int j) { int sum = i + j; (      ) sum; } main( ) { int r = func(3, 5); }",print,input,continue,return,4,함수가 계산 결과 sum을 호출한 곳으로 반환하기 위해서는 return 문이 필요합니다.,138,cbt,2022_3,0
424,ipe_industrial,2,2023_3,"다음 C 언어 코드에서 괄호에 들어갈 알맞은 예약어는? #include <stdio.h> int func(int i, int j) { int sum = i + j; (      ) sum; } main( ) { int r = func(3, 5); }",print,input,continue,return,4,함수가 계산 결과 sum을 호출한 곳으로 반환하기 위해서는 return 문이 필요합니다.,138,cbt,2023_3,0
425,ipe_industrial,2,2026_1,"다음 C언어 코드에서 괄호에 들어갈 알맞은 예약어는? #include <stdio.h> int func(int i, int j) { int sum = i + j; (      ) sum; } main( ) { int r = func(3, 5); }",print,input,continue,return,4,함수가 계산 결과 sum을 호출한 곳으로 반환하기 위해서는 return 문이 필요합니다.,138,cbt,2026_1,0
426,ipe_industrial,2,2022_3,"다음 C언어 코드에서 괄호에 들어갈 알맞은 코드는? #include <stdio.h> struct st { int x; int y; }; int calc(int i, int j) { return i - j; } main( ) { struct st r; r.x = 20000; r.y = 7000; printf(""%d"", (        )); }","st(x, y)","calc(x, y)","st(r.x, r.y)","calc(r.x, r.y)",4,"구조체 멤버 r.x, r.y 값을 인수로 calc 함수를 호출하는 calc(r.x, r.y)가 올바른 함수 호출 코드입니다.",139,cbt,2022_3,0
427,ipe_industrial,2,2022_3,JavaScript에서 화면에 숫자 100을 출력하는 명령문으로 올바른 것은?,write(100),document.write(100),print(100),console.print(100),2,document.write(100)은 JavaScript에서 화면(문서)에 값을 출력하는 표준 메소드입니다.,140,cbt,2022_3,0
428,ipe_industrial,2,2022_3,"다음은 1000까지의 7의 배수를 모두 합하는 JavaScript 코드이다. 괄호(㉠, ㉡)에 들어갈 알맞은 예약어는? …생략… <script> var r = 0, i = 0; (  ㉠  ) { i = i + 1; if (i%7 == 0) { r = r + i; } } (  ㉡  ) (i < 1000); console.log(r); </script> …생략…","㉠-do, ㉡-while","㉠-do, ㉡-loop","㉠-while, ㉡-do","㉠-loop, ㉡-do",1,"do{...}while(조건); 구문은 본문을 먼저 한 번 실행한 뒤 조건을 검사하며, 조건이 참인 동안 반복합니다.",141,cbt,2022_3,0
429,ipe_industrial,2,2024_1,"다음은 1000까지의 7의 배수를 모두 합하는 JavaScript 코드이다. 괄호(㉠, ㉡)에 들어갈 알맞은 예약어는? …생략… <script> var r = 0, i = 0; (  ㉠  ) { i = i + 1; if (i%7 == 0) { r = r + i; } } (  ㉡  ) (i < 1000); console.log(r); </script> …생략…","㉠-do, ㉡-while","㉠-do, ㉡-loop","㉠-while, ㉡-do","㉠-loop, ㉡-do",1,"do{...}while(조건); 구문은 본문을 먼저 한 번 실행한 뒤 조건을 검사하며, 조건이 참인 동안 반복합니다.",141,cbt,2024_1,0
430,ipe_industrial,2,2025_3,"다음은 1000까지의 7의 배수를 모두 합하는 JavaScript 코드이다. 괄호(㉠, ㉡)에 들어갈 알맞은 예약어는? …생략… <script> var r = 0, i = 0; ( ㉠ ) { i = i + 1; if (i%7 == 0) { r = r + i; } } ( ㉡ ) (i < 1000); console.log(r); </script> …생략…","㉠-do, ㉡-while","㉠-do, ㉡-loop","㉠-while, ㉡-do","㉠-loop, ㉡-do",1,"do{...}while(조건); 구문은 본문을 먼저 한 번 실행한 뒤 조건을 검사하며, 조건이 참인 동안 반복합니다.",141,cbt,2025_3,0
431,ipe_industrial,2,2022_3,다음 중 C언어에서 반드시 정수를 사용해야 하는 연산자는?,%,/,*,+,1,"나머지 연산자(%)는 정수형 피연산자에만 사용할 수 있으며, 실수에 사용하면 오류가 발생합니다.",142,cbt,2022_3,0
432,ipe_industrial,2,2023_2,다음 중 C 언어에서 반드시 정수를 사용해야 하는 연산자는?,%,/,*,+,1,"나머지 연산자(%)는 정수형 피연산자에만 사용할 수 있으며, 실수에 사용하면 오류가 발생합니다.",142,cbt,2023_2,0
433,ipe_industrial,2,2022_3,파이썬의 변수명으로 올바르지 않은 것은?,signed,3edc,PI,ed_sp,2,3edc는 숫자로 시작하므로 Python 변수명으로 사용할 수 없습니다.,143,cbt,2022_3,0
434,ipe_industrial,2,2023_2,파이썬의 변수명으로 올바르지 않은 것은?,signed,3edc,PI,ed_sp,2,3edc는 숫자로 시작하므로 Python 변수명으로 사용할 수 없습니다.,143,cbt,2023_2,0
435,ipe_industrial,2,2023_3,파이썬의 변수명으로 올바르지 않은 것은?,signed,3edc,PI,ed_sp,2,3edc는 숫자로 시작하므로 Python 변수명으로 사용할 수 없습니다.,143,cbt,2023_3,0
436,ipe_industrial,2,2022_3,C언어에서 문자로 저장된 파일의 데이터를 숫자로 읽어 들일 때 사용할 수 있는 함수는?,fscanf,fgets,scanf,gets,1,fscanf는 파일에서 서식에 맞춰(문자를 숫자 등으로 변환하며) 데이터를 읽어 들이는 함수입니다.,144,cbt,2022_3,0
437,ipe_industrial,2,2022_3,다음 중 가장 결합도가 강한 것은?,Data Coupling,Stamp Coupling,Content Coupling,Control Coupling,3,"결합도는 자료 < 스탬프 < 제어 < 외부 < 공통 < 내용(Content) 순으로 강해지며, 내용 결합도가 가장 강합니다.",145,cbt,2022_3,0
438,ipe_industrial,1,2023_1,다음 중 가장 결합도가 강한 것은?,Data Coupling,Stamp Coupling,Content Coupling,Control Coupling,3,"결합도는 자료 < 스탬프 < 제어 < 외부 < 공통 < 내용(Content) 순으로 강해지며, 내용 결합도가 가장 강합니다.",145,cbt,2023_1,0
439,ipe_industrial,2,2023_2,다음 중 가장 결합도가 강한 것은?,Data Coupling,Stamp Coupling,Content Coupling,Control Coupling,3,"결합도는 자료 < 스탬프 < 제어 < 외부 < 공통 < 내용(Content) 순으로 강해지며, 내용 결합도가 가장 강합니다.",145,cbt,2023_2,0
440,ipe_industrial,1,2024_1,다음 중 가장 결합도가 강한 것은?,Data Coupling,Stamp Coupling,Content Coupling,Control Coupling,3,"결합도는 자료 < 스탬프 < 제어 < 외부 < 공통 < 내용(Content) 순으로 강해지며, 내용 결합도가 가장 강합니다.",145,cbt,2024_1,0
441,ipe_industrial,2,2024_1,다음 중 가장 결합도가 강한 것은?,Data Coupling,Stamp Coupling,Content Coupling,Control Coupling,3,"결합도는 자료 < 스탬프 < 제어 < 외부 < 공통 < 내용(Content) 순으로 강해지며, 내용 결합도가 가장 강합니다.",145,cbt,2024_1,0
442,ipe_industrial,1,2024_3,다음 중 가장 결합도가 강한 것은?,Data Coupling,Stamp Coupling,Content Coupling,Control Coupling,3,"결합도는 자료 < 스탬프 < 제어 < 외부 < 공통 < 내용(Content) 순으로 강해지며, 내용 결합도가 가장 강합니다.",145,cbt,2024_3,0
443,ipe_industrial,2,2024_3,다음 중 가장 결합도가 강한 것은?,Data Coupling,Stamp Coupling,Content Coupling,Control Coupling,3,"결합도는 자료 < 스탬프 < 제어 < 외부 < 공통 < 내용(Content) 순으로 강해지며, 내용 결합도가 가장 강합니다.",145,cbt,2024_3,0
444,ipe_industrial,2,2022_3,바람직한 소프트웨어 설계 지침이 아닌 것은?,적당한 모듈의 크기를 유지한다.,모듈 간의 접속 관계를 분석하여 복잡도와 중복을 줄인다.,모듈 간의 결합도는 강할수록 바람직하다.,모듈 간의 효과적인 제어를 위해 설계에서 계층적 자료 조직이 제시되어야 한다.,3,바람직한 설계는 모듈 간 결합도를 '약하게' 유지하는 것입니다. 결합도가 강할수록 바람직하다는 것은 잘못된 지침입니다.,146,cbt,2022_3,0
445,ipe_industrial,2,2023_1,바람직한 소프트웨어 설계 지침이 아닌 것은?,적당한 모듈의 크기를 유지한다.,모듈 간의 접속 관계를 분석하여 복잡도와 중복을 줄인다.,모듈 간의 결합도는 강할수록 바람직하다.,모듈 간의 효과적인 제어를 위해 설계에서 계층적 자료 조직이 제시되어야 한다.,3,바람직한 설계는 모듈 간 결합도를 '약하게' 유지하는 것입니다. 결합도가 강할수록 바람직하다는 것은 잘못된 지침입니다.,146,cbt,2023_1,0
446,ipe_industrial,2,2023_2,바람직한 소프트웨어 설계 지침이 아닌 것은?,적당한 모듈의 크기를 유지한다.,모듈 간의 접속 관계를 분석하여 복잡도와 중복을 줄인다.,모듈 간의 결합도는 강할수록 바람직하다.,모듈 간의 효과적인 제어를 위해 설계에서 계층적 자료 조직이 제시되어야 한다.,3,바람직한 설계는 모듈 간 결합도를 '약하게' 유지하는 것입니다. 결합도가 강할수록 바람직하다는 것은 잘못된 지침입니다.,146,cbt,2023_2,0
447,ipe_industrial,2,2024_1,바람직한 소프트웨어 설계 지침이 아닌 것은?,적당한 모듈의 크기를 유지한다.,모듈 간의 접속 관계를 분석하여 복잡도와 중복을 줄인다.,모듈 간의 결합도는 강할수록 바람직하다.,모듈 간의 효과적인 제어를 위해 설계에서 계층적 자료 조직이 제시되어야 한다.,3,바람직한 설계는 모듈 간 결합도를 '약하게' 유지하는 것입니다. 결합도가 강할수록 바람직하다는 것은 잘못된 지침입니다.,146,cbt,2024_1,0
448,ipe_industrial,2,2024_3,바람직한 소프트웨어 설계 지침이 아닌 것은?,적당한 모듈의 크기를 유지한다.,모듈 간의 접속 관계를 분석하여 복잡도와 중복을 줄인다.,모듈 간의 결합도는 강할수록 바람직하다.,모듈 간의 효과적인 제어를 위해 설계에서 계층적 자료 조직이 제시되어야 한다.,3,바람직한 설계는 모듈 간 결합도를 '약하게' 유지하는 것입니다. 결합도가 강할수록 바람직하다는 것은 잘못된 지침입니다.,146,cbt,2024_3,0
449,ipe_industrial,2,2022_3,추상 클래스에 대한 설명으로 틀린 것은?,자식 클래스에서 구현하려는 기능들의 공통점만을 모은 것이다.,인스턴스 생성이 불가능하다.,부모 클래스에서 상속받아 구체화한다.,자식 클래스의 인스턴스를 생성하는 방식으로 사용한다.,3,추상 클래스는 상위(부모) 클래스 쪽에서 공통 기능을 정의해 두면 하위(자식) 클래스가 이를 상속받아 구체화하는 방식입니다. '부모 클래스가 상속받아 구체화한다'는 표현은 상속 방향이 뒤바뀐 틀린 설명입니다.,147,cbt,2022_3,0
450,ipe_industrial,2,2023_1,추상 클래스에 대한 설명으로 틀린 것은?,자식 클래스에서 구현하려는 기능들의 공통점만을 모은 것이다.,인스턴스 생성이 불가능하다.,부모 클래스에서 상속받아 구체화한다.,자식 클래스의 인스턴스를 생성하는 방식으로 사용한다.,3,추상 클래스는 상위(부모) 클래스 쪽에서 공통 기능을 정의해 두면 하위(자식) 클래스가 이를 상속받아 구체화하는 방식입니다. '부모 클래스가 상속받아 구체화한다'는 표현은 상속 방향이 뒤바뀐 틀린 설명입니다.,147,cbt,2023_1,0
451,ipe_industrial,2,2024_1,추상 클래스에 대한 설명으로 틀린 것은?,자식 클래스에서 구현하려는 기능들의 공통점만을 모은 것이다.,인스턴스 생성이 불가능하다.,부모 클래스에서 상속받아 구체화한다.,자식 클래스의 인스턴스를 생성하는 방식으로 사용한다.,3,추상 클래스는 상위(부모) 클래스 쪽에서 공통 기능을 정의해 두면 하위(자식) 클래스가 이를 상속받아 구체화하는 방식입니다. '부모 클래스가 상속받아 구체화한다'는 표현은 상속 방향이 뒤바뀐 틀린 설명입니다.,147,cbt,2024_1,0
452,ipe_industrial,2,2022_3,C언어의 자료형에 대한 설명으로 옳지 않은 것은?,typedef를 통해 새로운 자료형을 생성할 수 있다.,실수 자료형을 이용하면 더 정확한 계산이 가능하다.,unsigned 자료형으로 음수를 제한함으로써 양수의 표현 범위 를 넓힐 수 있다.,String 자료형을 사용하여 문자열을 저장할 수 있다.,4,"C언어에는 문자열 전용 자료형인 String이 없으며, 문자열은 char 배열(또는 char 포인터)로 다룹니다.",148,cbt,2022_3,0
453,ipe_industrial,2,2023_3,C 언어의 자료형에 대한 설명으로 옳지 않은 것은?,typedef를 통해 새로운 자료형을 생성할 수 있다.,실수 자료형을 이용하면 더 정확한 계산이 가능하다.,unsigned 자료형으로 음수를 제한함으로써 양수의 표현 범위 를 넓힐 수 있다.,String 자료형을 사용하여 문자열을 저장할 수 있다.,4,"C언어에는 문자열 전용 자료형인 String이 없으며, 문자열은 char 배열(또는 char 포인터)로 다룹니다.",148,cbt,2023_3,0
454,ipe_industrial,2,2026_1,C언어의 자료형에 대한 설명으로 옳지 않은 것은?,typedef를 통해 새로운 자료형을 생성할 수 있다.,실수 자료형을 이용하면 더 정확한 계산이 가능하다.,unsigned 자료형으로 음수를 제한함으로써 양수의 표현 범위 를 넓힐 수 있다.,String 자료형을 사용하여 문자열을 저장할 수 있다.,4,"C언어에는 문자열 전용 자료형인 String이 없으며, 문자열은 char 배열(또는 char 포인터)로 다룹니다.",148,cbt,2026_1,0
455,ipe_industrial,2,2022_3,예외 처리에 대한 설명으로 옳지 않은 것은?,"C++에서는 try, catch, finally를 이용하여 예외 처리를 수행 한다.",예외가 발생했을 때 프로그래머가 해당 문제에 대비해 작성해 놓은 처리 루틴을 수행하도록 하는 것을 예외 처리라고 한다.,catch 블록에서 선언한 변수는 해당 catch 블록에서만 유효하다.,try ~ catch 문 안에 또 다른 try ~ catch 문을 포함할 수 있다.,1,"C++의 예외 처리는 try, catch로 구성되며 finally 블록은 없습니다(finally는 Java의 문법입니다).",149,cbt,2022_3,0
456,ipe_industrial,2,2025_3,예외 처리에 대한 설명으로 옳지 않은 것은?,"C++에서는 try, catch, finally를 이용하여 예외 처리를 수행 한다.",예외가 발생했을 때 프로그래머가 해당 문제에 대비해 작성해 놓은 처리 루틴을 수행하도록 하는 것을 예외 처리라고 한다.,catch 블록에서 선언한 변수는 해당 catch 블록에서만 유효하 다.,try ~ catch 문 안에 또 다른 try ~ catch 문을 포함할 수 있다.,1,"C++의 예외 처리는 try, catch로 구성되며 finally 블록은 없습니다(finally는 Java의 문법입니다).",149,cbt,2025_3,0
457,ipe_industrial,2,2026_1,예외 처리에 대한 설명으로 옳지 않은 것은?,"C++에서는 try, catch, finally를 이용하여 예외 처리를 수행 한다.",예외가 발생했을 때 프로그래머가 해당 문제에 대비해 작성해 놓은 처리 루틴을 수행하도록 하는 것을 예외 처리라고 한다.,catch 블록에서 선언한 변수는 해당 catch 블록에서만 유효하 다.,try ~ catch 문 안에 또 다른 try ~ catch 문을 포함할 수 있다.,1,"C++의 예외 처리는 try, catch로 구성되며 finally 블록은 없습니다(finally는 Java의 문법입니다).",149,cbt,2026_1,0
458,ipe_industrial,2,2022_3,다음 중 C언어에서의 변수 선언 방법으로 올바르지 않은 것은?,"int a, b = 10;",char c;,unsigned long d = 2;,unsigned double e = -3.14,4,double은 부호(unsigned) 개념이 없는 자료형이라 unsigned double 같은 선언은 존재하지 않습니다(unsigned는 정수형에만 적용).,150,cbt,2022_3,0
459,ipe_industrial,2,2023_1,다음 중 C언어에서의 변수 선언 방법으로 올바르지 않은 것은?,"int a, b = 10;",char c;,unsigned long d = 2;,unsigned double e = -3.14,4,double은 부호(unsigned) 개념이 없는 자료형이라 unsigned double 같은 선언은 존재하지 않습니다(unsigned는 정수형에만 적용).,150,cbt,2023_1,0
460,ipe_industrial,2,2022_3,HTML5의 <input> 태그에서 반드시 입력되어야 할 필드를 만들 때 사용하는 속성은?,essential,required,expected,fill,2,required 속성은 HTML5 <input> 태그에서 해당 필드를 반드시 입력하도록 강제하는 속성입니다.,151,cbt,2022_3,0
461,ipe_industrial,2,2023_1,HTML5의 <input> 태그에서 반드시 입력되어야 할 필드를 만들 때 사용하는 속성은?,essential,required,expected,fill,2,required 속성은 HTML5 <input> 태그에서 해당 필드를 반드시 입력하도록 강제하는 속성입니다.,151,cbt,2023_1,0
462,ipe_industrial,2,2023_3,HTML5의 <input> 태그에서 반드시 입력되어야 할 필드를 만들 때 사용하는 속성은?,essential,required,expected,fill,2,required 속성은 HTML5 <input> 태그에서 해당 필드를 반드시 입력하도록 강제하는 속성입니다.,151,cbt,2023_3,0
463,ipe_industrial,2,2025_1,HTML5의 <input> 태그에서 반드시 입력되어야 할 필드를 만들 때 사용하는 속성은?,essential,required,expected,fill,2,required 속성은 HTML5 <input> 태그에서 해당 필드를 반드시 입력하도록 강제하는 속성입니다.,151,cbt,2025_1,0
464,ipe_industrial,2,2025_3,HTML5의 <input> 태그에서 반드시 입력되어야 할 필드를 만들 때 사용하는 속성은?,essential,required,expected,fill,2,required 속성은 HTML5 <input> 태그에서 해당 필드를 반드시 입력하도록 강제하는 속성입니다.,151,cbt,2025_3,0
465,ipe_industrial,2,2022_3,자바스크립트에서 배열의 속성과 메소드에 대한 설명으로 옳지 않은 것은?,pop( ) : 배열의 맨 끝의 값을 삭제한다.,join( ) : 배열의 요소들을 구분자로 구분하는 하나의 문자열로 반환한다.,splice( ) : 배열에서 지정한 범위의 데이터를 가져온다.,length : 배열의 길이를 반환한다.,3,"splice()는 배열의 특정 위치에 요소를 추가·삭제(범위 지정 삭제/삽입)하는 메소드이며, 단순히 데이터를 '가져오기'만 하는 것이 아니라 원본 배열 자체를 변경합니다.",152,cbt,2022_3,0
466,ipe_industrial,2,2023_2,자바스크립트에서 배열의 속성과 메소드에 대한 설명으로 옳지 않은 것은?,pop( ) : 배열의 맨 끝의 값을 삭제한다.,join( ) : 배열의 요소들을 구분자로 구분하는 하나의 문자열로 반환한다.,splice( ) : 배열에서 지정한 범위의 데이터를 가져온다.,length : 배열의 길이를 반환한다.,3,"splice()는 배열의 특정 위치에 요소를 추가·삭제(범위 지정 삭제/삽입)하는 메소드이며, 단순히 데이터를 '가져오기'만 하는 것이 아니라 원본 배열 자체를 변경합니다.",152,cbt,2023_2,0
467,ipe_industrial,2,2023_3,자바스크립트에서 배열의 속성과 메소드에 대한 설명으로 옳지 않은 것은?,pop( ) : 배열의 맨 끝의 값을 삭제한다.,join( ) : 배열의 요소들을 구분자로 구분하는 하나의 문자열로 반환한다.,splice( ) : 배열에서 지정한 범위의 데이터를 가져온다.,length : 배열의 길이를 반환한다.,3,"splice()는 배열의 특정 위치에 요소를 추가·삭제(범위 지정 삭제/삽입)하는 메소드이며, 단순히 데이터를 '가져오기'만 하는 것이 아니라 원본 배열 자체를 변경합니다.",152,cbt,2023_3,0
468,ipe_industrial,2,2024_3,자바스크립트에서 배열의 속성과 메소드에 대한 설명으로 옳지 않은 것은?,pop( ) : 배열의 맨 끝의 값을 삭제한다.,join( ) : 배열의 요소들을 구분자로 구분하는 하나의 문자열로 반환한다.,splice( ) : 배열에서 지정한 범위의 데이터를 가져온다.,length : 배열의 길이를 반환한다.,3,"splice()는 배열의 특정 위치에 요소를 추가·삭제(범위 지정 삭제/삽입)하는 메소드이며, 단순히 데이터를 '가져오기'만 하는 것이 아니라 원본 배열 자체를 변경합니다.",152,cbt,2024_3,0
469,ipe_industrial,2,2022_3,자바에서 두 개의 논리 값을 연산하여 참(true)을 반환하는 ‘and’의 의미를 가진 연산자는?,==,&&,||,+=,2,&&는 두 논리값이 모두 참일 때 참을 반환하는 AND 연산자입니다.,153,cbt,2022_3,0
470,ipe_industrial,2,2023_3,자바에서 두 개의 논리 값을 연산하여 참(true)을 반환하는 ‘and’의 의미를 가진 연산자는?,==,&&,||,+=,2,&&는 두 논리값이 모두 참일 때 참을 반환하는 AND 연산자입니다.,153,cbt,2023_3,0
471,ipe_industrial,2,2025_2,자바에서 두 개의 논리 값을 연산하여 참(true)을 반환하는 ‘and’의 의미를 가진 연산자는?,==,&&,||,+=,2,&&는 두 논리값이 모두 참일 때 참을 반환하는 AND 연산자입니다.,153,cbt,2025_2,0
472,ipe_industrial,2,2022_3,다음이 설명하는 응집도의 유형은? 모듈이 다수의 관련 기능을 가질 때 모듈 안의 구성 요 소들이 그 기능을 순차적으로 수행할 경우의 응집도,기능적 응집도,우연적 응집도,논리적 응집도,절차적 응집도,4,"절차적 응집도는 여러 관련 기능을 모듈 하나에 담되, 그 기능들을 정해진 순서(절차)대로 수행하도록 묶은 응집도입니다.",154,cbt,2022_3,0
473,ipe_industrial,2,2022_3,객체지향의 주요 개념에 대한 설명으로 틀린 것은?,캡슐화는 상위 클래스에서 속성이나 연산을 전달받아 새로운 형태의 클래스로 확장하여 사용하는 것을 의미한다.,객체는 실세계에 존재하거나 생각할 수 있는 것을 말한다.,클래스는 하나 이상의 유사한 객체들을 묶어 공통된 특성을 표현한 것이다.,다형성은 상속받은 여러 개의 하위 객체들이 다른 형태의 특성 을 갖는 객체로 이용될 수 있는 성질이다.,1,캡슐화(Encapsulation)는 데이터와 이를 처리하는 함수(메소드)를 하나로 묶는 것을 의미합니다. '상위 클래스의 속성을 전달받아 확장'하는 것은 상속(Inheritance)에 대한 설명입니다.,155,cbt,2022_3,0
474,ipe_industrial,2,2024_1,객체지향의 주요 개념에 대한 설명으로 틀린 것은?,캡슐화는 상위 클래스에서 속성이나 연산을 전달받아 새로운 형태의 클래스로 확장하여 사용하는 것을 의미한다.,객체는 실세계에 존재하거나 생각할 수 있는 것을 말한다.,클래스는 하나 이상의 유사한 객체들을 묶어 공통된 특성을 표현한 것이다.,다형성은 상속받은 여러 개의 하위 객체들이 다른 형태의 특성 을 갖는 객체로 이용될 수 있는 성질이다.,1,캡슐화(Encapsulation)는 데이터와 이를 처리하는 함수(메소드)를 하나로 묶는 것을 의미합니다. '상위 클래스의 속성을 전달받아 확장'하는 것은 상속(Inheritance)에 대한 설명입니다.,155,cbt,2024_1,0
475,ipe_industrial,3,2022_3,뷰(View)에 대한 설명으로 옳지 않은 것은?,뷰는 데이터의 접근을 제어하게 함으로써 보안을 제공한다.,사용자의 데이터 관리를 간단하게 해 준다.,"뷰가 정의된 기본 테이블이 삭제되면, 뷰도 자동적으로 삭제된다.",하나 이상의 기본 테이블로부터 유도되어 만들어지는 물리적 인 실제 테이블이다.,4,"뷰는 실제 데이터를 저장하지 않는 가상 테이블이며, 물리적인 실제 테이블이 아닙니다.",156,cbt,2022_3,0
476,ipe_industrial,3,2023_1,뷰(View)에 대한 설명으로 옳지 않은 것은?,"뷰로 구성된 내용에 대하여 삽입, 삭제, 갱신 연산에 제약이 없다.",실제 저장된 데이터 중에서 사용자가 필요한 내용만을 선별해 서 볼 수 있다.,데이터 접근 제어로 보안을 제공한다.,실제로는 존재하지 않는 가상의 테이블이다.,1,"뷰는 실제 데이터를 저장하지 않는 가상 테이블이며, 물리적인 실제 테이블이 아닙니다.",156,cbt,2023_1,0
477,ipe_industrial,3,2023_2,뷰(View)에 대한 설명으로 옳지 않은 것은?,뷰는 데이터의 접근을 제어하게 함으로써 보안을 제공한다.,사용자의 데이터 관리를 간단하게 해 준다.,"뷰가 정의된 기본 테이블이 삭제되면, 뷰도 자동적으로 삭제된다.",하나 이상의 기본 테이블로부터 유도되어 만들어지는 물리적인 실제 테이블이다.,4,"뷰는 실제 데이터를 저장하지 않는 가상 테이블이며, 물리적인 실제 테이블이 아닙니다.",156,cbt,2023_2,0
478,ipe_industrial,3,2025_2,뷰(View)에 대한 설명으로 옳지 않은 것은?,뷰를 제거하기 위해 DROP 문을 사용한다.,하나 이상의 기본 테이블로부터 유도되어 만들어지는 물리적 인 실제 테이블이다.,"뷰로 구성된 내용에 대하여 삽입, 삭제, 갱신 연산에 제약이 있다.",데이터의 논리적 독립성을 제공한다.,2,"뷰는 실제 데이터를 저장하지 않는 가상 테이블이며, 물리적인 실제 테이블이 아닙니다.",156,cbt,2025_2,0
479,ipe_industrial,3,2025_3,뷰(View)에 대한 설명으로 옳지 않은 것은?,뷰는 데이터의 접근을 제어하게 함으로써 보안을 제공한다.,사용자의 데이터 관리를 간단하게 해 준다.,"뷰가 정의된 기본 테이블이 삭제되면, 뷰도 자동적으로 삭제된다.",하나 이상의 기본 테이블로부터 유도되어 만들어지는 물리적 인 실제 테이블이다.,4,"뷰는 실제 데이터를 저장하지 않는 가상 테이블이며, 물리적인 실제 테이블이 아닙니다.",156,cbt,2025_3,0
480,ipe_industrial,3,2022_3,"학생(STUDENT) 테이블에서 어떤 학과(DEPT)들이 있는지 검색하 는 SQL 명령은? (단, 결과는 중복된 데이터가 없도록 한다.)",SELECT ONLY * FROM STUDENT;,SELECT DISTINCT DEPT FROM STUDENT;,SELECT ONLY DEPT FROM STUDENT;,SELECT NOT DUPLICATE DEPT FROM STUDENT;,2,중복 없이 학과 목록을 조회하려면 SELECT DISTINCT DEPT FROM STUDENT;를 사용합니다.,157,cbt,2022_3,0
481,ipe_industrial,3,2023_2,"학생(STUDENT) 테이블에서 어떤 학과(DEPT)들이 있는지 검색하는 SQL 명령은? (단, 결과는 중복된 데이터가 없도록 한다.)",SELECT ONLY * FROM STUDENT;,SELECT DISTINCT DEPT FROM STUDENT;,SELECT ONLY DEPT FROM STUDENT;,SELECT NOT DUPLICATE DEPT FROM STUDENT;,2,중복 없이 학과 목록을 조회하려면 SELECT DISTINCT DEPT FROM STUDENT;를 사용합니다.,157,cbt,2023_2,0
482,ipe_industrial,3,2023_3,"학생(STUDENT) 테이블에서 어떤 학과(DEPT)들이 있는지 검색하는 SQL 명령은? (단, 결과는 중복된 데이터가 없도록 한다.)",SELECT ONLY * FROM STUDENT;,SELECT DISTINCT DEPT FROM STUDENT;,SELECT ONLY DEPT FROM STUDENT;,SELECT NOT DUPLICATE DEPT FROM STUDENT;,2,중복 없이 학과 목록을 조회하려면 SELECT DISTINCT DEPT FROM STUDENT;를 사용합니다.,157,cbt,2023_3,0
483,ipe_industrial,3,2025_1,"학생(STUDENT) 테이블에서 어떤 학과(DEPT)들이 있는지 검색하는 SQL 명령은? (단, 결과는 중복된 데이터가 없도록 한다.)",SELECT ONLY * FROM STUDENT;,SELECT DISTINCT DEPT FROM STUDENT;,SELECT ONLY DEPT FROM STUDENT;,SELECT NOT DUPLICATE DEPT FROM STUDENT;,2,중복 없이 학과 목록을 조회하려면 SELECT DISTINCT DEPT FROM STUDENT;를 사용합니다.,157,cbt,2025_1,0
484,ipe_industrial,3,2022_3,데이터베이스에서 아직 알려지지 않거나 모르는 값으로서 “해당 없음” 등의 이유로 정보 부재를 나타내기 위해 사용하는 특수한 데이터 값을 무엇이라 하는가?,원자값(Atomic Value),참조값(Reference Value),무결값(Integrity Value),널 값(Null Value),4,널 값(Null Value)은 아직 알려지지 않았거나 해당 사항이 없어 정보가 부재함을 나타내는 특수한 값입니다.,158,cbt,2022_3,0
485,ipe_industrial,3,2023_2,데이터베이스에서 아직 알려지지 않거나 모르는 값으로서 “해당 없음” 등의 이유로 정보 부재를 나타내기 위해 사용하는 특수한 데이터 값을 무엇이라 하는가?,원자값(Atomic Value),참조값(Reference Value),무결값(Integrity Value),널 값(Null Value),4,널 값(Null Value)은 아직 알려지지 않았거나 해당 사항이 없어 정보가 부재함을 나타내는 특수한 값입니다.,158,cbt,2023_2,0
486,ipe_industrial,3,2024_1,데이터베이스에서 아직 알려지지 않거나 모르는 값으로서 “해당 없음” 등의 이유로 정보 부재를 나타내기 위해 사용하는 특수한 데이터 값을 무엇이라 하는가?,원자값(Atomic Value),참조값(Reference Value),무결값(Integrity Value),널 값(Null Value),4,널 값(Null Value)은 아직 알려지지 않았거나 해당 사항이 없어 정보가 부재함을 나타내는 특수한 값입니다.,158,cbt,2024_1,0
487,ipe_industrial,3,2025_2,데이터베이스에서 아직 알려지지 않거나 모르는 값으로서 “해당 없음” 등의 이유로 정보 부재를 나타내기 위해 사용하는 특수한 데이터 값을 무엇이라 하는가?,원자값(Atomic Value),참조값(Reference Value),무결값(Integrity Value),널 값(Null Value),4,널 값(Null Value)은 아직 알려지지 않았거나 해당 사항이 없어 정보가 부재함을 나타내는 특수한 값입니다.,158,cbt,2025_2,0
488,ipe_industrial,3,2022_3,"개념 세계에서 표현된 각 개체와 개체 간의 관계들을 서로 독립된 2차원 테이블 즉 릴레이션으로 표현하며, 가장 널리 사용되는 데이터 모델은?",개체형 데이터 모델,관계형 데이터 모델,계층형 데이터 모델,네트워크형 데이터 모델,2,"개체와 관계를 2차원 테이블(릴레이션)로 표현하는, 가장 널리 쓰이는 데이터 모델은 관계형 데이터 모델입니다.",159,cbt,2022_3,0
489,ipe_industrial,3,2024_3,"개념 세계에서 표현된 각 개체와 개체 간의 관계들을 서로 독립된 2차원 테이블 즉 릴레이션으로 표현하며, 가장 널리 사용되는 데이터 모델은?",개체형 데이터 모델,관계형 데이터 모델,계층형 데이터 모델,네트워크형 데이터 모델,2,"개체와 관계를 2차원 테이블(릴레이션)로 표현하는, 가장 널리 쓰이는 데이터 모델은 관계형 데이터 모델입니다.",159,cbt,2024_3,0
490,ipe_industrial,3,2022_3,관계대수와 관계해석에 대한 설명으로 옳지 않은 것은?,기본적으로 관계대수와 관계해석은 관계 데이터베이스를 처 리하는 기능과 능력면에서 동등하다.,"관계대수는 질의에 대한 해를 생성하기 위해 수행해야 할 연산 의 순서를 명시해야 하므로, 비절차적 특징을 가진다.",관계해석은 원하는 정보가 무엇이라는 것만 정의하는 비절차 적 특징을 가지고 있다.,관계해석은 수학의 프레디킷 해석(Predicate Calculus)에 기 반을 두고 있다.,2,관계대수는 연산의 절차(순서)를 명시해야 하는 '절차적' 언어입니다. '비절차적 특징을 가진다'는 설명이 틀렸습니다(비절차적인 것은 관계해석입니다).,160,cbt,2022_3,0
491,ipe_industrial,3,2024_1,관계대수와 관계해석에 대한 설명으로 옳지 않은 것은?,기본적으로 관계대수와 관계해석은 관계 데이터베이스를 처리 하는 기능과 능력면에서 동등하다.,"관계대수는 질의에 대한 해를 생성하기 위해 수행해야 할 연산 의 순서를 명시해야 하므로, 비절차적 특징을 가진다.",관계해석은 원하는 정보가 무엇이라는 것만 정의하는 비절차적 특징을 가지고 있다.,관계해석은 수학의 프레디킷 해석(Predicate Calculus)에 기반 을 두고 있다.,2,관계대수는 연산의 절차(순서)를 명시해야 하는 '절차적' 언어입니다. '비절차적 특징을 가진다'는 설명이 틀렸습니다(비절차적인 것은 관계해석입니다).,160,cbt,2024_1,0
492,ipe_industrial,3,2025_3,관계대수와 관계해석에 대한 설명으로 옳지 않은 것은?,기본적으로 관계대수와 관계해석은 관계 데이터베이스를 처 리하는 기능과 능력면에서 동등하다.,"관계대수는 질의에 대한 해를 생성하기 위해 수행해야 할 연산 의 순서를 명시해야 하므로, 비절차적 특징을 가진다.",관계해석은 원하는 정보가 무엇이라는 것만 정의하는 비절차 적 특징을 가지고 있다.,관계해석은 수학의 프레디킷 해석(Predicate Calculus)에 기 반을 두고 있다.,2,관계대수는 연산의 절차(순서)를 명시해야 하는 '절차적' 언어입니다. '비절차적 특징을 가진다'는 설명이 틀렸습니다(비절차적인 것은 관계해석입니다).,160,cbt,2025_3,0
493,ipe_industrial,3,2026_1,관계대수와 관계해석에 대한 설명으로 옳지 않은 것은?,기본적으로 관계대수와 관계해석은 관계 데이터베이스를 처리 하는 기능과 능력면에서 동등하다.,"관계대수는 질의에 대한 해를 생성하기 위해 수행해야 할 연산 의 순서를 명시해야 하므로, 비절차적 특징을 가진다.",관계해석은 원하는 정보가 무엇이라는 것만 정의하는 비절차 적 특징을 가지고 있다.,관계해석은 수학의 프레디킷 해석(Predicate Calculus)에 기 반을 두고 있다.,2,관계대수는 연산의 절차(순서)를 명시해야 하는 '절차적' 언어입니다. '비절차적 특징을 가진다'는 설명이 틀렸습니다(비절차적인 것은 관계해석입니다).,160,cbt,2026_1,0
494,ipe_industrial,3,2022_3,다음 중 일반 집합 연산자의 기호가 아닌 것은?,-,×,⋈,∪,3,"⋈(Join)은 순수 관계 연산자 기호이며, 일반 집합 연산자(∪,∩,-,×)에는 포함되지 않습니다.",161,cbt,2022_3,0
495,ipe_industrial,3,2025_1,다음 중 일반 집합 연산자의 기호가 아닌 것은?,-,×,⋈,∪,3,"⋈(Join)은 순수 관계 연산자 기호이며, 일반 집합 연산자(∪,∩,-,×)에는 포함되지 않습니다.",161,cbt,2025_1,0
496,ipe_industrial,3,2025_3,다음 중 일반 집합 연산자의 기호가 아닌 것은?,-,×,⨝,∪,3,"⋈(Join)은 순수 관계 연산자 기호이며, 일반 집합 연산자(∪,∩,-,×)에는 포함되지 않습니다.",161,cbt,2025_3,0
497,ipe_industrial,3,2022_3,시스템 카탈로그에 대한 설명으로 옳지 않은 것은?,시스템 카탈로그는 DBMS가 스스로 생성하고 유지하는 데이 터베이스 내의 특별한 테이블들의 집합체이다.,시스템 카탈로그는 데이터베이스 구조에 관한  메타 데이터를 포함한다.,일반 사용자들도 SQL을 이용하여 시스템 카탈로그를 직접 갱신할 수 있다.,"데이터베이스 구조가 변경될 때마다 DBMS는 자동적으로 시 스템 카탈로그 테이블들의 행을 삽입, 삭제, 수정한다.",3,일반 사용자는 시스템 카탈로그를 SQL로 '조회'할 수는 있지만 직접 '갱신'할 수는 없습니다. DBMS가 스스로 관리합니다.,162,cbt,2022_3,0
498,ipe_industrial,3,2023_1,시스템 카탈로그에 대한 설명으로 옳지 않은 것은?,시스템 자체에 관련 있는 다양한 객체에 관한 정보를 포함하는 시스템 데이터베이스이다.,카탈로그들이 생성되면 자료 사전에 저장되기 때문에 좁은 의 미로는 자료 사전이라고도 한다.,무결성 확보를 위하여 일반 사용자는 내용을 검색할 수 없다.,"기본 테이블, 뷰, 인덱스, 패키지, 접근 권한 등의 정보를 저장 한다.",3,일반 사용자는 시스템 카탈로그를 SQL로 '조회'할 수는 있지만 직접 '갱신'할 수는 없습니다. DBMS가 스스로 관리합니다.,162,cbt,2023_1,0
499,ipe_industrial,3,2023_3,시스템 카탈로그에 대한 설명으로 옳지 않은 것은?,시스템 카탈로그는 DBMS가 스스로 생성하고 유지하는 데이 터베이스 내의 특별한 테이블들의 집합체이다.,시스템 카탈로그는 데이터베이스 구조에 관한  메타 데이터를 포함한다.,일반 사용자들도 SQL을 이용하여 시스템 카탈로그를 직접 갱 신할 수 있다.,"데이터베이스 구조가 변경될 때마다 DBMS는 자동적으로 시 스템 카탈로그 테이블들의 행을 삽입, 삭제, 수정한다.",3,일반 사용자는 시스템 카탈로그를 SQL로 '조회'할 수는 있지만 직접 '갱신'할 수는 없습니다. DBMS가 스스로 관리합니다.,162,cbt,2023_3,0
500,ipe_industrial,3,2024_2,시스템 카탈로그에 대한 설명으로 옳지 않은 것은?,시스템 자체에 관련 있는 다양한 객체에 관한 정보를 포함하는 시스템 데이터베이스이다.,카탈로그들이 생성되면 자료 사전에 저장되기 때문에 좁은 의 미로는 자료 사전이라고도 한다.,무결성 확보를 위하여 일반 사용자는 내용을 검색할 수 없다.,"기본 테이블, 뷰, 인덱스, 패키지, 접근 권한 등의 정보를 저장 한다.",3,일반 사용자는 시스템 카탈로그를 SQL로 '조회'할 수는 있지만 직접 '갱신'할 수는 없습니다. DBMS가 스스로 관리합니다.,162,cbt,2024_2,0
501,ipe_industrial,3,2024_3,시스템 카탈로그에 대한 설명으로 옳지 않은 것은?,데이터 사전이라고도 한다.,시스템 카탈로그에 저장되는 내용을 메타 데이터라고 한다.,시스템 자신이 필요로 하는 스키마 및 여러 가지 객체에 관한 정보를 포함하고 있는 시스템 데이터베이스이다.,"시스템 카탈로그의 정보를 INSERT, UPDATE, DELETE 문 으로 직접 갱신할 수 있다.",4,일반 사용자는 시스템 카탈로그를 SQL로 '조회'할 수는 있지만 직접 '갱신'할 수는 없습니다. DBMS가 스스로 관리합니다.,162,cbt,2024_3,0
502,ipe_industrial,3,2025_2,시스템 카탈로그에 대한 설명으로 옳지 않은 것은?,시스템 자체에 관련 있는 다양한 객체에 관한 정보를 포함하는 시스템 데이터베이스이다.,카탈로그들이 생성되면 자료 사전에 저장되기 때문에 좁은 의 미로는 자료 사전이라고도 한다.,무결성 확보를 위하여 일반 사용자는 내용을 검색할 수 없다.,"기본 테이블, 뷰, 인덱스, 패키지, 접근 권한 등의 정보를 저장 한다.",3,일반 사용자는 시스템 카탈로그를 SQL로 '조회'할 수는 있지만 직접 '갱신'할 수는 없습니다. DBMS가 스스로 관리합니다.,162,cbt,2025_2,0
503,ipe_industrial,3,2022_3,"다음 설명이 의미하는 것은? ㆍ삽입과 삭제가 리스트의 양쪽 끝에서 발생할 수 있는 형태이다. ㆍ입력이 한쪽에서만 발생하고 출력은 양쪽에서 일어날 수 있는 입력 제한과, 입력은 양쪽에서 일어나고 출력 은 한 곳에서만 이루어지는 출력 제한이 있다.",스택,큐,다중 스택,데크,4,"데크(Deque)는 리스트 양쪽 끝에서 삽입·삭제가 가능한 자료구조로, 입력이나 출력 중 한쪽만 제한하는 형태(스크롤/셸프)도 가질 수 있습니다.",163,cbt,2022_3,0
504,ipe_industrial,3,2023_2,"다음 설명이 의미하는 것은? ㆍ삽입과 삭제가 리스트의 양쪽 끝에서 발생할 수 있는 형태이다. ㆍ입력이 한쪽에서만 발생하고 출력은 양쪽에서 일어날 수 있는 입력 제한과, 입력은 양쪽에서 일어나고 출력 은 한 곳에서만 이루어지는 출력 제한이 있다.",스택,큐,다중 스택,데크,4,"데크(Deque)는 리스트 양쪽 끝에서 삽입·삭제가 가능한 자료구조로, 입력이나 출력 중 한쪽만 제한하는 형태(스크롤/셸프)도 가질 수 있습니다.",163,cbt,2023_2,0
505,ipe_industrial,3,2024_1,다음 설명이 의미하는 것은? ㆍ삽입과 삭제가 리스트의 양쪽 끝에서 발생할 수 있는 형태이다. ㆍ입력이 한쪽에서만 발생하고 출력은 양쪽에서 일어날 수 있는 입력 제한과 입력은 양쪽에서 일어나고 출력 은 한 곳에서만 이루어지는 출력 제한이 있다.,스택,큐,다중 스택,데크,4,"데크(Deque)는 리스트 양쪽 끝에서 삽입·삭제가 가능한 자료구조로, 입력이나 출력 중 한쪽만 제한하는 형태(스크롤/셸프)도 가질 수 있습니다.",163,cbt,2024_1,0
506,ipe_industrial,3,2022_3,"삽입 정렬을 사용하여 다음의 자료를 오름차순으로 정렬하고자 한다. 2회전 후의 결과는? 5, 4, 3, 2, 1","4, 5, 3, 2, 1","2, 3, 4, 5, 1","3, 4, 5, 2, 1","1, 2, 3, 4, 5",3,"5,4,3,2,1을 삽입 정렬: 1회전(4 삽입) 4,5,3,2,1 → 2회전(3을 4,5 앞에 삽입) 3,4,5,2,1.",164,cbt,2022_3,0
507,ipe_industrial,3,2023_1,"삽입 정렬을 사용하여 다음의 자료를 오름차순으로 정렬하고자 한다. 2회전 후의 결과는? 5, 4, 3, 2, 1","4, 5, 3, 2, 1","2, 3, 4, 5, 1","3, 4, 5, 2, 1","1, 2, 3, 4, 5",3,"5,4,3,2,1을 삽입 정렬: 1회전(4 삽입) 4,5,3,2,1 → 2회전(3을 4,5 앞에 삽입) 3,4,5,2,1.",164,cbt,2023_1,0
508,ipe_industrial,3,2025_3,"삽입 정렬을 사용하여 다음의 자료를 오름차순으로 정렬하고자 한다. 2회전 후의 결과는? 5, 4, 3, 2, 1","4, 5, 3, 2, 1","2, 3, 4, 5, 1","3, 4, 5, 2, 1","1, 2, 3, 4, 5",3,"5,4,3,2,1을 삽입 정렬: 1회전(4 삽입) 4,5,3,2,1 → 2회전(3을 4,5 앞에 삽입) 3,4,5,2,1.",164,cbt,2025_3,0
509,ipe_industrial,3,2022_3,SQL에서 VIEW를 삭제할 때 사용하는 명령은?,ERASE,KILL,DROP,DELETE,3,SQL에서 뷰(또는 테이블)를 삭제할 때는 DROP 문을 사용합니다.,165,cbt,2022_3,0
510,ipe_industrial,3,2024_1,SQL에서 VIEW를 삭제할 때 사용하는 명령은?,ERASE,KILL,DROP,DELETE,3,SQL에서 뷰(또는 테이블)를 삭제할 때는 DROP 문을 사용합니다.,165,cbt,2024_1,0
511,ipe_industrial,3,2022_3,제1정규형에서 제2정규형 수행 시 작업으로 옳은 것은?,이행적 함수 종속성 제거,다치 종속 제거,모든 결정자가 후보 키가 되도록 분해,부분 함수 종속성 제거,4,1NF에서 2NF로 갈 때는 부분 함수 종속성을 제거합니다.,166,cbt,2022_3,0
512,ipe_industrial,3,2023_2,제1정규형에서 제2정규형 수행 시 작업으로 옳은 것은?,이행적 함수 종속성 제거,다치 종속 제거,모든 결정자가 후보 키가 되도록 분해,부분 함수 종속성 제거,4,1NF에서 2NF로 갈 때는 부분 함수 종속성을 제거합니다.,166,cbt,2023_2,0
513,ipe_industrial,3,2023_3,제1정규형에서 제2정규형 수행 시 작업으로 옳은 것은?,이행적 함수 종속성 제거,다치 종속 제거,모든 결정자가 후보 키가 되도록 분해,부분 함수 종속성 제거,4,1NF에서 2NF로 갈 때는 부분 함수 종속성을 제거합니다.,166,cbt,2023_3,0
514,ipe_industrial,3,2025_3,제1정규형에서 제2정규형 수행 시 작업으로 옳은 것은?,이행적 함수 종속성 제거,다치 종속 제거,모든 결정자가 후보 키가 되도록 분해,부분 함수 종속성 제거,4,1NF에서 2NF로 갈 때는 부분 함수 종속성을 제거합니다.,166,cbt,2025_3,0
515,ipe_industrial,3,2022_3,"학생(STUDENT) 테이블에 컴퓨터정보과 학생 120명, 인터넷정보 과 학생 160명, 사무자동화과 학생 80명에 관한 데이터가 있다고 했을 때, 다음에 주어지는 SQL문 ㉠, ㉡, ㉢을 각각 실행 시키면, 결과 튜플 수는 각각 몇 개인가? (단, DEPT는 학과 컬럼명임) ㉠ SELECT DISTINCT DEPT FROM STUDENT; ㉡ SELECT DEPT FROM STUDENT; ㉢ SELECT COUNT(DISTINCT DEPT) FROM STUDENT WHERE DEPT = ‘컴퓨터정보과’;","㉠ 3, ㉡ 360, ㉢ 1","㉠ 360, ㉡ 3, ㉢ 120","㉠ 3, ㉡ 360, ㉢ 120","㉠ 360, ㉡ 3, ㉢ 1",1,"㉠ DISTINCT DEPT는 서로 다른 학과 수인 3, ㉡ DEPT(전체 조회)는 전체 튜플 수인 120+160+80=360, ㉢ 컴퓨터정보과로 필터링 후 DISTINCT DEPT는 그 학과 하나뿐이므로 1입니다.",167,cbt,2022_3,0
516,ipe_industrial,3,2023_3,"학생(STUDENT) 테이블에 컴퓨터정보과 학생 120명, 인터넷정보과 학생 160명, 사무자동화과 학생 80명에 관한 데이터가 있다고 했을 때, 다음에 주어지는 SQL문 ㉠, ㉡, ㉢을 각각 실행 시키면, 결과 튜플 수는 각각 몇 개인가? (단, DEPT는 학과 컬럼명임) ㉠ SELECT DISTINCT DEPT FROM STUDENT; ㉡ SELECT DEPT FROM STUDENT; ㉢ SELECT COUNT(DISTINCT DEPT) FROM STUDENT WHERE DEPT = ‘컴퓨터정보과’;","㉠ 3, ㉡ 360, ㉢ 1","㉠ 360, ㉡ 3, ㉢ 120","㉠ 3, ㉡ 360, ㉢ 120","㉠ 360, ㉡ 3, ㉢ 1",1,"㉠ DISTINCT DEPT는 서로 다른 학과 수인 3, ㉡ DEPT(전체 조회)는 전체 튜플 수인 120+160+80=360, ㉢ 컴퓨터정보과로 필터링 후 DISTINCT DEPT는 그 학과 하나뿐이므로 1입니다.",167,cbt,2023_3,0
517,ipe_industrial,3,2025_3,"학생(STUDENT) 테이블에 컴퓨터정보과 학생 120명, 인터넷정보 과 학생 160명, 사무자동화과 학생 80명에 관한 데이터가 있다고 했을 때, 다음에 주어지는 SQL문 ㉠, ㉡, ㉢을 각각 실행 시키면, 결과 튜플 수는 각각 몇 개인가? (단, DEPT는 학과 컬럼명임) ㉠ SELECT DISTINCT DEPT FROM STUDENT; ㉡ SELECT DEPT FROM STUDENT; ㉢ SELECT COUNT(DISTINCT DEPT) FROM STUDENT WHERE DEPT = ‘컴퓨터정보과’;","㉠ 3, ㉡ 360, ㉢ 1","㉠ 360, ㉡ 3, ㉢ 120","㉠ 3, ㉡ 360, ㉢ 120","㉠ 360, ㉡ 3, ㉢ 1",1,"㉠ DISTINCT DEPT는 서로 다른 학과 수인 3, ㉡ DEPT(전체 조회)는 전체 튜플 수인 120+160+80=360, ㉢ 컴퓨터정보과로 필터링 후 DISTINCT DEPT는 그 학과 하나뿐이므로 1입니다.",167,cbt,2025_3,0
518,ipe_industrial,3,2022_3,E-R 다이어그램에서 사각형이 의미하는 것은?,개체 타입,관계 타입,속성,기본키 속성,1,E-R 다이어그램에서 사각형은 개체(Entity) 타입을 나타냅니다.,168,cbt,2022_3,0
519,ipe_industrial,3,2023_2,E-R 다이어그램에서 사각형이 의미하는 것은?,개체 타입,관계 타입,속성,기본키 속성,1,E-R 다이어그램에서 사각형은 개체(Entity) 타입을 나타냅니다.,168,cbt,2023_2,0
520,ipe_industrial,3,2025_3,E-R 다이어그램에서 사각형이 의미하는 것은?,개체 타입,관계 타입,속성,기본키 속성,1,E-R 다이어그램에서 사각형은 개체(Entity) 타입을 나타냅니다.,168,cbt,2025_3,0
521,ipe_industrial,3,2022_3,릴레이션을 구성하는 행을 의미하는 용어는?,속성,튜플,도메인,차수,2,릴레이션을 구성하는 하나의 행을 튜플(Tuple)이라고 합니다.,169,cbt,2022_3,0
522,ipe_industrial,3,2022_3,"아래 SQL 문에서 WHERE 절의 조건이 의미하는 것은? SELECT 이름, 과목, 점수 FROM 학생 WHERE 이름 NOT LIKE ‘박_ _’;",‘박’으로 시작되는 모든 문자 이름을 검색한다.,‘박’으로 시작하지 않는 모든 문자 이름을 검색한다.,‘박’으로 시작하는 3글자의 문자 이름을 검색한다.,‘박’으로 시작하지 않는 3글자의 문자 이름을 검색한다.,4,"NOT LIKE '박__'는 '박'으로 시작하면서 정확히 3글자인 이름을 '제외'하는 조건이므로, '박'으로 시작하는 3글자 이름이 아닌 것을 검색합니다.",170,cbt,2022_3,0
523,ipe_industrial,3,2024_1,"아래 SQL 문에서 WHERE 절의 조건이 의미하는 것은? SELECT 이름, 과목, 점수 FROM 학생 WHERE 이름 NOT LIKE ‘박_ _’;",‘박’으로 시작되는 모든 문자 이름을 검색한다.,‘박’으로 시작하지 않는 모든 문자 이름을 검색한다.,‘박’으로 시작하는 3글자의 문자 이름을 검색한다.,‘박’으로 시작하지 않는 3글자의 문자 이름을 검색한다.,4,"NOT LIKE '박__'는 '박'으로 시작하면서 정확히 3글자인 이름을 '제외'하는 조건이므로, '박'으로 시작하는 3글자 이름이 아닌 것을 검색합니다.",170,cbt,2024_1,0
524,ipe_industrial,3,신규작성,n개의 정점으로 구성된 무방향 그래프의 최대 간선수는?,n(n+1),n(n-1) / 2,n²,2n,2,"n개의 정점을 가진 무방향 그래프에서 서로 다른 두 정점을 잇는 조합의 수, 즉 nC2 = n(n-1)/2가 최대 간선 수입니다.",171,concept,,0
526,ipe_industrial,3,2025_3,n개의 정점으로 구성된 무방향 그래프의 최대 간선수는?,n(n+1),n(n-1) / 2,n²,2n,2,"n개의 정점을 가진 무방향 그래프에서 서로 다른 두 정점을 잇는 조합의 수, 즉 nC2 = n(n-1)/2가 최대 간선 수입니다.",171,cbt,2025_3,1
527,ipe_industrial,3,2022_3,키 값으로부터 주소 변환을 위해서 해시 함수나 색인 테이블을 사용하는 파일 구조는?,순차 파일,분할 파일,직접 파일,색인 순차 파일,3,직접 파일(Direct File)은 해시 함수 등을 이용해 키 값으로부터 물리적 저장 주소를 직접 계산해내는 파일 구조입니다.,172,cbt,2022_3,0
528,ipe_industrial,3,2023_3,키 값으로부터 주소 변환을 위해서 해시 함수나 색인 테이블을 사용하는 파일 구조는?,순차 파일,분할 파일,직접 파일,색인 순차 파일,3,직접 파일(Direct File)은 해시 함수 등을 이용해 키 값으로부터 물리적 저장 주소를 직접 계산해내는 파일 구조입니다.,172,cbt,2023_3,0
529,ipe_industrial,3,2022_3,데이터베이스 관리 시스템(DBMS)의 필수 기능이 아닌 것은?,제어 기능,조작 기능,정의 기능,운영 기능,4,DBMS의 필수 기능은 정의·조작·제어 기능입니다. '운영 기능'은 이 표준 분류에 속하지 않습니다.,173,cbt,2022_3,0
530,ipe_industrial,3,2023_2,데이터베이스 관리 시스템(DBMS)의 필수 기능이 아닌 것은?,제어 기능,조작 기능,정의 기능,운영 기능,4,DBMS의 필수 기능은 정의·조작·제어 기능입니다. '운영 기능'은 이 표준 분류에 속하지 않습니다.,173,cbt,2023_2,0
531,ipe_industrial,3,2023_3,데이터베이스 관리 시스템(DBMS)의 필수 기능이 아닌 것은?,제어 기능,조작 기능,정의 기능,운영 기능,4,DBMS의 필수 기능은 정의·조작·제어 기능입니다. '운영 기능'은 이 표준 분류에 속하지 않습니다.,173,cbt,2023_3,0
532,ipe_industrial,3,2025_3,데이터베이스 관리 시스템(DBMS)의 필수 기능이 아닌 것은?,제어 기능,조작 기능,정의 기능,운영 기능,4,DBMS의 필수 기능은 정의·조작·제어 기능입니다. '운영 기능'은 이 표준 분류에 속하지 않습니다.,173,cbt,2025_3,0
533,ipe_industrial,3,2022_3,데이터베이스의 설계 과정을 올바르게 나열한 것은?,요구 조건 분석 → 개념적 설계 → 물리적 설계 → 논리적 설계,요구 조건 분석 → 개념적 설계 → 논리적 설계 → 물리적 설계,요구 조건 분석 → 논리적 설계 → 개념적 설계 → 물리적 설계,요구 조건 분석 → 물리적 설계 → 개념적 설계 → 논리적 설계,2,데이터베이스 설계는 요구조건 분석 → 개념적 설계 → 논리적 설계 → 물리적 설계 순으로 진행됩니다.,174,cbt,2022_3,0
534,ipe_industrial,3,2025_1,데이터베이스의 설계 과정을 올바르게 나열한 것은?,요구 조건 분석 → 개념적 설계 → 물리적 설계 → 논리적 설계,요구 조건 분석 → 개념적 설계 → 논리적 설계 → 물리적 설계,요구 조건 분석 → 논리적 설계 → 개념적 설계 → 물리적 설계,요구 조건 분석 → 물리적 설계 → 개념적 설계 → 논리적 설계,2,데이터베이스 설계는 요구조건 분석 → 개념적 설계 → 논리적 설계 → 물리적 설계 순으로 진행됩니다.,174,cbt,2025_1,0
535,ipe_industrial,3,2026_1,데이터베이스의 설계 과정을 올바르게 나열한 것은?,요구 조건 분석 → 개념적 설계 → 물리적 설계 → 논리적 설계,요구 조건 분석 → 개념적 설계 → 논리적 설계 → 물리적 설계,요구 조건 분석 → 논리적 설계 → 개념적 설계 → 물리적 설계,요구 조건 분석 → 물리적 설계 → 개념적 설계 → 논리적 설계,2,데이터베이스 설계는 요구조건 분석 → 개념적 설계 → 논리적 설계 → 물리적 설계 순으로 진행됩니다.,174,cbt,2026_1,0
536,ipe_industrial,1,2023_1,다음 중 배치(Placement) 전략에 대한 설명으로 옳은 것은?,새로 반입된 프로그램을 주기억장치의 어디에 위치시킬 것인 가를 결정하는 전략이다.,주기억장치에 넣을 다음 프로그램이나 데이터를 보조기억장치 에서 주기억장치로 언제 가져올 것인가를 결정하는 전략이다.,새로 주기억장치에 배치되어야 할 프로그램이 적재될 장소를 마련하기 위해 어떤 프로그램이나 데이터를 제거할 지 결정하 는 전략이다.,실행 중인 프로그램에 의해 참조될 프로그램이나 데이터를 미 리 예상하여 적재하는 전략이다.,1,배치(Placement) 전략은 새로 반입된 프로그램/데이터를 주기억장치의 어느 위치에 둘 것인지 결정하는 전략입니다(최초/최적/최악 적합 등).,175,cbt,2023_1,0
537,ipe_industrial,1,2025_3,다음 중 배치(Placement) 전략에 대한 설명으로 옳은 것은?,새로 반입된 프로그램을 주기억장치의 어디에 위치시킬 것인 가를 결정하는 전략이다.,주기억장치에 넣을 다음 프로그램이나 데이터를 보조기억장 치에서 주기억장치로 언제 가져올 것인가를 결정하는 전략이 다.,새로 주기억장치에 배치되어야 할 프로그램이 적재될 장소를 마련하기 위해 어떤 프로그램이나 데이터를 제거할 지 결정하 는 전략이다.,실행 중인 프로그램에 의해 참조될 프로그램이나 데이터를 미리 예상하여 적재하는 전략이다.,1,배치(Placement) 전략은 새로 반입된 프로그램/데이터를 주기억장치의 어느 위치에 둘 것인지 결정하는 전략입니다(최초/최적/최악 적합 등).,175,cbt,2025_3,0
538,ipe_industrial,1,2023_1,OSI 7계층 중 데이터 링크 계층의 프로토콜에 해당하지 않는 것은?,HDLC,PPP,LLC,UDP,4,UDP는 전송 계층 프로토콜입니다. HDLC·PPP·LLC는 모두 데이터 링크 계층 프로토콜입니다.,176,cbt,2023_1,0
539,ipe_industrial,1,2023_1,세마포어(Semaphore)에 관한 설명 중 옳지 않은 것은?,상호배제 문제를 해결하기 위하여 사용된다.,정수의 변수로서 양의 값만을 가진다.,여러 개의 프로세스가 동시에 그 값을 수정하지 못한다.,세마포어에 대한 연산은 처리 도중에 인터럽트 되어서는 안된다.,2,"세마포어는 0 이상의 정수뿐 아니라 구현에 따라 다양한 값을 가질 수 있는 변수로, '양의 값만' 가진다는 설명은 옳지 않습니다.",177,cbt,2023_1,0
540,ipe_industrial,1,2023_3,세마포어(Semaphore)에 관한 설명 중 옳지 않은 것은?,상호배제 문제를 해결하기 위하여 사용된다.,정수의 변수로서 양의 값만을 가진다.,여러 개의 프로세스가 동시에 그 값을 수정하지 못한다.,세마포어에 대한 연산은 처리 도중에 인터럽트 되어서는 안된다.,2,"세마포어는 0 이상의 정수뿐 아니라 구현에 따라 다양한 값을 가질 수 있는 변수로, '양의 값만' 가진다는 설명은 옳지 않습니다.",177,cbt,2023_3,0
541,ipe_industrial,1,2025_1,세마포어(Semaphore)에 관한 설명 중 옳지 않은 것은?,상호배제 문제를 해결하기 위하여 사용된다.,정수의 변수로서 양의 값만을 가진다.,여러 개의 프로세스가 동시에 그 값을 수정하지 못한다.,세마포어에 대한 연산은 처리 도중에 인터럽트 되어서는 안된다.,2,"세마포어는 0 이상의 정수뿐 아니라 구현에 따라 다양한 값을 가질 수 있는 변수로, '양의 값만' 가진다는 설명은 옳지 않습니다.",177,cbt,2025_1,0
542,ipe_industrial,1,2023_1,객체지향 기법의 캡슐화(Encapsulation)에 대한 설명으로 틀린 것 은?,객체 간의 결합도가 높아진다.,변경 발생 시 오류의 파급 효과가 적다.,소프트웨어 재사용성이 높아진다.,인터페이스가 단순화된다.,1,캡슐화는 데이터와 연산을 하나로 묶어 객체 간 결합도를 '낮추고' 인터페이스를 단순화하며 재사용성을 높입니다. 결합도가 높아진다는 설명은 반대로 된 틀린 설명입니다.,178,cbt,2023_1,0
543,ipe_industrial,1,2023_3,객체지향 기법의 캡슐화(Encapsulation)에 대한 설명으로 틀린 것 은?,객체 간의 결합도가 높아진다.,변경 발생 시 오류의 파급 효과가 적다.,소프트웨어 재사용성이 높아진다.,인터페이스가 단순화된다.,1,캡슐화는 데이터와 연산을 하나로 묶어 객체 간 결합도를 '낮추고' 인터페이스를 단순화하며 재사용성을 높입니다. 결합도가 높아진다는 설명은 반대로 된 틀린 설명입니다.,178,cbt,2023_3,0
544,ipe_industrial,1,2023_1,UNIX 시스템에서 파일의 권한 모드 설정에 관한 명령어는?,chmod,cp,ls,chown,1,"chmod는 UNIX에서 파일의 권한(모드)을 설정하는 명령어입니다. chown은 소유자 변경, cp는 복사, ls는 목록 조회 명령입니다.",179,cbt,2023_1,0
545,ipe_industrial,1,2024_1,UNIX 시스템에서 파일의 권한 모드 설정에 관한 명령어는?,chmod,cp,ls,chown,1,"chmod는 UNIX에서 파일의 권한(모드)을 설정하는 명령어입니다. chown은 소유자 변경, cp는 복사, ls는 목록 조회 명령입니다.",179,cbt,2024_1,0
546,ipe_industrial,1,2025_3,UNIX 시스템에서 파일의 권한 모드 설정에 관한 명령어는?,chmod,cp,ls,chown,1,"chmod는 UNIX에서 파일의 권한(모드)을 설정하는 명령어입니다. chown은 소유자 변경, cp는 복사, ls는 목록 조회 명령입니다.",179,cbt,2025_3,0
547,ipe_industrial,1,2023_1,객체 지향 개념에서 이미 정의되어 있는 상위 클래스(수퍼 클래스 혹은 부모 클래스)의 메소드를 비롯한 모든 속성을 하위 클래스가 물려 받는 것을 무엇이라고 하는가?,Abstraction,Method,Inheritance,Message,3,상속(Inheritance)은 상위 클래스의 속성과 메소드를 하위 클래스가 물려받는 객체지향 개념입니다.,180,cbt,2023_1,0
548,ipe_industrial,1,2025_3,객체 지향 개념에서 이미 정의되어 있는 상위 클래스(수퍼 클래스 혹은 부모 클래스)의 메소드를 비롯한 모든 속성을 하위 클래스가 물려 받는 것을 무엇이라고 하는가?,Abstraction,Method,Inheritance,Message,3,상속(Inheritance)은 상위 클래스의 속성과 메소드를 하위 클래스가 물려받는 객체지향 개념입니다.,180,cbt,2025_3,0
549,ipe_industrial,1,2023_1,관계 대수 중 순수 관계 연산이 아닌 것은?,Difference,Join,Select,Project,1,"순수 관계 연산에는 Select, Project, Join, Division이 있습니다. Difference(차집합)는 일반 집합 연산자입니다.",181,cbt,2023_1,0
550,ipe_industrial,1,2025_1,관계 대수 중 순수 관계 연산이 아닌 것은?,Difference,Join,Select,Project,1,"순수 관계 연산에는 Select, Project, Join, Division이 있습니다. Difference(차집합)는 일반 집합 연산자입니다.",181,cbt,2025_1,0
551,ipe_industrial,1,2026_1,관계 대수 중 순수 관계 연산이 아닌 것은?,Difference,Join,Select,Project,1,"순수 관계 연산에는 Select, Project, Join, Division이 있습니다. Difference(차집합)는 일반 집합 연산자입니다.",181,cbt,2026_1,0
552,ipe_industrial,3,2023_1,다음과 같은 테이블이 있다. 이 릴레이션의 차수는? 학번(SNO)이름(SNAME)학년(YEAR)학과(DEPT) 100홍길동4전기 200임꺽정1컴퓨터 300이몽룡2전자 400강감찬4제어계측 500김유신3컴퓨터,500,24,4,5,3,릴레이션의 차수(Degree)는 속성(열)의 개수를 의미합니다. 표에는 학번·이름·학년·학과 4개 속성이 있으므로 차수는 4입니다.,182,cbt,2023_1,0
553,ipe_industrial,3,2023_1,다음 중 교차곱을 의미하는 기호는?,∪,∩,-,×,4,"×는 교차곱(Cartesian Product, CROSS PRODUCT)을 나타내는 기호입니다.",183,cbt,2023_1,0
554,ipe_industrial,3,2024_1,다음 중 교차곱을 의미하는 기호는?,∪,∩,-,×,4,"×는 교차곱(Cartesian Product, CROSS PRODUCT)을 나타내는 기호입니다.",183,cbt,2024_1,0
555,ipe_industrial,3,2023_1,릴레이션에 관한 설명 중 옳은 내용 모두를 나열한 것은? ㉠ 하나의 릴레이션에서 튜플의 순서는 존재한다. ㉡ 한 릴레이션에 나타난 속성 값은 논리적으로 분해 가 능한 값이어야 한다. ㉢ 한 릴레이션 내의 튜플은 중복 가능하다. ㉣ 각 속성은 릴레이션 내에서 유일한 이름을 가진다.,㉠,㉣,"㉡, ㉢","㉡, ㉢, ㉣",2,"각 속성은 릴레이션 내에서 유일한 이름을 가져야 한다는 설명(㉣)만 옳습니다. 튜플에는 순서가 없고 중복도 허용되지 않으며, 속성 값은 원자값이어야 하므로 나머지 설명은 모두 릴레이션의 실제 특성과 다릅니다.",184,cbt,2023_1,0
556,ipe_industrial,3,2025_2,릴레이션에 관한 설명 중 옳은 내용 모두를 나열한 것은? ㉠ 하나의 릴레이션에서 튜플의 순서는 존재한다. ㉡ 한 릴레이션에 나타난 속성 값은 논리적으로 분해 가 능한 값이어야 한다. ㉢ 한 릴레이션 내의 튜플은 중복 가능하다. ㉣ 각 속성은 릴레이션 내에서 유일한 이름을 가진다.,㉠,㉣,"㉡, ㉢","㉡, ㉢, ㉣",2,"각 속성은 릴레이션 내에서 유일한 이름을 가져야 한다는 설명(㉣)만 옳습니다. 튜플에는 순서가 없고 중복도 허용되지 않으며, 속성 값은 원자값이어야 하므로 나머지 설명은 모두 릴레이션의 실제 특성과 다릅니다.",184,cbt,2025_2,0
557,ipe_industrial,3,2023_1,다음 트리를 전위 순서(Pre-order)로 운행한 결과는?,A B C D E F G H,D B G H E F C A,A B D C E G H F,B D G H E F A C,3,전위 순회(Preorder)는 '루트 → 왼쪽 서브트리 → 오른쪽 서브트리' 순서로 노드를 방문합니다. 구체적 순서는 그림의 트리 구조에 따라 결정됩니다.,185,cbt,2023_1,0
558,ipe_industrial,3,2023_3,다음 트리를 전위 순서(Pre-order)로 운행한 결과는?,A B C D E F G H,D B G H E F C A,A B D C E G H F,B D G H E F A C,3,전위 순회(Preorder)는 '루트 → 왼쪽 서브트리 → 오른쪽 서브트리' 순서로 노드를 방문합니다. 구체적 순서는 그림의 트리 구조에 따라 결정됩니다.,185,cbt,2023_3,0
559,ipe_industrial,3,2025_3,다음 트리를 전위 순서(Pre-order)로 운행한 결과는?,A B C D E F G H,D B G H E F C A,A B D C E G H F,B D G H E F A C,3,전위 순회(Preorder)는 '루트 → 왼쪽 서브트리 → 오른쪽 서브트리' 순서로 노드를 방문합니다. 구체적 순서는 그림의 트리 구조에 따라 결정됩니다.,185,cbt,2025_3,0
560,ipe_industrial,3,2023_1,제2정규형에서 제3정규형이 되기 위한 조건은?,원자 값이 아닌 도메인을 분해,부분 함수 종속 제거,이행 함수 종속 제거,후보 키를 통하지 않은 조인 종속 제거,3,제2정규형에서 제3정규형이 되려면 이행 함수 종속을 제거해야 합니다.,186,cbt,2023_1,0
561,ipe_industrial,3,2025_2,제2정규형에서 제3정규형이 되기 위한 조건은?,원자 값이 아닌 도메인을 분해,부분 함수 종속 제거,이행 함수 종속 제거,후보 키를 통하지 않은 조인 종속 제거,3,제2정규형에서 제3정규형이 되려면 이행 함수 종속을 제거해야 합니다.,186,cbt,2025_2,0
562,ipe_industrial,3,2023_1,SQL 명령어 중 DDL에 해당하는 것은?,SELECT,UPDATE,DELETE,ALTER,4,ALTER는 테이블 구조를 변경하는 DDL 명령어입니다. SELECT·UPDATE·DELETE는 DML입니다.,187,cbt,2023_1,0
563,ipe_industrial,3,2024_1,SQL 명령어 중 DDL에 해당하는 것은?,SELECT,UPDATE,DELETE,ALTER,4,ALTER는 테이블 구조를 변경하는 DDL 명령어입니다. SELECT·UPDATE·DELETE는 DML입니다.,187,cbt,2024_1,0
564,ipe_industrial,3,2025_2,SQL 명령어 중 DDL에 해당하는 것은?,SELECT,UPDATE,DELETE,ALTER,4,ALTER는 테이블 구조를 변경하는 DDL 명령어입니다. SELECT·UPDATE·DELETE는 DML입니다.,187,cbt,2025_2,0
565,ipe_industrial,3,2023_1,관계 데이터 모델에서 하나의 애트리뷰트(Attribute)가 취할 수 있는 모든 원자값들의 집합을 무엇이라고 하는가?,도메인,스키마,튜플,엔티티,1,하나의 애트리뷰트가 취할 수 있는 원자값들의 집합을 도메인(Domain)이라고 합니다.,188,cbt,2023_1,0
566,ipe_industrial,3,2023_3,관계 데이터 모델에서 하나의 애트리뷰트(Attribute)가 취할 수 있는 모든 원자값들의 집합을 무엇이라고 하는가?,도메인,스키마,튜플,엔티티,1,하나의 애트리뷰트가 취할 수 있는 원자값들의 집합을 도메인(Domain)이라고 합니다.,188,cbt,2023_3,0
567,ipe_industrial,3,2023_1,"자료를 구조에 따라 분류할 경우, 성격이 나머지 셋과 다른 하나는?",스택,그래프,큐,데크,2,그래프(Graph)는 비선형 자료구조입니다. 스택·큐·데크는 모두 선형 자료구조입니다.,189,cbt,2023_1,0
568,ipe_industrial,3,2025_2,"자료를 구조에 따라 분류할 경우, 성격이 나머지 셋과 다른 하나는?",스택,그래프,큐,데크,2,그래프(Graph)는 비선형 자료구조입니다. 스택·큐·데크는 모두 선형 자료구조입니다.,189,cbt,2025_2,0
569,ipe_industrial,3,2023_1,양쪽 끝에서 노드의 삽입과 삭제가 허용되는 선형 리스트는?,스택(Stack),큐(Queue),데크(Deque),연결 리스트(Linked List),3,데크(Deque)는 양쪽 끝에서 삽입과 삭제가 모두 허용되는 선형 리스트입니다.,190,cbt,2023_1,0
570,ipe_industrial,3,2023_1,해싱에서 서로 다른 두 개 이상의 레코드가 동일한 주소를 갖는 현상을 의미하는 것은?,Synonym,Collision,Bucket,Slot,2,Collision(충돌)은 서로 다른 두 개 이상의 레코드가 해싱 결과 동일한 주소를 갖게 되는 현상입니다.,191,cbt,2023_1,0
571,ipe_industrial,3,2024_1,해싱에서 서로 다른 두 개 이상의 레코드가 동일한 주소를 갖는 현상을 의미하는 것은?,Synonym,Collision,Bucket,Slot,2,Collision(충돌)은 서로 다른 두 개 이상의 레코드가 해싱 결과 동일한 주소를 갖게 되는 현상입니다.,191,cbt,2024_1,0
572,ipe_industrial,3,2023_1,STUDENT 릴레이션에 대한 SELECT 권한을 모든 사용자에게 허가하 는 SQL 명령문은?,GRANT SELECT FROM STUDENT TO PROTECT;,GRANT SELECT ON STUDENT TO PUBLIC;,GRANT SELECT FROM STUDENT TO ALL;,GRANT SELECT ON STUDENT TO ALL;,2,GRANT SELECT ON STUDENT TO PUBLIC;은 STUDENT 테이블에 대한 SELECT 권한을 모든 사용자(PUBLIC)에게 부여하는 SQL 명령입니다.,192,cbt,2023_1,0
573,ipe_industrial,3,2023_1,트랜잭션(Transaction)의 특성에 해당하지 않는 것은?,Atomicity,Consistency,Isolation,Distribution,4,"트랜잭션의 특성(ACID)은 원자성·일관성·독립성·영속성이며, Distribution(분산성)은 여기에 해당하지 않습니다.",193,cbt,2023_1,0
574,ipe_industrial,3,2023_3,트랜잭션(Transaction)의 특성에 해당하지 않는 것은?,Atomicity,Consistency,Isolation,Distribution,4,"트랜잭션의 특성(ACID)은 원자성·일관성·독립성·영속성이며, Distribution(분산성)은 여기에 해당하지 않습니다.",193,cbt,2023_3,0
575,ipe_industrial,3,2023_1,한 릴레이션의 기본키를 구성하는 어떠한 속성 값도 널(null) 값이나 중복 값을 가질 수 없다는 것을 의미하는 것은?,참조 무결성 제약 조건,주소 무결성 제약 조건,원자값 무결성 제약 조건,개체 무결성 제약 조건,4,개체 무결성 제약 조건은 기본키를 구성하는 속성이 Null이나 중복 값을 가질 수 없다는 규정입니다.,194,cbt,2023_1,0
576,ipe_industrial,3,2023_1,SQL 문에서 테이블 생성에 사용되는 문장은?,CREATE,ALTER,SELECT,DROP,1,CREATE는 테이블 등을 새로 생성할 때 사용하는 SQL 문입니다.,195,cbt,2023_1,0
577,ipe_industrial,3,2023_1,개체-관계 모델의 E-R 다이어그램에서 속성을 의미하는 그래픽 표현은?,사각형,타원,마름모,삼각형,2,E-R 다이어그램에서 속성(Attribute)은 타원으로 표현됩니다.,196,cbt,2023_1,0
578,ipe_industrial,3,2024_1,개체-관계 모델의 E-R 다이어그램에서 속성을 의미하는 그래픽 표현은?,사각형,타원,마름모,삼각형,2,E-R 다이어그램에서 속성(Attribute)은 타원으로 표현됩니다.,196,cbt,2024_1,0
579,ipe_industrial,3,2023_1,데이터베이스 설계 단계 중 물리적 설계 단계와 거리가 먼 것은?,저장 레코드 양식 설계,스키마의 평가 및 정제,레코드 집중의 분석 및 설계,접근 경로 설계,2,"'스키마의 평가 및 정제'는 논리적 설계 단계의 작업이며, 저장 레코드 양식 설계·접근 경로 설계 등 물리적 설계 단계의 작업과는 거리가 있습니다.",197,cbt,2023_1,0
580,ipe_industrial,3,2023_1,학생 테이블에서 학번이 “1144077”인 학생의 학년을 “2”로 수정하기 위한 SQL 질의어는?,UPDATE 학년=“2” FROM 학생 WHERE 학번=“1144077”;,UPDATE 학생 SET 학년=“2” WHERE 학번=“1144077”;,REPLACE FROM 학생 SET 학년=“2” WHERE 학번 =“1144077”;,REPLACE 학년=“2” SET 학생 WHEN 학번=“1144077”;,2,특정 튜플의 값을 변경할 때는 'UPDATE 테이블 SET 컬럼=값 WHERE 조건;' 형식을 사용합니다.,198,cbt,2023_1,0
581,ipe_industrial,3,2026_1,학생 테이블에서 학번이 “1144077”인 학생의 학년을 “2”로 수정하기 위한 SQL 질의어는?,UPDATE 학년=“2” FROM 학생 WHERE 학번=“1144077”;,UPDATE 학생 SET 학년=“2” WHERE 학번=“1144077”;,REPLACE FROM 학생 SET 학년=“2” WHERE 학번 =“1144077”;,REPLACE 학년=“2” SET 학생 WHEN 학번=“1144077”;,2,특정 튜플의 값을 변경할 때는 'UPDATE 테이블 SET 컬럼=값 WHERE 조건;' 형식을 사용합니다.,198,cbt,2026_1,0
582,ipe_industrial,1,2023_2,"프로세스 스케줄링 방법 중 시분할 시스템을 위해 고안되었으며, 타임 슬라이스라는 작은 단위 시간이 정의되고 이 단위 시간 동안 CPU를 제공하는 방법은?",선입선출,다단계 큐,라운드 로빈,다단계 피드백 큐,3,"라운드 로빈(Round Robin)은 시분할 시스템을 위해 고안된 기법으로, 정해진 타임 슬라이스만큼씩 순환하며 CPU를 배분합니다.",199,cbt,2023_2,0
583,ipe_industrial,1,2023_2,다음은 무엇에 관한 정의인가? ㆍ실행 중인 프로그램 ㆍ비동기적 행위를 일으키는 주체 ㆍ프로시저가 활동 중인 것 ㆍPCB를 가진 프로그램,PROCESS,WORKING SET,MONITOR,SEMAPHORE,1,실행 중인 프로그램이면서 PCB를 가지고 비동기적 행위를 일으키는 것은 프로세스(Process)의 정의입니다.,200,cbt,2023_2,0
584,ipe_industrial,1,2025_3,다음은 무엇에 관한 정의인가? ㆍ실행 중인 프로그램 ㆍ비동기적 행위를 일으키는 주체 ㆍ프로시저가 활동 중인 것 ㆍPCB를 가진 프로그램,PROCESS,WORKING SET,MONITOR,SEMAPHORE,1,실행 중인 프로그램이면서 PCB를 가지고 비동기적 행위를 일으키는 것은 프로세스(Process)의 정의입니다.,200,cbt,2025_3,0
585,ipe_industrial,1,2023_2,"연산 P, V와 정수 변수를 이용하여 동기화 문제를 해결하는 것은?",Critical Section,Monitor,Semaphore,Mutual Exclusion,3,"세마포어(Semaphore)는 P, V 두 연산과 정수 변수를 이용해 프로세스 간 동기화 문제를 해결하는 기법입니다.",201,cbt,2023_2,0
586,ipe_industrial,1,2024_1,"연산 P, V와 정수 변수를 이용하여 동기화 문제를 해결하는 것은?",Critical Section,Monitor,Semaphore,Mutual Exclusion,3,"세마포어(Semaphore)는 P, V 두 연산과 정수 변수를 이용해 프로세스 간 동기화 문제를 해결하는 기법입니다.",201,cbt,2024_1,0
587,ipe_industrial,1,2025_2,"연산 P, V와 정수 변수를 이용하여 동기화 문제를 해결하는 것은?",Critical Section,Monitor,Semaphore,Mutual Exclusion,3,"세마포어(Semaphore)는 P, V 두 연산과 정수 변수를 이용해 프로세스 간 동기화 문제를 해결하는 기법입니다.",201,cbt,2025_2,0
588,ipe_industrial,1,2026_1,"연산 P, V와 정수 변수를 이용하여 동기화 문제를 해결하는 것은?",Critical Section,Monitor,Semaphore,Mutual Exclusion,3,"세마포어(Semaphore)는 P, V 두 연산과 정수 변수를 이용해 프로세스 간 동기화 문제를 해결하는 기법입니다.",201,cbt,2026_1,0
589,ipe_industrial,1,2023_2,데이터 통신에서 Hamming Code를 이용하여 에러를 정정하는 방식은?,군계수 체크 방식,자기정정 부호 방식,패리티 체크 방식,정마크 부호 방식,2,해밍 코드를 이용한 오류 정정은 스스로 오류 위치를 찾아 정정하는 '자기정정 부호 방식'에 해당합니다.,202,cbt,2023_2,0
590,ipe_industrial,1,2023_2,객체 지향의 개념에서 하나 이상의 유사한 객체를 묶어서 하나의 공통된 특성을 표현한 것을 무엇이라고 하는가?,인스턴스,메소드,메시지,클래스,4,클래스(Class)는 공통 속성과 연산을 가진 객체들을 묶어 하나의 공통된 타입으로 표현한 것입니다.,203,cbt,2023_2,0
591,ipe_industrial,1,2024_3,객체 지향의 개념에서 하나 이상의 유사한 객체를 묶어서 하나의 공통된 특성을 표현한 것을 무엇이라고 하는가?,인스턴스,메소드,메시지,클래스,4,클래스(Class)는 공통 속성과 연산을 가진 객체들을 묶어 하나의 공통된 타입으로 표현한 것입니다.,203,cbt,2024_3,0
592,ipe_industrial,1,2023_2,HRN 스케줄링에서 우선순위 계산식은?,(대기 시간 + 서비스 시간) / 대기 시간,(대기 시간 + 서비스 시간) / 서비스 시간,대기 시간 / (대기 시간 + 서비스 시간),서비스 시간 / (대시 기간 + 서비스 시간),2,HRN 우선순위 = (대기시간+서비스시간)/서비스시간 입니다. 값이 클수록 우선순위가 높아 서비스시간이 짧거나 대기시간이 긴 작업이 먼저 처리됩니다.,204,cbt,2023_2,0
593,ipe_industrial,1,2023_3,HRN 스케줄링에서 우선순위 계산식은?,(대기 시간 + 서비스 시간) / 대기 시간,(대기 시간 + 서비스 시간) / 서비스 시간,대기 시간 / (대기 시간 + 서비스 시간),서비스 시간 / (대시 기간 + 서비스 시간),2,HRN 우선순위 = (대기시간+서비스시간)/서비스시간 입니다. 값이 클수록 우선순위가 높아 서비스시간이 짧거나 대기시간이 긴 작업이 먼저 처리됩니다.,204,cbt,2023_3,0
594,ipe_industrial,1,2025_2,HRN 스케줄링에서 우선순위 계산식은?,(대기 시간 + 서비스 시간) / 대기 시간,(대기 시간 + 서비스 시간) / 서비스 시간,대기 시간 / (대기 시간 + 서비스 시간),서비스 시간 / (대시 기간 + 서비스 시간),2,HRN 우선순위 = (대기시간+서비스시간)/서비스시간 입니다. 값이 클수록 우선순위가 높아 서비스시간이 짧거나 대기시간이 긴 작업이 먼저 처리됩니다.,204,cbt,2025_2,0
595,ipe_industrial,1,2026_1,HRN 스케줄링에서 우선순위 계산식은?,(대기 시간 + 서비스 시간) / 대기 시간,(대기 시간 + 서비스 시간) / 서비스 시간,대기 시간 / (대기 시간 + 서비스 시간),서비스 시간 / (대시 기간 + 서비스 시간),2,HRN 우선순위 = (대기시간+서비스시간)/서비스시간 입니다. 값이 클수록 우선순위가 높아 서비스시간이 짧거나 대기시간이 긴 작업이 먼저 처리됩니다.,204,cbt,2026_1,0
596,ipe_industrial,1,2023_2,교착상태의 필요 충분 조건에 해당하지 않는 것은?,Mutual Execlusion,Hold and Wait,Circular Wait,Preemption,4,"교착상태 필요충분조건은 상호배제·점유와대기·비선점·환형대기이며, Preemption(선점)은 이 조건에 포함되지 않습니다(선점이 가능하면 교착상태가 발생하지 않음).",205,cbt,2023_2,0
597,ipe_industrial,1,2025_3,교착상태의 필요 충분 조건에 해당하지 않는 것은?,Mutual Execlusion,Hold and Wait,Circular Wait,Preemption,4,"교착상태 필요충분조건은 상호배제·점유와대기·비선점·환형대기이며, Preemption(선점)은 이 조건에 포함되지 않습니다(선점이 가능하면 교착상태가 발생하지 않음).",205,cbt,2025_3,0
598,ipe_industrial,2,2023_2,JAVA의 예외(exception)와 관련한 설명으로 틀린 것은?,문법 오류로 인해 발생한 것,오동작이나 결과에 악영향을 미칠 수 있는 실행 시간 동안에 발생한 오류,배열의 인덱스가 그 범위를 넘어서는 경우 발생하는 오류,존재하지 않는 파일을 읽으려고 하는 경우에 발생하는 오류,1,"'문법 오류로 인해 발생한 것'은 컴파일 시점에 걸러지는 오류(Syntax Error)이며, 실행 중(런타임)에 발생하는 예외(Exception)의 정의에 해당하지 않습니다.",206,cbt,2023_2,0
599,ipe_industrial,2,2023_2,"C언어에서 두 개의 논리 값 중 하나라도 참이면 1을, 모두 거짓이면 0을 반환하는 연산자는?",∥,&&,**,!=,1,||(OR)는 두 논리값 중 하나라도 참이면 1(참)을 반환하는 연산자입니다.,207,cbt,2023_2,0
600,ipe_industrial,2,2023_2,"C언어에서 정수 변수 a, b에 각각 1, 2가 저장되어 있을 때 다음 식의 연산 결과로 옳은 것은? a < b + 2 && a << 1 <= b",0,1,3,5,2,"a=1,b=2일 때 a<b+2는 1<4=참(1). a<<1은 1을 왼쪽으로 1비트 시프트해 2. 2<=b는 2<=2=참(1). 참&&참=1이 결과입니다.",208,cbt,2023_2,0
601,ipe_industrial,2,2024_1,"C언어에서 정수 변수 a, b에 각각 1, 2가 저장되어 있을 때 다음 식의 연산 결과로 옳은 것은? a < b + 2 && a << 1 <= b",0,1,3,5,2,"a=1,b=2일 때 a<b+2는 1<4=참(1). a<<1은 1을 왼쪽으로 1비트 시프트해 2. 2<=b는 2<=2=참(1). 참&&참=1이 결과입니다.",208,cbt,2024_1,0
602,ipe_industrial,2,2024_3,"C언어에서 정수 변수 a, b에 각각 1, 2가 저장되어 있을 때 다음 식의 연산 결과로 옳은 것은? a < b + 2 && a << 1 <= b",0,1,3,5,2,"a=1,b=2일 때 a<b+2는 1<4=참(1). a<<1은 1을 왼쪽으로 1비트 시프트해 2. 2<=b는 2<=2=참(1). 참&&참=1이 결과입니다.",208,cbt,2024_3,0
603,ipe_industrial,2,2025_2,"C언어에서 정수 변수 a, b에 각각 1, 2가 저장되어 있을 때 다음 식의 연산 결과로 옳은 것은? a < b + 2 && a << 1 <= b",0,1,3,5,2,"a=1,b=2일 때 a<b+2는 1<4=참(1). a<<1은 1을 왼쪽으로 1비트 시프트해 2. 2<=b는 2<=2=참(1). 참&&참=1이 결과입니다.",208,cbt,2025_2,0
604,ipe_industrial,2,2023_2,"다음 C언어 프로그램이 실행되었을 때, 실행 결과는? #include <stdio.h> #include <stdlib.h> int main(int argc, char* argv[]) { int i = 0; while (1) { if (i == 4) { break; } ++i; } printf(""i = %d"", i); return 0; }",i = 0,i = 1,i = 3,i = 4,4,i=0에서 시작해 i==4가 될 때까지 ++i를 반복하다 i가 4가 되는 순간 break로 루프를 빠져나오므로 최종 i=4가 출력됩니다.,209,cbt,2023_2,0
605,ipe_industrial,2,2023_2,소프트웨어 개발에서 모듈(Module)이 되기 위한 주요 특징에 해당하 지 않는 것은?,다른 것들과 구별될 수 있는 독립적인 기능을 가진 단위(Unit) 이다.,독립적인 컴파일이 가능하다.,유일한 이름을 가져야 한다.,다른 모듈에서의 접근이 불가능해야 한다.,4,"모듈은 다른 모듈에서 호출·접근될 수 있어야 그 기능이 시스템에서 쓰일 수 있으므로, '다른 모듈에서의 접근이 불가능해야 한다'는 모듈의 특징이 아닙니다.",210,cbt,2023_2,0
606,ipe_industrial,2,2023_3,소프트웨어 개발에서 모듈(Module)이 되기 위한 주요 특징에 해당하 지 않는 것은?,다른 것들과 구별될 수 있는 독립적인 기능을 가진 단위(Unit) 이다.,독립적인 컴파일이 가능하다.,유일한 이름을 가져야 한다.,다른 모듈에서의 접근이 불가능해야 한다.,4,"모듈은 다른 모듈에서 호출·접근될 수 있어야 그 기능이 시스템에서 쓰일 수 있으므로, '다른 모듈에서의 접근이 불가능해야 한다'는 모듈의 특징이 아닙니다.",210,cbt,2023_3,0
607,ipe_industrial,2,2024_3,소프트웨어 개발에서 모듈(Module)이 되기 위한 주요 특징에 해당 하지 않는 것은?,다른 것들과 구별될 수 있는 독립적인 기능을 가진 단위(Unit) 이다.,독립적인 컴파일이 가능하다.,유일한 이름을 가져야 한다.,다른 모듈에서의 접근이 불가능해야 한다.,4,"모듈은 다른 모듈에서 호출·접근될 수 있어야 그 기능이 시스템에서 쓰일 수 있으므로, '다른 모듈에서의 접근이 불가능해야 한다'는 모듈의 특징이 아닙니다.",210,cbt,2024_3,0
608,ipe_industrial,1,2024_2,행위 다이어그램의 종류 중 다음 설명에 해당하는 것은? ㆍ하나의 객체가 자신이 속한 클래스의 상태 변화 혹은 다른 객체와의 상호 작용에 따라 상태가 어떻게 변화 하는지를 표현한다. ㆍ럼바우(Rumbaugh) 객체지향 분석 기법에서 동적 모델 링에 활용된다.,상태 다이어그램(State Diagram),순차 다이어그램(Sequence Diagram),객체 다이어그램(Object Diagram),유스케이스 다이어그램(Use Case Diagram),1,"상태 다이어그램(State Diagram)은 객체가 자신의 상태 변화나 다른 객체와의 상호작용에 따라 상태가 어떻게 바뀌는지를 표현하며, 럼바우 기법의 동적 모델링에 활용됩니다.",211,cbt,2024_2,0
609,ipe_industrial,1,2024_2,애자일 개발 방법론에 해당하지 않는 것은?,"기능 주도 개발(FDD, Feature Driven Development)",하둡(Hadoop),스크럼(Scrum),"익스트림 프로그래밍(XP, eXtreme Programming)",2,"하둡(Hadoop)은 분산 데이터 처리 플랫폼이며, 애자일 개발 방법론이 아닙니다. FDD·스크럼·XP는 모두 애자일 방법론입니다.",212,cbt,2024_2,0
610,ipe_industrial,1,2024_2,다이어그램에 대한 설명으로 옳지 않은 것은?,활동 다이어그램(Activity Diagram) : 시스템이 어떤 기능을 수행하는지 객체의 처리 로직이나 조건에 따른 처리의 흐름을 순서에 따라 표현한다.,시퀀스 다이어그램(Sequence Diagram) : 상호 작용하는 시스 템이나 객체들이 주고받는 메시지를 표현한다.,유스케이스 다이어그램(Use Case Diagram) : 사용자의 요구 를 분석하는 것으로 기능 모델링 작업에 사용한다.,"객체 다이어그램(Object Diagram) : 클래스와 클래스가 가지 는 속성, 클래스 사이의 관계를 표현한다.",4,"객체 다이어그램은 특정 시점의 객체와 객체 간 관계(인스턴스) 스냅샷을 표현합니다. '클래스와 속성, 클래스 간 관계'를 표현하는 것은 클래스 다이어그램에 대한 설명입니다.",213,cbt,2024_2,0
611,ipe_industrial,1,2024_2,다음 검사의 기법 중 종류가 다른 하나는 무엇인가?,원인 효과 그래픽 기법(Cause-effect Graphingtesting),동치 분할 검사(Equivalence Partitioning Testing),데이터 흐름 검사(Data Flow Testing),비교 검사(Comparison Testing),3,"원인효과 그래프·동치분할·비교검사는 블랙박스 테스트 기법이고, 데이터 흐름 검사는 화이트박스 테스트 기법으로 종류가 다릅니다.",214,cbt,2024_2,0
612,ipe_industrial,1,2024_2,개발 단계에 따른 애플리케이션 테스트에 속하지 않는 것은?,통합 테스트,단위 테스트,구조 테스트,인수 테스트,3,"개발 단계별 애플리케이션 테스트는 단위·통합·시스템·인수 테스트로 구분되며, '구조 테스트'는 이 분류 체계의 명칭이 아닙니다.",215,cbt,2024_2,0
613,ipe_industrial,1,2024_2,"다음과 같이 작업이 제출되었다. 이를 FIFO 정책으로 스케줄링하면 평균 반환 시간은 얼마인가? 프로세스(도착시간, 실행시간): P1(0,3), P2(1,7), P3(3,2), P4(5,5), P5(6,3)",3,4,7.2,9.4,4,"FIFO(도착순) P1(0,3)→P2(1,7)→P3(3,2)→P4(5,5)→P5(6,3) 실행 시 완료시각 3,10,12,17,20이며, 반환시간(완료-도착) 3,9,9,12,14의 평균은 9.4입니다.",216,cbt,2024_2,1
614,ipe_industrial,1,2024_2,Process의 3가지 상태에 해당하지 않는 것은?,Ready,Block,Running,Indexing,4,"프로세스는 Ready(준비), Running(실행), Block/Wait(대기) 3가지 기본 상태를 가집니다. Indexing은 프로세스 상태가 아닙니다.",217,cbt,2024_2,0
615,ipe_industrial,1,2024_2,네트워크 관련 신기술에 대한 설명으로 옳지 않은 것은?,SSO : 하나의 시스템에서 인증에 성공하면 다른 시스템에 대한 접근 권한도 얻는 시스템이다.,PICONET : 여러 개의 독립된 통신장치가 UWB 기술 또는 블루투스 기술을 사용하여 통신망을 형성하는 무선 네트워크 기술이다.,PaaS-TA : 전기의 생산부터 소비까지의 전 과정에 정보통신 기술을 접목하여 에너지 효율성을 높이는 지능형 전력망 시스 템이다.,"Mesh Network : 차세대 이동통신, 홈네트워킹, 공공안전 등의 특수 목적에 사용되는 새로운 방식의 네트워크 기술이다.",3,"PaaS-TA는 한국형 개방형 클라우드 플랫폼(PaaS)입니다. '전력망에 정보통신기술을 접목한 시스템'은 스마트 그리드에 대한 설명으로, PaaS-TA와 무관합니다.",218,cbt,2024_2,0
616,ipe_industrial,1,2024_2,"공통된 속성과 연산을 갖는 객체의 집합으로, 객체의 일반적인 타입(Type)을 의미하는 것은?",객체(Object),클래스(Class),캡슐화(Encapsulation),상속(Inheritance),2,"클래스(Class)는 공통된 속성과 연산을 갖는 객체의 집합으로, 객체의 일반적인 타입을 의미합니다.",219,cbt,2024_2,0
617,ipe_industrial,1,2024_2,모듈 결합도의 종류 중 스탬프 결합도(Stamp Coupling)에 대한 설명으로 틀린 것은?,모듈 간의 인터페이스로 배열이나 레코드 등의 자료 구조가 전달될 때의 결합도이다.,"결합의 정도가 자료 결합도보다 강하고, 제어 결합도보다 약하다.",두 모듈이 동일한 자료 구조를 조회하는 경우의 결합도이다.,자료 구조의 변화가 다른 모듈에 영향을 끼치지 않는다.,4,"스탬프 결합도는 배열·레코드 같은 자료구조 전체가 모듈 간에 전달될 때의 결합도로, 자료구조가 변하면 그 구조를 사용하는 다른 모듈에도 영향을 줍니다. '영향을 끼치지 않는다'는 설명이 틀렸습니다.",220,cbt,2024_2,0
618,ipe_industrial,1,2024_2,오픈 소스 기반 분산 컴퓨팅 플랫폼인 아파치 하둡(Apache Hadoop) 기반의 분산 데이터 웨어하우스 프로젝트를 의미하는 것은?,데이터 마이닝(Data Mining),맵리듀스(MapReduce),스쿱(Sqoop),타조(Tajo),4,타조(Tajo)는 하둡 기반의 분산 데이터 웨어하우스(SQL 온 하둡) 프로젝트입니다.,221,cbt,2024_2,0
619,ipe_industrial,1,2024_2,기존에 구현되어 있는 클래스에 기능 발생 시 기존 클래스를 재사용할 수 있도록 중간에서 맞춰주는 역할을 하는 디자인 패턴은?,브리지(Bridge),데코레이터(Decorator),어댑터(Adapter),퍼싸드(Facade),3,어댑터(Adapter) 패턴은 호환되지 않는 인터페이스를 가진 기존 클래스를 그대로 재사용할 수 있도록 중간에서 변환해주는 구조 패턴입니다.,222,cbt,2024_2,0
620,ipe_industrial,1,2025_2,기존에 구현되어 있는 클래스에 기능 발생 시 기존 클래스를 재사용할 수 있도록 중간에서 맞춰주는 역할을 하는 디자인 패턴은?,브리지(Bridge),데코레이터(Decorator),어댑터(Adapter),퍼싸드(Facade),3,어댑터(Adapter) 패턴은 호환되지 않는 인터페이스를 가진 기존 클래스를 그대로 재사용할 수 있도록 중간에서 변환해주는 구조 패턴입니다.,222,cbt,2025_2,0
621,ipe_industrial,1,2024_2,"OSI 7계층 중 종점 호스트 사이의 데이터 전송을 다루는 계층으로 종점 간의 연결 관리, 오류제어와 흐름제어 등을 수행하는 계층은?",물리 계층,프레젠테이션 계층,응용 계층,전송 계층,4,"전송 계층은 종점(End-to-End) 간 데이터 전송, 연결 관리, 오류 제어와 흐름 제어를 담당합니다.",223,cbt,2024_2,0
622,ipe_industrial,1,2024_2,HIPO의 3가지 패키지가 아닌 것은?,도식목차(Visual Table of Contents),순서도(Flowchart),총괄도표(Overview Diagram),상세도표(Detail Diagram),2,"HIPO의 3가지 패키지는 도식 목차, 총괄 도표, 상세 도표입니다. 순서도(Flowchart)는 HIPO 패키지에 포함되지 않습니다.",224,cbt,2024_2,0
623,ipe_industrial,1,2024_3,HIPO의 3가지 패키지가 아닌 것은?,도식목차(Visual Table of Contents),순서도(Flowchart),총괄도표(Overview Diagram),상세도표(Detail Diagram),2,"HIPO의 3가지 패키지는 도식 목차, 총괄 도표, 상세 도표입니다. 순서도(Flowchart)는 HIPO 패키지에 포함되지 않습니다.",224,cbt,2024_3,0
624,ipe_industrial,1,2024_2,형상 관리(SCM)에 대한 설명으로 옳지 않은 것은?,형상 관리는 소프트웨어의 개발 과정에서 소프트웨어의 변경 사항을 관리하는 것이다.,"형상 관리의 기능에는 형상 식별, 버전 제어, 형상 통제 등이 있다.","형상 관리의 관리 항목에는 프로젝트 개발 비용, 프로젝트 요구 분석서 등이 있다.","대표적인 형상 관리 도구에는 Git, CVS, Subversion 등이 있 다.",3,"형상 관리 대상 항목은 소스 코드, 요구 분석서, 설계 문서, 설치 지침서 등이며, 프로젝트 개발 비용은 형상 관리 항목이 아닙니다.",225,cbt,2024_2,0
625,ipe_industrial,2,2024_2,프레임워크(Framework)의 특성과 가장 거리가 먼 것은?,모듈화(Modularity),인증(Authentication),재사용성(Reusability),확장성(Extensibility),2,프레임워크의 대표적 특성은 모듈화·재사용성·확장성(및 제어의 역흐름)입니다. 인증(Authentication)은 프레임워크 자체의 특성이 아니라 특정 기능의 예시일 뿐입니다.,226,cbt,2024_2,0
626,ipe_industrial,2,2024_2,프레임워크의 특성에 대한 설명으로 옳지 않은 것은?,"프레임워크는 재사용 가능한 모듈들을 제공함으로써 예산 절 감, 생산성 향상, 품질 보증이 가능하다.",프레임워크는 다형성을 통한 인터페이스 확장이 가능하여 다 양한 형태와 기능을 가진 애플리케이션 개발이 가능하다.,프레임워크는 개발표준에 의한 모듈화로 인해 유지 보수가 어 렵다.,개발자가 관리하고 통제해야 하는 객체들의 제어를 프레임워 크에 넘김으로써 생산성을 향상시킨다.,3,프레임워크는 개발표준에 따른 모듈화로 오히려 유지보수가 '쉬워지는' 것이 특징입니다. '유지보수가 어렵다'는 설명은 반대로 된 틀린 내용입니다.,227,cbt,2024_2,0
627,ipe_industrial,2,2024_3,프레임워크의 특성에 대한 설명으로 옳지 않은 것은?,"프레임워크는 재사용 가능한 모듈들을 제공함으로써 예산 절 감, 생산성 향상, 품질 보증이 가능하다.",프레임워크는 다형성을 통한 인터페이스 확장이 가능하여 다 양한 형태와 기능을 가진 애플리케이션 개발이 가능하다.,프레임워크는 개발표준에 의한 모듈화로 인해 유지 보수가 어렵다.,개발자가 관리하고 통제해야 하는 객체들의 제어를 프레임워 크에 넘김으로써 생산성을 향상시킨다.,3,프레임워크는 개발표준에 따른 모듈화로 오히려 유지보수가 '쉬워지는' 것이 특징입니다. '유지보수가 어렵다'는 설명은 반대로 된 틀린 내용입니다.,227,cbt,2024_3,0
628,ipe_industrial,2,2024_2,Module의 독립성을 높이려면 Coupling과 Cohesion은 어떤 관계가 되어야 하는가?,Coupling과 Cohesion 모두 약해야 한다.,Coupling과 Cohesion 모두 강해야 한다.,Coupling은 강하고 Cohesion은 약해야 한다.,Coupling은 약하고 Cohesion은 강해야 한다.,4,"모듈 독립성을 높이려면 Cohesion(응집도)은 강하게, Coupling(결합도)은 약하게 설계해야 합니다.",228,cbt,2024_2,0
629,ipe_industrial,2,2025_2,Module의 독립성을 높이려면 Coupling과 Cohesion은 어떤 관계가 되어야 하는가?,Coupling과 Cohesion 모두 약해야 한다.,Coupling과 Cohesion 모두 강해야 한다.,Coupling은 강하고 Cohesion은 약해야 한다.,Coupling은 약하고 Cohesion은 강해야 한다.,4,"모듈 독립성을 높이려면 Cohesion(응집도)은 강하게, Coupling(결합도)은 약하게 설계해야 합니다.",228,cbt,2025_2,0
630,ipe_industrial,2,2024_2,조건이 참인지 거짓인지 판단하고자 할 때 사용하는 데이터 타입은?,Integer Type,Boolean Type,Character String Type,Floating Point Type,2,참/거짓 두 값만 가지는 데이터 타입은 Boolean Type입니다.,229,cbt,2024_2,0
631,ipe_industrial,2,2024_3,조건이 참인지 거짓인지 판단하고자 할 때 사용하는 데이터 타입은?,Integer Type,Boolean Type,Character String Type,Floating Point Type,2,참/거짓 두 값만 가지는 데이터 타입은 Boolean Type입니다.,229,cbt,2024_3,0
632,ipe_industrial,2,2024_2,"공통 모듈에 대한 명세 기법 중 기능에 대한 요구사항의 출처, 관련 시스템 등의 관계를 파악할 수 있도록 작성하는 원칙은?",추적성,명확성,완전성,일관성,1,추적성(Traceability)은 요구사항의 출처나 관련 시스템 등과의 연관 관계를 파악할 수 있도록 명세하는 원칙입니다.,230,cbt,2024_2,0
633,ipe_industrial,2,2025_1,"공통 모듈에 대한 명세 기법 중 기능에 대한 요구사항의 출처, 관련 시스템 등의 관계를 파악할 수 있도록 작성하는 원칙은?",추적성,명확성,완전성,일관성,1,추적성(Traceability)은 요구사항의 출처나 관련 시스템 등과의 연관 관계를 파악할 수 있도록 명세하는 원칙입니다.,230,cbt,2025_1,0
634,ipe_industrial,2,2024_2,다음 C 언어의 함수 중 인수로 주어진 한 문자를 화면에 출력하는 함수는?,gets( ),getchar( ),puts( ),putchar( ),4,putchar()는 인수로 주어진 문자 하나를 화면에 출력하는 C 함수입니다.,231,cbt,2024_2,0
635,ipe_industrial,2,2024_2,파일 포인터 변수가 가리키는 위치에서 데이터를 가져와 변수에 저장하는 함수는?,fscanf,fprintf,fopen,fclose,1,fscanf는 파일 포인터가 가리키는 위치에서 서식에 맞춰 데이터를 읽어 변수에 저장하는 함수입니다.,232,cbt,2024_2,0
636,ipe_industrial,2,2024_3,파일 포인터 변수가 가리키는 위치에서 데이터를 가져와 변수에 저장하는 함수는?,fscanf,fprintf,fopen,fclose,1,fscanf는 파일 포인터가 가리키는 위치에서 서식에 맞춰 데이터를 읽어 변수에 저장하는 함수입니다.,232,cbt,2024_3,0
637,ipe_industrial,2,2025_2,파일 포인터 변수가 가리키는 위치에서 데이터를 가져와 변수에 저장하는 함수는?,fscanf,fprintf,fopen,fclose,1,fscanf는 파일 포인터가 가리키는 위치에서 서식에 맞춰 데이터를 읽어 변수에 저장하는 함수입니다.,232,cbt,2025_2,0
638,ipe_industrial,2,2024_2,객체지향 프로그래밍 언어에 대한 설명으로 옳지 않은 것은?,추상화(Abstraction)는 다른 객체에게 자신의 정보를 숨기고 자신의 연산만을 통하여 접근을 허용하는 것이다.,클래스(Class)는 두 개 이상의 유사한 객체들을 묶어서 하나의 공통된 특성을 표현하는 요소이다.,캡슐화(Encapsulation)는 데이터(속성)와 데이터를 처리하는 함수를 하나로 묶는 것을 의미한다.,객체(Object)는 데이터(속성)와 이를 처리하기 위한 연산(메소 드)을 결합시킨 실체이다.,1,정보 은닉(다른 객체에게 자신의 정보를 숨기고 연산으로만 접근을 허용)은 캡슐화(Encapsulation)의 특성입니다. 추상화(Abstraction)는 공통 속성을 뽑아 일반화하는 개념으로 이 설명과 다릅니다.,233,cbt,2024_2,0
639,ipe_industrial,2,2025_1,객체지향 프로그래밍 언어에 대한 설명으로 옳지 않은 것은?,추상화(Abstraction)는 다른 객체에게 자신의 정보를 숨기고 자신의 연산만을 통하여 접근을 허용하는 것이다.,클래스(Class)는 두 개 이상의 유사한 객체들을 묶어서 하나의 공통된 특성을 표현하는 요소이다.,캡슐화(Encapsulation)는 데이터(속성)와 데이터를 처리하는 함수를 하나로 묶는 것을 의미한다.,객체(Object)는 데이터(속성)와 이를 처리하기 위한 연산(메소 드)을 결합시킨 실체이다.,1,정보 은닉(다른 객체에게 자신의 정보를 숨기고 연산으로만 접근을 허용)은 캡슐화(Encapsulation)의 특성입니다. 추상화(Abstraction)는 공통 속성을 뽑아 일반화하는 개념으로 이 설명과 다릅니다.,233,cbt,2025_1,0
640,ipe_industrial,2,2024_2,"웹 서버(Web Server)의 기능 중 하나로, 네트워크 트래픽의 포화를 방지하기 위해 응답 속도를 제한하는 기능을 무엇이라 하는가?",HTTP/HTTPS,정적 파일 관리,대역폭 제한,가상 호스팅,3,대역폭 제한(Bandwidth Throttling)은 네트워크 트래픽 포화를 막기 위해 응답 속도(전송량)를 제한하는 웹 서버 기능입니다.,234,cbt,2024_2,0
641,ipe_industrial,2,2025_2,"웹 서버(Web Server)의 기능 중 하나로, 네트워크 트래픽의 포화를 방지하기 위해 응답 속도를 제한하는 기능을 무엇이라 하는가?",HTTP/HTTPS,정적 파일 관리,대역폭 제한,가상 호스팅,3,대역폭 제한(Bandwidth Throttling)은 네트워크 트래픽 포화를 막기 위해 응답 속도(전송량)를 제한하는 웹 서버 기능입니다.,234,cbt,2025_2,0
642,ipe_industrial,2,2024_2,"다음은 Java로 만들어진 반복문 코드이다. 이 코드의 결과는? ..생략.. int a = 0, sum = 0; do { a++; sum += a; } while(a > 10); ..생략..","a = 0, sum = 0","a = 1, sum = 1","a = 9, sum = 45","a = 10, sum = 55",2,"do-while은 조건과 무관하게 본문을 먼저 1회 실행합니다. a++로 a=1, sum+=a로 sum=1이 된 뒤 조건 a>10(1>10)이 거짓이라 종료되어 a=1, sum=1이 출력됩니다.",235,cbt,2024_2,0
643,ipe_industrial,2,2024_2,일련의 처리 절차를 정해진 문법에 따라 순서대로 기술해 나가는 언어는?,객체 지향 프로그래밍 언어,스크립트 언어,구조적 프로그래밍 언어,절차적 프로그래밍 언어,4,절차적 프로그래밍 언어는 처리 절차를 정해진 문법에 따라 순서대로 기술해 나가는 언어입니다.,236,cbt,2024_2,0
644,ipe_industrial,2,2024_2,다음 중 스크립트 언어에 대한 설명으로 옳지 않은 것은?,개발 시간이 짧다.,코딩하기 쉽다.,런타임 오류가 많이 발생한다.,실행 속도가 빠르다.,4,스크립트 언어는 인터프리터 방식으로 한 줄씩 해석·실행되어 컴파일 언어보다 실행 속도가 느린 편입니다. '실행 속도가 빠르다'는 설명이 옳지 않습니다.,237,cbt,2024_2,0
645,ipe_industrial,2,2025_1,다음 중 스크립트 언어에 대한 설명으로 옳지 않은 것은?,개발 시간이 짧다.,코딩하기 쉽다.,런타임 오류가 많이 발생한다.,실행 속도가 빠르다.,4,스크립트 언어는 인터프리터 방식으로 한 줄씩 해석·실행되어 컴파일 언어보다 실행 속도가 느린 편입니다. '실행 속도가 빠르다'는 설명이 옳지 않습니다.,237,cbt,2025_1,0
646,ipe_industrial,2,2024_2,다음 중 C언어의 변수명 작성에 대한 설명으로 가장 옳지 않은 것은?,대 · 소문자를 구분하지 않는다.,"영문, 숫자, 언더바 등을 사용할 수 있다.",글자 수에 제한이 없다.,예약어는 변수명으로 사용할 수 없다,1,C언어는 대문자와 소문자를 서로 다른 식별자로 구분합니다(대소문자를 구분함). '구분하지 않는다'는 설명이 틀렸습니다.,238,cbt,2024_2,0
647,ipe_industrial,2,2024_2,기억 클래스(Storage Class)의 종류 중 함수나 코드의 범위를 한정하 는 블록 내에서 선언되는 변수는?,외부 변수(External Variable),정적 변수(Static Variable),자동 변수(Automatic Variable),레지스터 변수(Register Variable),3,"자동 변수(Automatic Variable)는 함수나 블록 내부에서 선언되어 그 블록을 벗어나면 소멸되는, 범위가 한정된 지역 변수입니다.",239,cbt,2024_2,0
648,ipe_industrial,2,2024_3,기억 클래스(Storage Class)의 종류 중 함수나 코드의 범위를 한정하는 블록 내에서 선언되는 변수는?,외부 변수(External Variable),정적 변수(Static Variable),자동 변수(Automatic Variable),레지스터 변수(Register Variable),3,"자동 변수(Automatic Variable)는 함수나 블록 내부에서 선언되어 그 블록을 벗어나면 소멸되는, 범위가 한정된 지역 변수입니다.",239,cbt,2024_3,0
649,ipe_industrial,2,2024_2,C 언어 라이브러리 중 stdlib.h에 대한 설명으로 옳은 것은?,문자열을 수치 데이터로 바꾸는 문자 변환함수와 수치를 문자 열로 바꿔주는 변환함수 등이 있다.,문자열 처리 함수로 strlen()이 포함되어 있다.,표준 입출력 라이브러리이다.,"삼각 함수, 제곱근, 지수 등 수학적인 함수를 내장하고 있다.",1,"stdlib.h는 atoi·atof 같은 문자열-수치 변환 함수, rand, malloc 등을 제공하는 라이브러리입니다. 수학 함수는 math.h, 문자열 함수는 string.h, 표준 입출력은 stdio.h가 담당합니다.",240,cbt,2024_2,0
650,ipe_industrial,2,2024_2,N-S(Nassi-Schneiderman) chart에 대한 설명으로 거리가 먼 것은?,논리의 기술에 중점을 둔 도형식 표현 방법이다.,"연속, 선택 및 다중 선택, 반복 등의 제어논리 구조로 표현한다.",주로 화살표를 사용하여 논리적인 제어구조로 흐름을 표현한 다.,조건이 복합되어 있는 곳의 처리를 시각적으로 명확히 식별하 는데 적합하다.,3,"N-S 차트는 논리적 제어 구조를 박스(사각형) 형태로 표현하며, 임의의 화살표(GOTO 식 흐름)를 허용하지 않는 것이 특징입니다. '주로 화살표를 사용한다'는 설명이 N-S 차트의 특성과 맞지 않습니다.",241,cbt,2024_2,0
651,ipe_industrial,2,2024_3,N-S(Nassi-Schneiderman) chart에 대한 설명으로 거리가 먼 것 은?,논리의 기술에 중점을 둔 도형식 표현 방법이다.,"연속, 선택 및 다중 선택, 반복 등의 제어 논리 구조로 표현한 다.",주로 화살표를 사용하여 논리적인 제어 구조로 흐름을 표현한 다.,조건이 복합되어 있는 곳의 처리를 시각적으로 명확히 식별하 는데 적합하다.,3,"N-S 차트는 논리적 제어 구조를 박스(사각형) 형태로 표현하며, 임의의 화살표(GOTO 식 흐름)를 허용하지 않는 것이 특징입니다. '주로 화살표를 사용한다'는 설명이 N-S 차트의 특성과 맞지 않습니다.",241,cbt,2024_3,0
652,ipe_industrial,2,2024_2,"다음 Java 프로그램이 실행되었을 때의 결과는? public class Test { public static void main(String[ ] args) { int x = 7, y = 0; while(x-- > 0) { if (x%3 == 0) continue; y++; } System.out.print(y); } }",0,4,5,7,2,"x=7에서 시작해 x--로 감소시키며 반복: x가 6,4,2,0이 될 때(즉 3의 배수가 되는 x=6,3,0 등에서 continue 발생)를 제외하고 y++가 4번 수행되어 최종 y=4가 출력됩니다.",242,cbt,2024_2,0
653,ipe_industrial,3,2024_2,"스택에 데이터를 A, B, C, D 순으로 저장했을 경우, 이들 데이터가 출력되는 결과로 가능한 것은?","D, B, C, A","C, B, D, A","C, D, A, B","D, A, C, B",2,"A,B,C 순서로 push한 뒤 pop하면 C,B가 차례로 나오고(스택엔 A만 남음), 이어서 D를 push한 뒤 곧바로 pop하면 D, 마지막으로 A를 pop하면 A가 나와 'C, B, D, A' 순서가 그대로 만들어집니다. 따라서 이 출력 순서는 실제로 가능합니다.",243,cbt,2024_2,0
654,ipe_industrial,3,2024_2,데이터베이스 설계 단계 중 논리적 설계 단계에 해당하는 것은?,개념 스키마를 평가 및 정제하고 DBMS에 따라 서로 다른 논리 적 스키마를 설계한다.,데이터베이스 파일의 저장 구조 및 액세스 경로를 결정한다.,물리적 저장장치에 저장할 수 있는 물리적 구조의 데이터로 변환하는 과정이다.,"저장 레코드의 형식, 순서, 접근 경로 등의 정보가 컴퓨터에 저장되는 방법을 묘사한다.",1,개념 스키마를 평가·정제하고 목표 DBMS에 맞는 논리적 스키마를 설계하는 것이 논리적 설계 단계의 작업입니다.,244,cbt,2024_2,0
655,ipe_industrial,3,2024_3,데이터베이스 설계 단계 중 논리적 설계 단계에 해당하는 것은?,개념 스키마를 평가 및 정제하고 DBMS에 따라 서로 다른 논리적 스키마를 설계한다.,데이터베이스 파일의 저장 구조 및 액세스 경로를 결정한다.,물리적 저장장치에 저장할 수 있는 물리적 구조의 데이터로 변환하는 과정이다.,"저장 레코드의 형식, 순서, 접근 경로 등의 정보가 컴퓨터에 저장되는 방법을 묘사한다.",1,개념 스키마를 평가·정제하고 목표 DBMS에 맞는 논리적 스키마를 설계하는 것이 논리적 설계 단계의 작업입니다.,244,cbt,2024_3,0
656,ipe_industrial,3,2024_2,데이터베이스 설계 단계 중 가장 먼저 수행되는 것은?,논리적 설계 단계,개념적 설계 단계,물리적 설계 단계,요구 조건 분석 단계,4,데이터베이스 설계는 요구 조건 분석 단계부터 가장 먼저 시작됩니다.,245,cbt,2024_2,0
657,ipe_industrial,3,2024_2,DBMS의 필수 기능에 해당하지 않는 것은?,정의 기능(Definition Facility),조작 기능(Manipulation Facility),제어 기능(Control Facility),회복 기능(Recovery Facility),4,DBMS 필수 기능은 정의·조작·제어 기능입니다. 회복 기능은 필수 기능의 표준 3분류에 포함되지 않습니다(장애 대응을 위한 별도 기능으로 다뤄짐).,246,cbt,2024_2,0
658,ipe_industrial,3,2025_1,DBMS의 필수 기능에 해당하지 않는 것은?,정의 기능(Definition Facility),조작 기능(Manipulation Facility),제어 기능(Control Facility),회복 기능(Recovery Facility),4,DBMS 필수 기능은 정의·조작·제어 기능입니다. 회복 기능은 필수 기능의 표준 3분류에 포함되지 않습니다(장애 대응을 위한 별도 기능으로 다뤄짐).,246,cbt,2025_1,0
659,ipe_industrial,3,2024_2,일반적인 데이터 모델의 3가지 구성 요소로 옳은 것은?,"구조, 연산, 도메인","데이터사전, 연산, 릴레이션","구조, 연산, 제약조건","릴레이션, 구조, 스키마",3,"데이터 모델의 3대 구성 요소는 구조(Structure), 연산(Operation), 제약조건(Constraint)입니다.",247,cbt,2024_2,0
660,ipe_industrial,3,2025_2,일반적인 데이터 모델의 3가지 구성 요소로 옳은 것은?,"구조, 연산, 도메인","데이터사전, 연산, 릴레이션","구조, 연산, 제약조건","릴레이션, 구조, 스키마",3,"데이터 모델의 3대 구성 요소는 구조(Structure), 연산(Operation), 제약조건(Constraint)입니다.",247,cbt,2025_2,0
661,ipe_industrial,3,2024_2,JOIN 조건에 ‘=’ 조건이 아닌 나머지 비교 연산자를 사용하는 JOIN 방법은?,EQUI JOIN,NON-EQUI JOIN,SELF JOIN,CROSS JOIN,2,"'=' 이외의 비교 연산자(>,<,>= 등)를 사용하는 조인은 NON-EQUI JOIN(비동등 조인)입니다.",248,cbt,2024_2,0
662,ipe_industrial,3,2025_1,JOIN 조건에 ‘=’ 조건이 아닌 나머지 비교 연산자를 사용하는 JOIN 방법은?,EQUI JOIN,NON-EQUI JOIN,SELF JOIN,CROSS JOIN,2,"'=' 이외의 비교 연산자(>,<,>= 등)를 사용하는 조인은 NON-EQUI JOIN(비동등 조인)입니다.",248,cbt,2025_1,0
663,ipe_industrial,3,2024_2,관계 데이터 모델에서 릴레이션의 특성으로 옳지 않은 것은?,한 릴레이션에는 똑같은 튜플이 중복 포함될 수 있다.,한 릴레이션에 포함된 튜플 사이에는 순서가 없다.,한 릴레이션을 구성하는 애트리뷰트 사이에는 순서가 없다.,모든 속성 값은 원자값이다.,1,"관계형 모델에서 한 릴레이션 내의 튜플은 모두 상이해야 하며, 중복 튜플이 존재할 수 없습니다. '중복 포함될 수 있다'는 설명이 릴레이션의 특성과 다릅니다.",249,cbt,2024_2,0
664,ipe_industrial,3,2024_2,SQL의 조작문 유형으로 옳지 않은 것은?,INSERT ~ FROM ~ SET ~,SELECT ~ FROM ~ WHERE ~,DELETE ~ FROM ~ WHERE ~,UPDATE ~ SET ~ WHERE ~,1,"INSERT 문의 표준 형식은 'INSERT INTO ~ VALUES ~'이며, 'INSERT ~ FROM ~ SET ~'는 올바른 SQL 조작문 형식이 아닙니다.",250,cbt,2024_2,0
665,ipe_industrial,3,2024_2,"한 릴레이션 내의 속성들의 집합으로 구성된 키로서, 릴레이션을 구성하는 모든 튜플에 대한 유일성은 만족시키지만 최소성은 만족시 키지 못하는 키(Key)는?",후보키,대체키,슈퍼키,외래키,3,슈퍼키(Super Key)는 유일성은 만족하지만 최소성은 만족하지 못하는 키입니다(불필요한 속성이 포함될 수 있음).,251,cbt,2024_2,0
666,ipe_industrial,3,2024_2,후위 표기식이 다음과 같을 때 연산 결과는? 3 4 * 5 6 * +,42,210,360,180,1,후위식 '3 4 * 5 6 * +'는 (3×4)+(5×6) = 12+30 = 42로 계산됩니다.,252,cbt,2024_2,0
667,ipe_industrial,3,2024_2,"명령에 의해 수행된 결과를 실제 물리적 디스크로 저장하고, 데이터 베이스 조작 작업이 정상적으로 완료되었음을 관리자에게 알려주는 데이터 제어어는?",ROLLBACK,REVOKE,COMMIT,GRANT,3,COMMIT은 트랜잭션 수행 결과를 물리적 디스크에 반영하고 정상 완료를 알리는 데이터 제어어입니다.,253,cbt,2024_2,0
668,ipe_industrial,3,2025_2,"명령에 의해 수행된 결과를 실제 물리적 디스크로 저장하고, 데이터 베이스 조작 작업이 정상적으로 완료되었음을 관리자에게 알려주는 데이터 제어어는?",ROLLBACK,REVOKE,COMMIT,GRANT,3,COMMIT은 트랜잭션 수행 결과를 물리적 디스크에 반영하고 정상 완료를 알리는 데이터 제어어입니다.,253,cbt,2025_2,0
669,ipe_industrial,3,2024_2,연결 리스트(Linked List)에 대한 설명으로 가장 옳지 않은 것은?,노드의 삽입이나 삭제가 쉽다.,노드들이 포인터로 연결되어 검색이 빠르다.,연결을 해주는 포인터(Pointer)를 위한 추가 공간이 필요하다.,연결 리스트 중에서 중간 노드 연결이 끊어지면 그 다음 노드를 찾기 힘들다.,2,"연결 리스트는 포인터를 따라 순차적으로 탐색해야 해 특정 위치를 바로 찾을 수 없으므로, 배열에 비해 검색(임의 접근)이 느립니다. '검색이 빠르다'는 설명이 틀렸습니다.",254,cbt,2024_2,0
670,ipe_industrial,3,2024_3,연결 리스트(Linked List)에 대한 설명으로 가장 옳지 않은 것은?,노드의 삽입이나 삭제가 쉽다.,노드들이 포인터로 연결되어 검색이 빠르다.,연결을 해주는 포인터(Pointer)를 위한 추가 공간이 필요하다.,연결 리스트 중에서 중간 노드 연결이 끊어지면 그 다음 노드 를 찾기 힘들다.,2,"연결 리스트는 포인터를 따라 순차적으로 탐색해야 해 특정 위치를 바로 찾을 수 없으므로, 배열에 비해 검색(임의 접근)이 느립니다. '검색이 빠르다'는 설명이 틀렸습니다.",254,cbt,2024_3,0
672,ipe_industrial,3,2024_2,제2차 정규형에서 제3차 정규형이 되기 위한 조건은?,결정자가 후보키가 아닌 함수 종속 제거,부분 함수 종속 제거,이행 함수 종속 제거,원자 값이 아닌 도메인을 분해,3,제2정규형에서 제3정규형이 되려면 이행 함수 종속을 제거해야 합니다.,256,cbt,2024_2,0
673,ipe_industrial,3,2024_2,다음 SQL문에서 DISTINCT의 의미는? SELECT DISTINCT DEPT FROM STUDENT;,검색 결과에서 레코드의 중복 제거,모든 레코드 검색,검색 결과를 순서대로 정렬,DEPT의 처음 레코드만 검색,1,DISTINCT는 SELECT 결과에서 중복된 레코드(값)를 제거하는 예약어입니다.,257,cbt,2024_2,0
674,ipe_industrial,3,2026_1,다음 SQL 문에서 DISTINCT의 의미는? “SELECT DISTINCT DEPT FROM STUDENT;”,검색 결과에서 레코드의 중복 제거,모든 레코드 검색,검색 결과를 순서대로 정렬,DETP의 처음 레코드만 검색,1,DISTINCT는 SELECT 결과에서 중복된 레코드(값)를 제거하는 예약어입니다.,257,cbt,2026_1,0
675,ipe_industrial,3,2024_2,개체 무결성에 대한 설명으로 옳은 것은?,주어진 속성 값이 정의된 도메인에 속한 값이어야 한다는 규정 이다.,외래키 값은 Null이거나 참조 릴레이션의 기본키 값과 동일해 야 한다는 규정이다.,속성 값들이 사용자가 정의한 제약 조건에 만족해야 한다는 규정이다.,기본 테이블의 기본키를 구성하는 어떤 속성도 Null 값이나 중복값을 가질 수 없다는 규정이다.,4,개체 무결성은 기본 테이블의 기본키를 구성하는 어떤 속성도 Null 값이나 중복값을 가질 수 없다는 규정입니다.,258,cbt,2024_2,0
676,ipe_industrial,3,2025_1,개체 무결성에 대한 설명으로 옳은 것은?,주어진 속성 값이 정의된 도메인에 속한 값이어야 한다는 규정 이다.,외래키 값은 Null이거나 참조 릴레이션의 기본키 값과 동일해 야 한다는 규정이다.,속성 값들이 사용자가 정의한 제약 조건에 만족해야 한다는 규정이다.,기본 테이블의 기본키를 구성하는 어떤 속성도 Null 값이나 중복값을 가질 수 없다는 규정이다.,4,개체 무결성은 기본 테이블의 기본키를 구성하는 어떤 속성도 Null 값이나 중복값을 가질 수 없다는 규정입니다.,258,cbt,2025_1,0
677,ipe_industrial,1,2024_3,UNIX에 대한 설명으로 옳지 않은 것은?,다중 작업(Multi-Tasking)을 지원하지 않는다.,대화식 시분할 운영체제이다.,두 사람 이상의 사용자가 동시에 시스템을 사용할 수 있다.,대부분 C 언어로 구성되어 있다.,1,UNIX는 다중 사용자·다중 작업(Multi-Tasking)을 모두 지원하는 운영체제입니다. '다중 작업을 지원하지 않는다'는 설명이 틀렸습니다.,259,cbt,2024_3,0
678,ipe_industrial,1,2024_3,형상 관리 도구의 주요 기능이 아닌 것은?,커밋(Commit),체크인(Check-In),프로토타입(Prototype),동기화(Update),3,"형상 관리 도구의 주요 기능은 체크인/체크아웃, 커밋, 동기화(업데이트) 등입니다. 프로토타입은 형상 관리 기능이 아닙니다.",260,cbt,2024_3,0
679,ipe_industrial,1,2024_3,자료 흐름도의 구성 요소가 아닌 것은?,자료 흐름(Data Flow),자료 사전(Data Dictionary),자료 저장소(Data Store),처리(Process),2,"자료 흐름도(DFD)의 구성 요소는 프로세스, 자료 흐름, 자료 저장소, 단말(외부 개체)입니다. 자료 사전은 DFD의 보조 명세서일 뿐 DFD 자체의 구성 요소가 아닙니다.",261,cbt,2024_3,0
680,ipe_industrial,1,2024_3,"사용자가 개발자 앞에서 행하는 테스트 기법으로, 통제된 환경에서 테스트가 행해지며, 오류와 사용상의 문제점을 사용자와 개발자가 함께 확인하면서 기록하는 테스트 기법은?",사용자 인수 테스트,알파 테스트,베타 테스트,규정 인수 테스트,2,알파 테스트는 사용자가 개발자 앞에서(개발자 관찰하에) 통제된 환경에서 수행하는 테스트입니다. 베타 테스트는 실 사용 환경에서 사용자가 독자적으로 수행합니다.,262,cbt,2024_3,0
681,ipe_industrial,2,2024_3,"웹 페이지에 악의적인 스크립트를 포함시켜 사용자 측에서 실행되 게 유도함으로써, 정보 유출 등의 공격을 유발할 수 있는 취약점은?",Ransomware,Pharming,Phishing,XSS,4,XSS(Cross Site Scripting)는 웹 페이지에 악성 스크립트를 삽입해 사용자 브라우저에서 실행되게 하는 취약점입니다.,263,cbt,2024_3,0
682,ipe_industrial,2,2026_1,"웹 페이지에 악의적인 스크립트를 포함시켜 사용자 측에서 실행되게 유도함으로써, 정보 유출 등의 공격을 유발할 수 있는 취약점은?",Ransomware,Pharming,Phishing,XSS,4,XSS(Cross Site Scripting)는 웹 페이지에 악성 스크립트를 삽입해 사용자 브라우저에서 실행되게 하는 취약점입니다.,263,cbt,2026_1,0
683,ipe_industrial,2,2024_3,"Python에서 연속된 숫자를 생성하는 함수로, 리스트, 반복문 등에 서 많이 사용되는 것은?",for,slice,range,continue,3,"range()는 Python에서 연속된 숫자를 생성하는 함수로 for문, 리스트 생성에 널리 쓰입니다.",264,cbt,2024_3,0
684,ipe_industrial,2,2024_3,다음은 어떤 프로그램 구조를 나타낸다. 모듈 F에서의 fan-in과 fan-out의 수는 얼마인가?,"fan-in : 2, fan-out : 3","fan-in : 3, fan-out : 2","fan-in : 1, fan-out : 2","fan-in : 2, fan-out : 1",2,"fan-in은 해당 모듈을 호출하는 상위 모듈의 수, fan-out은 해당 모듈이 호출하는 하위 모듈의 수를 의미합니다(그림상 F를 부르는 모듈 3개, F가 부르는 모듈 2개인 구조가 정답 기준입니다).",265,cbt,2024_3,0
685,ipe_industrial,2,2024_3,"다음 C언어 프로그램이 실행되었을 때의 결과는? #include <stdio.h> int main(int argc, char *argv[]) { int a[2][2] = {{11, 22}, {44, 55}}; int i, sum = 0; int *p; p = a[0]; for(i = 1; i < 4; i++) sum += *(p + i); printf(“%d”, sum); return 0; }",55,77,121,132,3,"p=a[0]은 배열 전체를 연속된 메모리로 볼 때 11,22,44,55 순서를 가리킵니다. i=1~3 동안 p[1]+p[2]+p[3] = 22+44+55 = 121이 sum에 더해집니다.",266,cbt,2024_3,0
686,ipe_industrial,3,2024_3,"A, B, C, D의 순서로 정해진 입력 자료를 스택에 입력하였다가 출력한 결과가 될 수 없는 것은?(단, 왼쪽부터 먼저 출력된 순서대 로 나열하였다.)","A, D, C, B","A, B, C, D","D, C, B, A","B, D, A, C",4,"B를 첫 출력으로 내려면 A,B를 push한 직후 바로 B를 pop해야 합니다(스택엔 A만 남음). 두 번째 출력 D를 만들려면 C,D를 마저 push한 뒤 D를 pop합니다. 이 시점에 스택에는 A 아래에 C가 남아 있어, 다음에 꼭 나와야 할 세 번째 출력 A를 꺼내려면 그 위에 있는 C를 먼저 꺼내야만 합니다. 즉 C가 A보다 먼저 나올 수밖에 없어 'B,D,A,C' 순서는 만들어질 수 없습니다.",267,cbt,2024_3,0
687,ipe_industrial,3,2024_3,데이터베이스의 3층 스키마 중 모든 응용 시스템과 사용자들이 필요로 하는 데이터를 통합한 조직 전체의 데이터베이스 구조를 논리적으로 정의하는 스키마는?,내부 스키마,개념 스키마,외부 스키마,동적 스키마,2,"개념 스키마는 조직 전체의 데이터베이스를 통합해 논리적으로 정의하는, 데이터베이스 하나당 1개 존재하는 3층 스키마의 중심 스키마입니다.",268,cbt,2024_3,0
688,ipe_industrial,3,2024_3,다음 트리를 Preorder로 운행한 결과는?,A B C D E F G H,A D B G H E F C,A B D C E F G H,A B D C E G H F,4,Preorder(전위 순회)는 '루트 → 왼쪽 → 오른쪽' 순서로 방문합니다. 구체적 순서는 그림의 트리 구조에 따라 결정됩니다.,269,cbt,2024_3,0
689,ipe_industrial,3,2024_3,다음 중 DDL 명령어가 아닌 것은?,DELETE,ALTER,DROP,CREATE,1,DELETE는 데이터 조작어(DML)입니다. ALTER·DROP·CREATE는 DDL 명령어입니다.,270,cbt,2024_3,0
690,ipe_industrial,3,2024_3,해시 테이블에서 Synonym에 대한 설명으로 옳은 것은?,하나의 주소를 갖는 파일의 한 구역을 의미한다.,서로 다른 두 개 이상의 레코드가 같은 주소를 갖는 현상이다.,한 개의 레코드를 저장할 수 있는 공간이다.,충돌로 인해 같은 Home Address를 갖는 레코드들의 집합이 다.,4,Synonym은 해싱 충돌로 인해 같은 홈 주소(Home Address)를 갖게 된 레코드들의 집합을 의미합니다.,271,cbt,2024_3,0
691,ipe_industrial,3,2024_3,후보키(Candidate Key) 중에서 대표로 선정된 키를 무엇이라고 하는가?,슈퍼키(Super Key),대체키(Alternate Key),기본키(Primary Key),외래키(Foreign Key),3,후보키 중에서 대표로 선정된 키를 기본키(Primary Key)라고 합니다.,272,cbt,2024_3,0
692,ipe_industrial,3,2024_3,정규화를 거치지 않으면 릴레이션 조작 시 데이터 중복에 따른 예기치 못한 곤란한 현상이 발생할 수 있다. 이러한 이상(Anomaly) 현상의 종류에 해당하지 않는 것은?,삭제 이상,삽입 이상,갱신 이상,조회 이상,4,정규화 미비로 발생하는 이상 현상은 삽입 이상·삭제 이상·갱신 이상입니다. '조회 이상'은 여기에 포함되지 않습니다.,273,cbt,2024_3,0
693,ipe_industrial,3,2024_3,SQL 구문에서 “having” 절은 반드시 어떤 구문과 사용되어야 하는 가?,GROUP BY,ORDER BY,UPDATE,JOIN,1,HAVING 절은 GROUP BY로 묶인 그룹에 대한 조건을 지정하는 것이므로 반드시 GROUP BY와 함께 사용됩니다.,274,cbt,2024_3,0
694,ipe_industrial,3,2024_3,뷰(View)에 대한 설명으로 가장 옳지 않은 것은?,뷰는 독자적인 인덱스를 가질 수 없다.,뷰는 논리적 독립성을 제공한다.,"뷰로 구성된 내용에 대한 삽입, 갱신, 삭제 연산에는 제약이 따른다.",뷰를 제거할 때는 DELETE 문을 사용한다.,4,뷰를 제거할 때는 DELETE가 아니라 DROP VIEW 문을 사용합니다.,275,cbt,2024_3,0
695,ipe_industrial,3,2024_3,"학생(STUDENT) 테이블에 전산과 학생이 50명, 전자과 학생이 100명, 기계과 학생이 50명 있다고 할 때, 다음 SQL문 ㉠, ㉡, ㉢의 실행 결과 튜플 수는 각각 얼마인가? (단, DEPT 필드는 학과명 을 의미한다.) ㉠ SELECT DEPT FROM STUDENT; ㉡ SELECT DISTINCT DEPT FROM STUDENT; ㉢ SELECT COUNT(DISTINCT DEPT) FROM STUDENT WHERE DEPT=‘전산과’;","㉠ 3, ㉡ 3, ㉢ 1","㉠ 200, ㉡ 3, ㉢ 1","㉠ 200, ㉡ 3, ㉢ 50","㉠ 200, ㉡ 200, ㉢ 50",2,"㉠ 전체 조회(DEPT)는 전체 튜플 수 50+100+50=200, ㉡ DISTINCT DEPT는 서로 다른 학과 수 3, ㉢ 전산과로 필터링 후 DISTINCT는 1입니다.",276,cbt,2024_3,0
696,ipe_industrial,1,2025_1,Non-preemptive형 프로세스 스케줄링 방식만으로 묶인 것은?,"SJF, SRT","SJF, FIFO","Round-Robin, SRT","Round-Robin, SJF",2,Non-preemptive(비선점)형 스케줄링에는 SJF와 FIFO(FCFS)가 있습니다. Round-Robin과 SRT는 선점형입니다.,277,cbt,2025_1,0
697,ipe_industrial,1,2025_1,블랙박스 테스트에 대한 설명으로 옳지 않은 것은?,블랙박스 테스트는 소프트웨어가 수행할 특정 기능을 알기 위 해서 각 기능이 완전히 작동되는 것을 입증하는 테스트이다.,블랙박스 테스트는 프로그램의 구조를 고려하지 않는다.,블랙박스 테스트는 소프트웨어 인터페이스에서 실시되는 테스 트이다.,"블랙박스 테스트의 종류에는 기초 경로 검사, 제어 구조 검사 등이 있다.",4,"블랙박스 테스트는 내부 구조를 보지 않고 기능만으로 검사하는 기법이며, 기초 경로 검사·제어 구조 검사는 화이트박스 테스트 기법입니다.",278,cbt,2025_1,0
698,ipe_industrial,1,2025_1,"디스크에서 헤드가 70 트랙을 처리하고 60 트랙으로 이동해 왔다. 디스크 스케줄링 기법으로 SCAN 방식을 사용할 때 다음 디스크 대기 큐에서 가장 먼저 처리되는 트랙은? 디스크 대기 큐 : 20, 50, 95, 100",20,50,95,100,2,SCAN 방식은 헤드가 진행하는 방향으로 가장 가까운 트랙부터 순서대로 서비스합니다. 헤드가 70에서 60으로 이동해 온(감소 방향) 상태이므로 계속 감소 방향으로 가장 가까운 50이 먼저 처리됩니다.,279,cbt,2025_1,0
699,ipe_industrial,1,2025_1,"디렉터리 구조 중 다음 설명에 해당하는 것은? ㆍ하나의 루트 디렉터리와 여러 개의 부디렉터리로 구성된다. ㆍUNIX, Windows 운영체제에서 채택하고 있는 구조이다. ㆍ디렉터리 탐색은 포인터에 의하여 계층적으로 이루어진다.",1단계 디렉터리 구조,트리 디렉터리 구조,2단계 디렉터리 구조,비순환 그래프 디렉터리 구조,2,"트리 디렉터리 구조는 하나의 루트 디렉터리 아래 여러 서브 디렉터리를 두고 포인터로 계층적 탐색을 하는 구조로, UNIX·Windows가 채택하고 있습니다.",280,cbt,2025_1,0
700,ipe_industrial,1,2025_1,UML의 구성 요소 중 관계(Relationships) 대한 설명으로 옳지 않은 것은?,의존(Dependency) 관계 : 하나의 사물이 다른 사물에 포함되 어 있는 관계를 표현한다.,실체화(Realization) 관계 : 사물이 할 수 있거나 해야 하는 기능으로 서로를 그룹화 할 수 있는 관계를 표현한다.,연관(Association) 관계 : 2개 이상의 사물이 서로 관련되어 있음을 표현한다.,일반화(Generalization) 관계 : 하나의 사물이 다른 사물에 비 해 더 일반적인지 구체적인지를 표현한다.,1,"의존(Dependency) 관계는 한 사물의 변화가 다른 사물에 영향을 줄 수 있는, 짧은 시간만 유지되는 관계를 표현합니다. '포함되어 있는 관계'라는 설명은 의존 관계에 대한 정확한 설명이 아닙니다.",281,cbt,2025_1,0
701,ipe_industrial,1,2025_1,사용자 인터페이스의 기본 원칙에 대한 설명으로 옳지 않은 것은?,학습성 : 누구나 쉽게 배우고 익힐 수 있어야 한다.,유효성 : 사용자의 목적을 정확하고 완벽하게 달성해야 한다.,명확성 : 사용자가 개념적으로 쉽게 인지할 수 있도록 설계해야 한다.,직관성 : 누구나 쉽게 이해하고 사용할 수 있어야 한다.,3,"사용자 인터페이스 기본 원칙은 직관성·유효성·학습성·유연성 등이며, '명확성'은 이 4대 원칙의 정식 항목이 아닙니다(직관성으로 이미 표현되는 개념과 중복).",282,cbt,2025_1,0
702,ipe_industrial,1,2025_1,모듈화(Modularity)와 관련한 설명으로 틀린 것은?,"소프트웨어의 모듈은 프로그래밍 언어에서 Subroutine, Function 등으로 표현될 수 있다.","모듈의 수가 증가하면 상대적으로 각 모듈의 크기가 커지며, 모듈 사이의 상호 교류가 감소하여 과부하(Overload) 현상이 나타난다.","모듈화는 시스템을 지능적으로 관리할 수 있도록 해주며, 복잡 도 문제를 해결하는 데 도움을 준다.",모듈화는 시스템의 유지보수와 수정을 용이하게 한다.,2,"모듈 수가 증가하면 각 모듈의 크기는 오히려 작아지고, 모듈 간 상호 교류(호출)가 많아져 과부하가 발생할 수 있습니다. '모듈 크기가 커진다'는 설명이 틀렸습니다.",283,cbt,2025_1,0
703,ipe_industrial,2,2025_1,Python에서 사용하는 데이터 타입이 아닌 것은?,딕셔너리,튜플,컴포지션,리스트,3,"컴포지션(Composition)은 객체지향에서의 관계 개념이지, Python이 제공하는 내장 데이터 타입이 아닙니다. 딕셔너리·튜플·리스트는 모두 Python의 내장 데이터 타입입니다.",284,cbt,2025_1,0
704,ipe_industrial,2,2025_1,다음 중 C언어에서 정수형 자료를 나타내는 데이터 형식은?,int,char,void,float,1,int는 C언어에서 정수형 자료를 나타내는 기본 데이터 형식입니다.,285,cbt,2025_1,0
705,ipe_industrial,2,2025_1,"변수의 주소를 말하며, C언어에서는 주소를 제어할 수 있는 기능을 제공하는 것은?",배열,프로토타입,라이브러리,포인터,4,포인터(Pointer)는 변수의 주소를 저장하고 그 주소를 통해 간접적으로 데이터를 제어할 수 있게 해주는 C언어의 기능입니다.,286,cbt,2025_1,0
706,ipe_industrial,2,2025_1,소프트웨어 아키텍처의 4+1 관점 중 물리적 시스템에서 사용하는 소프트웨어 서브 시스템 모듈이 어떻게 구조화되어 있는지에 중점을 둔 관점은?,유스케이스,논리적,구현,물리적,3,구현(Development) 뷰는 소프트웨어 서브 시스템 모듈들이 어떻게 구조화(패키지·모듈 단위)되어 있는지에 중점을 둔 관점입니다.,287,cbt,2025_1,0
707,ipe_industrial,2,2025_3,소프트웨어 아키텍처의 4+1 관점 중 물리적 시스템에서 사용하는 소프트웨어 서브 시스템 모듈이 어떻게 구조화되어 있는지에 중점 을 둔 관점은?,유스케이스,논리적,구현,물리적,3,구현(Development) 뷰는 소프트웨어 서브 시스템 모듈들이 어떻게 구조화(패키지·모듈 단위)되어 있는지에 중점을 둔 관점입니다.,287,cbt,2025_3,0
708,ipe_industrial,2,2025_1,C언어에서 사용되는 서식 문자열에 대한 설명으로 옳지 않은 것은?,%u : 부호없는 정수형 10진수,%f : 소수점을 포함하는 실수,%o : 정수형 10진수,%x : 정수형 16진수,3,%o는 정수형을 8진수로 출력하는 서식 문자입니다(10진수가 아님).,288,cbt,2025_1,0
709,ipe_industrial,2,2025_1,다음 중 CSS의 속성 중 사각형 테두리를 둥글게 만드는 속성은?,border-radius,square-round,border-round,square-radius,1,border-radius는 CSS에서 요소의 테두리 모서리를 둥글게 만드는 속성입니다.,289,cbt,2025_1,0
710,ipe_industrial,2,2025_1,다음 코드를 조건 연산자로 올바르게 구현한 것은? if (a > 5) a = a * 2; else a = a * 3;,a > 5 ? a *= 2 : a *= 3;,a *= a > 5 ? 2 : 3;,a = a > 5 ? 2 : 3;,a = a > 5 ? a * 3 : a * 2;,2,if(a>5) a=a*2; else a=a*3; 는 a에 조건에 따라 다른 배수를 곱해 대입하는 것이므로 a *= (a>5 ? 2 : 3); 형태로 표현할 수 있습니다.,290,cbt,2025_1,0
711,ipe_industrial,2,2025_1,정보 보안의 3대 요소 중 다음 설명에 해당하는 것은? 인가된 사용자 외에는 정보를 수정하지 못하도록 하는 성 질,기밀성,무결성,가용성,인증,2,무결성(Integrity)은 인가된 사용자 외에는 정보를 함부로 수정할 수 없도록 보장하는 정보보안 요소입니다.,291,cbt,2025_1,0
712,ipe_industrial,3,2025_1,"리스트 내의 데이터 삽입, 삭제가 한쪽 끝에서 이루어지는 데이터 구조를 무엇이라 하는가?",스택(Stack),큐(Queue),데크(Deque),원형 큐(Circular Queue),1,리스트 한쪽 끝에서만 삽입·삭제가 이루어지는 자료구조는 스택(Stack)입니다.,292,cbt,2025_1,0
713,ipe_industrial,3,2025_1,다음 표와 같은 판매실적 테이블에서 서울지역에 한하여 판매액을 내림차순으로 지점명과 판매액을 출력하고자 한다. 가장 적절한 SQL 구문은? [테이블명 : 판매실적] 도시지점명판매액 서울강남 지점330 서울강북 지점168 광주광주 지점197 서울강서 지점158 서울강동 지점197 대전대전 지점165,"SELECT 지점명, 판매액 FROM 판매실적 WHERE 도시= “서울” ORDER BY 판매액 DESC;","SELECT 지점명, 판매액 FROM 판매실적 ORDER BY 판매액 DESC;","SELECT 지점명, 판매액 FROM 판매실적 WHERE 도시= “서울” ASC;",SELECT * FROM 판매실적 WHEN 도시= “서울” ORDER BY 판매액 DESC;,1,"특정 조건(서울)으로 필터링하려면 WHERE 절을, 내림차순 정렬에는 ORDER BY ~ DESC를 사용합니다.",293,cbt,2025_1,0
714,ipe_industrial,3,2025_1,데이터베이스 설계 시 논리적 설계 단계에 대한 설명으로 옳지 않은 것은?,트랜잭션 인터페이스를 설계한다.,DBMS에 맞는 논리적 스키마를 설계한다.,관계형 데이터베이스에서는 테이블을 설계하는 단계이다.,사용자의 요구에 대한 트랜잭션을 모델링한다.,4,"'사용자의 요구에 대한 트랜잭션을 모델링'하는 것은 개념적 설계 단계에서 요구사항을 분석·모델링하는 초기 작업에 가까우며, 논리적 설계 단계의 핵심 작업(DBMS에 맞는 스키마 설계, 트랜잭션 인터페이스 설계 등)과는 구분됩니다.",294,cbt,2025_1,0
715,ipe_industrial,3,2025_1,데이터 모델의 구성 요소 중 데이터베이스에 표현될 대상으로서의 개체 타입과 개체 타입들간의 관계를 기술한 것은?,Operations,Constraints,Mapping,Structure,4,데이터 모델 구성 요소 중 개체 타입과 그들 간의 관계를 기술하는 것은 구조(Structure)입니다.,295,cbt,2025_1,0
716,ipe_industrial,3,2025_1,다음 BETWEEN 연산의 의미와 동일한 것은? SELECT * FROM 성적 WHERE (점수 BETWEEN 90 AND 95) AND 학과 = “컴퓨터공학과”,점수 >= 90 AND 점수 <= 95,점수 > 90 AND 점수 < 95,점수 > 90 AND 점수 <= 95,점수 >= 90 AND 점수 < 95,1,BETWEEN 90 AND 95는 90과 95를 모두 포함하는 범위이므로 '점수 >= 90 AND 점수 <= 95'와 동일합니다.,296,cbt,2025_1,0
717,ipe_industrial,3,2025_1,관계 데이터 연산인 관계대수 및 관계해석에 대한 설명으로 틀린 것은?,관계 데이터 모델에 대한 연산의 표현 방법으로 관계대수와 관계해석은 모두 절차적인 특성을 갖는다.,관계대수는 릴레이션 조작을 위한 연산의 집합으로 피연산자 와 결과가 모두 릴레이션이라는 특성을 가지고 있다.,관계해석은 원래 수학의 프레디킷 해석(Predicate Calculus) 에 기반을 두고 있다.,"관계대수의 일반 집합 연산에는 합집합, 교집합, 차집합 등이 있다.",1,"관계대수는 연산의 순서(절차)를 명시해야 하는 절차적 언어이고, 관계해석은 원하는 결과만 정의하는 비절차적 언어입니다. '관계대수와 관계해석 모두 절차적'이라는 설명이 틀렸습니다.",297,cbt,2025_1,0
718,ipe_industrial,3,2025_1,레코드 키 값을 여러 부분으로 분류하여 더하거나 XOR하여 주소를 구하는 해싱 함수는?,제산법,숫자 분석법,폴딩법,제곱법,3,폴딩법(Folding)은 키 값을 여러 부분으로 나눈 뒤 더하거나 XOR하여 주소를 구하는 해싱 함수입니다.,298,cbt,2025_1,0
719,ipe_industrial,3,2025_1,"후위 표기(Postfix)식이 다음과 같을 때 식의 계산 값은? (단, 표현된 수치는 한 자리 숫자를 의미한다.) 5 3 4 5 × + -",30,20,14,-18,4,"후위식 '5 3 4 5 × + -'는 4×5=20을 먼저 계산, 3+20=23, 마지막으로 5-23=-18이 됩니다.",299,cbt,2025_1,0
720,ipe_industrial,1,2025_2,운영체제에 대한 설명으로 가장 옳은 것은?,"운영체제는 컴퓨터 자원들인 기억장치, 프로세서, 파일 및 정 보, 네트워크 및 보호 등을 효율적으로 관리할 수 있는 프로그 램의 집합이다.","운영체제는 컴퓨터 하드웨어, 시스템 프로그램, 응용 프로그램, 사용자 등으로 구성되어 있다.","자원 할당 측면에서 운영체제의 주된 기능은 파일 관리, 입․출 력의 구현, 소스 프로그램의 컴파일 및 목적코드 생성 등이다.","운영체제는 시스템 전체의 움직임을 감시, 감독 관리 및 지원하 는 처리 프로그램과 주어진 문제를 응용 프로그램 감독 하에 실제 데이터 처리를 하는 제어 프로그램으로 구성된다.",1,"운영체제는 기억장치, 프로세서, 파일, 네트워크 등 컴퓨터 자원을 효율적으로 관리하는 프로그램의 집합입니다.",300,cbt,2025_2,0
721,ipe_industrial,1,2025_2,"Windows 등의 운영체제에서 조작을 위해 사용하는 것으로, 아이콘 이나 메뉴를 마우스로 선택하여 작업을 수행하는 사용자 인터페이스 (User Interface)는?",GUI(Graphical User Interface),MUI(Mobile User Interface),CLI(Command Line Interface),CUI(Cell User Interface),1,GUI(Graphical User Interface)는 아이콘·메뉴를 마우스로 선택해 작업을 수행하는 그래픽 기반 사용자 인터페이스입니다.,301,cbt,2025_2,0
722,ipe_industrial,1,2025_2,비기능 요구사항에 대한 설명으로 옳지 않은 것은?,"예산의 범위, 조직의 비전, 상호 호환성, 보안성, 안전성과 같은 사용자의 필요에 의해 발생한다.",시스템이 제공하는 서비스의 품질에 관한 것이다.,시스템에서 제공되는 서비스나 기능에 대한 제약 사항에 관한 것이다.,"시스템이 특정 입력에 대해 어떻게 반응하는지, 사용자의 요구 에 대해 시스템이 어떻게 동작해야 하는지에 관한 사항이다.",4,"비기능 요구사항은 시스템의 품질 속성(성능, 보안성, 안전성 등)과 제약사항에 관한 것입니다. '특정 입력에 대한 시스템의 동작'을 규정하는 것은 기능 요구사항에 해당합니다.",302,cbt,2025_2,0
723,ipe_industrial,1,2025_2,2진수 1010을 그레이 코드로 변환하면? (2),1010,1111,0101,0000,2,"그레이 코드 변환은 최상위 비트는 그대로 두고, 이후 각 비트를 바로 앞 원래 비트와 XOR합니다. 1010 → 첫 비트 1은 그대로, 이후 1⊕0=1, 0⊕1=1, 1⊕0=1 → 1111.",303,cbt,2025_2,0
724,ipe_industrial,2,2025_2,객체 지향 설계에서 “Information Hiding”을 가능하게 해주는 가장 핵심적인 개념은?,Encapsulation,Abstraction,Inheritance,Polymorphism,1,"캡슐화(Encapsulation)는 데이터와 연산을 하나로 묶고 외부에서 내부 구현을 감추는, 정보 은닉을 가능하게 하는 핵심 개념입니다.",304,cbt,2025_2,0
725,ipe_industrial,2,2025_2,C언어의 unsigned 자료형에 사용할 수 없는 데이터 타입은?,int,short,double,long,3,"unsigned는 부호 없는 '정수형'에만 적용되는 한정자로, 실수형인 double에는 사용할 수 없습니다.",305,cbt,2025_2,0
726,ipe_industrial,2,2025_2,JavaScript의 문법에 대한 설명으로 옳지 않은 것은?,const로 선언된 변수는 값을 변경하거나 재선언되지 못한다.,==는 자료형을 고려하지 않고 값이 일치하면 true이다.,===는 값일 일치하더라도 자료형이 다르면 false이다.,let으로 선언된 변수는 값의 변경과 재선언이 가능하다.,4,let으로 선언된 변수는 값 변경은 가능하지만 같은 스코프에서 재선언은 할 수 없습니다(재선언까지 자유로운 것은 var). '재선언이 가능하다'는 설명이 옳지 않습니다.,306,cbt,2025_2,0
727,ipe_industrial,2,2025_3,JavaScript의 문법에 대한 설명으로 옳지 않은 것은?,const로 선언된 변수는 값을 변경하거나 재선언되지 못한다.,==는 자료형을 고려하지 않고 값이 일치하면 true이다.,===는 값일 일치하더라도 자료형이 다르면 false이다.,let으로 선언된 변수는 값의 변경과 재선언이 가능하다.,4,let으로 선언된 변수는 값 변경은 가능하지만 같은 스코프에서 재선언은 할 수 없습니다(재선언까지 자유로운 것은 var). '재선언이 가능하다'는 설명이 옳지 않습니다.,306,cbt,2025_3,0
728,ipe_industrial,2,2025_2,"다음 파이썬(Python) 프로그램이 실행되었을 때의 결과는? class Cls: lst = [1, 6, 5, 2, 3] def func(self): print(self.lst[::2]) a = Cls( ) a.func( )","[1, 6, 5, 2, 3]","[1, 5, 3]","[6, 2]",오류 발생,2,"self.lst[::2]는 리스트를 처음부터 끝까지 2칸씩 건너뛰며 슬라이싱하므로 [1,6,5,2,3]에서 인덱스 0,2,4의 값인 [1,5,3]이 출력됩니다.",307,cbt,2025_2,0
729,ipe_industrial,2,2025_2,C언어의 대표적인 표준 라이브러리에 대한 설명이 잘못된 것은?,stdio.h : 데이터의 입·출력에 사용되는 기능들을 제공,string.h : 문자열 처리에 사용되는 기능들을 제공,stdlib.h : 수학 함수들을 제공,time.h : 시간 처리에 사용되는 기능들을 제공,3,"stdlib.h는 자료형 변환, 난수, 메모리 할당 등을 제공하는 라이브러리입니다. 수학 함수(sqrt, pow 등)는 math.h가 제공합니다.",308,cbt,2025_2,0
730,ipe_industrial,2,2025_2,다음 중 메소드(Method)에 대한 설명으로 옳은 것은?,클래스 내에 속한 객체들이 가지고 있는 데이터 값들을 단위별 로 정의하는 것이다.,"객체가 메시지를 받아 실행해야 할 때 구체적인 연산을 정의하 는 것으로, 객체의 상태를 참조하거나 변경하는 수단이 된다.",두 개 이상의 유사한 객체들을 묶어서 하나의 공통된 특성을 표현하는 요소이다.,객체들 간에 상호작용을 하는데 사용되는 수단으로 객체의 동 작을 일으키는 외부의 요구사항이다.,2,"메소드(Method)는 객체가 메시지를 받았을 때 실행할 구체적인 연산을 정의한 것으로, 객체의 상태를 참조·변경하는 수단입니다.",309,cbt,2025_2,0
732,ipe_industrial,3,신규작성,"관계 데이터베이스인 테이블 R1에 대한 아래 SQL 문의 실행결과로 옳은 것은? [R1] ID이름지역포인트 1001이철화서울2300 1002공혁민인천1600 1003구영수광주3700 1004오지수서울1900 1005김명인부산2800 [SQL 문] SELECT 지역, SUM(포인트) AS 총포인트 FROM R1 GROUP BY 지역; 총포인트 4200 1600 총포인트 3700",서울 2300 / 인천 1600 / 광주 3700 / 부산 2800 (지역별 최댓값 1건씩만 표시),서울 4200 / 인천 1600 / 광주 3700 / 부산 2800,서울 2 / 인천 1 / 광주 1 / 부산 1 (지역별 행 개수),전체 합계 12400 (지역 구분 없이 1행),2,"GROUP BY 지역은 지역별로 그룹을 묶어 SUM(포인트)을 집계하므로, 서울(2300+1900=4200), 인천(1600), 광주(3700), 부산(2800) 총 4개 그룹의 합계가 나옵니다.",311,concept,,0
733,ipe_industrial,3,2025_2,데이터의 중복으로 인하여 관계연산을 처리할 때 예기치 못한 곤란한 현상이 발생하는 것을 무엇이라 하는가?,제한(Restriction),종속성(Dependency),변환(Translation),이상(Anomaly),4,데이터 중복으로 인해 관계 연산(삽입·삭제·갱신) 시 예기치 못한 문제가 발생하는 현상을 이상(Anomaly)이라고 합니다.,312,cbt,2025_2,0
734,ipe_industrial,3,2025_2,다음 중 스키마(Schema)의 3계층에 속하지 않는 것은?,내용 스키마,개념 스키마,외부 스키마,내부 스키마,1,데이터베이스 3층 스키마는 외부·개념·내부 스키마입니다. '내용 스키마'는 이 3계층에 속하지 않습니다.,313,cbt,2025_2,0
735,ipe_industrial,3,2025_2,인덱스(Index)에 대한 설명으로 옳지 않은 것은?,데이터베이스에 저장된 자료를 더욱 빠르게 조회하기 위하여 사용된다.,인덱스는 데이터베이스의 논리적 구조와 밀접한 관계가 있다.,레코드의 삽입과 삭제가 수시로 일어나는 경우 인덱스의 개수 를 최소로 한다.,"데이터 정의어(DDL)를 이용하여 사용자가 생성, 변경, 제거할 수 있다.",2,"인덱스는 데이터베이스의 '논리적' 구조가 아니라 '물리적' 구조(저장 방식, 접근 경로)와 밀접한 관계가 있습니다. 논리적 구조와 관계가 있다는 설명이 옳지 않습니다.",314,cbt,2025_2,0
736,ipe_industrial,3,2025_2,다음 SQL문의 실행결과를 가장 올바르게 설명한 것은? DROP TABLE 인사 CASCADE;,인사 테이블을 제거한다.,인사 테이블을 참조하는 테이블과 인사 테이블을 제거한다.,인사 테이블이 참조중이면 제거하지 않는다.,인사 테이블을 제거할 지의 여부를 사용자에게 다시 질의한다.,2,CASCADE 옵션은 제거할 대상을 참조하고 있는 다른 모든 개체까지 함께 제거합니다.,315,cbt,2025_2,0
737,ipe_industrial,3,2025_2,다음 중 디버깅(Debugging)에 대한 설명으로 옳은 것은?,오류가 발생한 코드를 추적하여 수정하는 작업을 의미한다.,시스템에 어떤 일이 발생한 것을 의미한다.,절차형 SQL을 활용하여 특정 기능을 수행하는 것을 의미한다.,애플리케이션의 성능 관리를 위해 다양한 모니터링 기능을 제 공하는 도구를 의미한다.,1,디버깅(Debugging)은 테스트로 발견한 오류가 발생한 코드를 추적하여 수정하는 작업입니다.,316,cbt,2025_2,0
738,ipe_industrial,3,2025_2,데이터베이스 설계 단계 중 데이터베이스의 효율성 제고를 위해 파일 저장 구조 및 접근 경로 등을 설계하는 단계는?,개념적 설계 단계,논리적 설계 단계,물리적 설계 단계,데이터베이스 구현 단계,3,파일 저장 구조 및 접근 경로 등을 설계해 효율성을 높이는 단계는 물리적 설계 단계입니다.,317,cbt,2025_2,0
739,ipe_industrial,2,2025_3,"다음 JAVA 프로그램이 실행되었을 때, 실행 결과는? public class Main { public static void main(String[ ] args) { System.out.print((int) 2.9 + 1.7); } }",3.7,4.7,3,4.6,1,"(int)는 2.9에만 적용되는 형변환이라 (int)2.9 = 2가 되고, 이후 2 + 1.7 = 3.7(double)이 출력됩니다.",318,cbt,2025_3,0
740,ipe_industrial,2,2025_3,"다음 JAVA 프로그램이 실행되었을 때, 실행 결과는? public class Main { public static void main(String[] args) { System.out.print(""(a) "" + 10/4); System.out.print("", (b) "" + 10.0/4); } }","(a) 2, (b) 2.5","(a) 10/4, (b) 10.0/4","(a) 2.5, (b) 2.5","(a) 2.5, (b) 2",1,"(int)는 2.9에만 적용되는 형변환이라 (int)2.9 = 2가 되고, 이후 2 + 1.7 = 3.7(double)이 출력됩니다.",318,cbt,2025_3,0
741,ipe_industrial,2,2025_3,C 언어에서 실수형 변수로 선언한 것은?,float a;,short a;,int a;,string a;,1,float는 C언어에서 실수형(부동소수점)을 선언하는 자료형입니다.,319,cbt,2025_3,0
742,ipe_industrial,2,2025_3,다음 중 가장 강한 결합도는?,자료 결합도,스탬프 결합도,제어 결합도,내용 결합도,4,"결합도는 자료 < 스탬프 < 제어 < 외부 < 공통 < 내용 순으로 강해지며, 내용(Content) 결합도가 가장 강합니다.",320,cbt,2025_3,0
743,ipe_industrial,2,2025_3,"다음 Python 프로그램이 실행되었을 때, 실행 결과는? a = ""11"" b = '""11""' print(a * 2 + b)",2211,"112""11""",111111,"1111""11“",4,"a*2는 문자열 ""11""을 두 번 반복한 ""1111""이 되고, 여기에 b(따옴표 문자가 포함된 문자열 ""11"")를 이어 붙이면 1111""11""이 출력됩니다.",321,cbt,2025_3,0
744,ipe_industrial,2,2025_3,다음 중 목록을 생성하는 HTML 태그가 아닌 것은?,<ul>,<li>,<ol>,<el>,4,<el> 태그는 존재하지 않는 태그입니다. <ul>·<ol>은 목록을 만들고 <li>는 목록의 항목을 나타냅니다.,322,cbt,2025_3,0
745,ipe_industrial,2,2025_3,응용 프로그램 개발 시 운영체제나 프로그래밍 언어 등에 있는 라이브러리를 이용할 수 있도록 함으로써 효율적인 소프트웨어 구현을 도와주는 인터페이스는?,IDE(Integrated Development Environment),통신 프로토콜(Communication Protocol),API(Application Programming Interface),USB(Universal Serial Bus),3,API(Application Programming Interface)는 운영체제나 언어가 제공하는 라이브러리 기능을 이용할 수 있게 해주는 인터페이스입니다.,323,cbt,2025_3,0
746,ipe_industrial,2,2025_3,프로그램의 정상적인 실행을 방해하는 조건이나 상태가 나타났을 때 해당 문제에 대비해 작성해 놓은 처리 루틴을 실행하도록 만드는 일련의 과정을 가리키는 용어는?,Exception Handling,Clean Code,Throw,Container,1,예외 처리(Exception Handling)는 실행을 방해하는 문제 상황에 대비해 미리 작성해 둔 처리 루틴을 실행하는 과정입니다.,324,cbt,2025_3,0
747,ipe_industrial,2,2025_3,"객체지향 기법 중 다음 설명이 의미하는 것은? • 객체의 성질을 분해하여 공통된 성질을 추출하여 슈퍼 클래스를 선정하는 것이다. 즉, 불필요한 부분을 생략하 고 객체의 속성 중 가장 중요한 것에만 중점을 두어 개 략화, 모델화 하는 것이다. • 예를 들면, ‘자동차’와 ‘비행기’란 클래스에서 ‘이동수단’ 이란 클래스를 만드는 것이다.",Inheritance,Abstraction,Polymorphism,Encapsulation,2,"추상화(Abstraction)는 공통된 성질만 추출해 개략화·모델화하는 개념으로, '자동차'와 '비행기'에서 공통 상위 개념 '이동수단'을 도출하는 것이 그 예입니다.",325,cbt,2025_3,0
748,ipe_industrial,2,2025_3,"다음 C 언어 프로그램이 실행되었을 때의 결과는? #include <stdio.h> main( ) { int a = 1; a <<= 3; printf(""a=0x%02X"", a); return 0; }",a=0x01,a=0x02,a=0x04,a=0x08,4,a=1에서 a<<=3은 a=1<<3=8과 같습니다. 8은 16진수로 0x08이므로 a=0x08이 출력됩니다.,326,cbt,2025_3,0
749,ipe_industrial,2,2025_3,UI 시스템에 대한 설명으로 옳지 않은 것은?,입력 데이터를 사전에 검증하는 역할을 수행한다.,잘못된 입력으로 발생하는 예외를 처리한다.,오류에 대한 구체적인 시스템 정보를 메시지로 제공한다.,"사용자에게 입력 창과 프롬프트, 도움말 등을 제공한다.",3,"UI 시스템은 입력 검증, 예외 처리, 입력 창·프롬프트·도움말 제공 등을 담당하지만, 보안상 시스템 내부 정보를 구체적으로 노출하는 오류 메시지를 제공해서는 안 됩니다.",327,cbt,2025_3,0
750,ipe_industrial,2,2025_3,"<p> 태그에 대해 안쪽 여백을 50, 외곽선의 종류를 점선, 외곽선의 색을 빨간색으로 지정하는 코드로 올바른 것은?",p { padding : 50; border-style : dotted; border-color : red },p { margin : 50; border-style : dotted; border-color : red },p { space : 50; border-style : dashed; border-color : red },p { blank : 50; border-style : ridge; border-color : red },1,"padding은 안쪽 여백, border-style은 외곽선 종류(dotted=점선), border-color는 외곽선 색을 지정하는 CSS 속성입니다.",328,cbt,2025_3,0
751,ipe_industrial,2,2025_3,"HTML5에서 메뉴, 목차, 인덱스와 같이 내부 페이지 및 외부 페이지 에 대한 탐색 링크들을 정의할 때 사용하는 태그는?",<lib>,<link>,<nav>,<index>,3,<nav> 태그는 HTML5에서 메뉴·목차 등 내비게이션(탐색) 링크 모음을 정의할 때 사용하는 태그입니다.,329,cbt,2025_3,0
752,ipe_industrial,3,2025_3,선형 자료 구조에 해당하지 않는 것은?,리스트(List),큐(Queue),데크(Deque),그래프(Graph),4,그래프(Graph)는 비선형 자료구조입니다. 리스트·큐·데크는 선형 자료구조입니다.,330,cbt,2025_3,0
753,ipe_industrial,3,2026_1,선형 자료 구조에 해당하지 않는 것은?,큐(Queue),데크(Deque),그래프(Graph),리스트(List),3,그래프(Graph)는 비선형 자료구조입니다. 리스트·큐·데크는 선형 자료구조입니다.,330,cbt,2026_1,0
754,ipe_industrial,1,2026_1,Gamma의 디자인 패턴 중 행위적 패턴에 해당하는 것은?,Factory Method,Adapter,Bridge,Command,4,"행위(Behavioral) 패턴에는 Command, Observer, State, Strategy 등이 있습니다. Factory Method는 생성 패턴, Adapter·Bridge는 구조 패턴입니다.",331,cbt,2026_1,0
755,ipe_industrial,1,2026_1,IPv4의 B 클래스에 해당하는 기본 서브넷 마스크는?,255.0.0.0,255.255.0.0,255.255.255.0,255.255.255.255,2,IPv4 B 클래스의 기본 서브넷 마스크는 255.255.0.0입니다.,332,cbt,2026_1,0
756,ipe_industrial,1,2026_1,"다음에서 설명하고 있는 관계(Relationships)는? ㆍ하나의 사물이 다른 사물에 비해 더 일반적인지 구체적 인지를 표현한다. ㆍ일반적인 개념을 상위(부모), 보다 구체적인 개념을 하 위(자식)라고 부르며, 구체적인 사물에서 일반적인 사물 쪽으로 속이 빈 화살표를 연결하여 표현한다.",일반화,포함,연관,집합,1,"일반화(Generalization) 관계는 하위(자식, 구체적) 개념에서 상위(부모, 일반적) 개념으로 속이 빈 화살표를 연결해 표현하는 UML 관계입니다.",333,cbt,2026_1,0
757,ipe_industrial,1,2026_1,UNIX의 쉘(Shell)에 대한 설명으로 옳지 않은 것은?,"C, Bourne, Korn Shell 등이 있다.",시스템과 사용자 간의 인터페이스를 담당한다.,명령어 해석기이다.,UNIX의 보안 관리를 수행한다.,4,쉘(Shell)은 사용자와 시스템 간 인터페이스를 담당하는 명령어 해석기입니다. 보안 관리는 커널(Kernel)의 역할이며 쉘의 기능이 아닙니다.,334,cbt,2026_1,0
758,ipe_industrial,2,2026_1,C언어에서 문자열의 길이를 구하는 함수는?,strcmp( ),atoi( ),strtof( ),strlen( ),4,strlen()은 C언어에서 문자열의 길이를 구하는 표준 라이브러리 함수입니다.,335,cbt,2026_1,0
760,ipe_industrial,2,2026_1,"다음 JavaScript 프로그램이 실행되었을 때, 실행 결과는? <script> var i = 0, sum = 0; while (i <= 5) { sum += i; i++; } document.write(sum); </script>",25,20,15,10,3,"i=0부터 5까지(0,1,2,3,4,5) sum에 더하므로 0+1+2+3+4+5=15가 출력됩니다.",337,cbt,2026_1,0
761,ipe_industrial,2,2026_1,Python의 이스케이프 문자에 대한 설명으로 옳지 않은 것은?,커서를 왼쪽으로 한 칸 이동시키는 이스케이프 문자는 ‘\b’이 다.,가로로 일정 간격 띄우는 이스케이프 문자는 ‘\a’이다.,Carriage Return을 수행하는 이스케이프 문자는 ‘\r’이다.,커서를 다음 줄로 이동시키는 이스케이프 문자는 ‘ \n’이다.,2,가로 간격을 띄우는 이스케이프 문자는 탭을 의미하는 '\t'입니다. '\a'는 경고음(벨) 문자입니다.,338,cbt,2026_1,0
762,ipe_industrial,2,2026_1,응집도가 가장 낮은 것은?,기능적 응집도,시간적 응집도,절차적 응집도,우연적 응집도,4,"응집도는 기능적이 가장 강하고, 우연적(Coincidental) 응집도가 가장 약합니다.",339,cbt,2026_1,0
763,ipe_industrial,2,2026_1,파이썬의 변수 작성 규칙 설명으로 옳지 않은 것은?,첫 자리에 숫자를 사용할 수 없다.,"영문 대문자/소문자, 숫자, 밑줄( _ )의 사용이 가능하다.",변수 이름의 중간에 공백을 사용할 수 있다.,이미 사용되고 있는 예약어는 사용할 수 없다.,3,Python 변수명에는 공백을 사용할 수 없습니다. 공백이 있으면 서로 다른 토큰으로 분리되어 오류가 발생합니다.,340,cbt,2026_1,0
764,ipe_industrial,2,2026_1,"다음 중 JAVA에서 참(true), 거짓(false)과 같이 논리값을 저장하는 자료형은?",String,byte,bool,boolean,4,boolean은 Java에서 true/false 논리값을 저장하는 자료형입니다.,341,cbt,2026_1,0
765,ipe_industrial,2,2026_1,Python에서 문자열이나 배열의 중간에 위치하는 값 일부만을 가져올 때 사용하는 함수는?,slice( ),split( ),join( ),range( ),1,slice()는 문자열이나 배열의 중간 일부 구간만 잘라서 가져올 때 사용하는 기능(함수/메소드)입니다.,342,cbt,2026_1,0
766,ipe_industrial,2,2026_1,"다음 C언어 프로그램이 실행되었을 때, 실행 결과는? main( ) { int ary[3]; int* p = ary; int tmp = 0; *(ary) = 10; *(ary + 1) = 12; ary[2] = ary[0] + ary[1]; for (int i = 0; i < 3; i++) tmp = tmp + ary[i]; printf(""%d"", tmp + *(ary + 2)); }",22,44,66,88,3,"ary[0]=10, ary[1]=12, ary[2]=10+12=22로 설정됩니다. tmp는 ary 전체 합 10+12+22=44이고, 여기에 *(ary+2)=ary[2]=22를 더하면 44+22=66이 출력됩니다.",343,cbt,2026_1,0
767,ipe_industrial,3,2026_1,릴레이션의 특징으로 거리가 먼 것은?,모든 튜플은 서로 다른 값을 갖는다.,모든 속성 값은 원자 값이다.,튜플 사이에는 순서가 없다.,"각 속성은 유일한 이름을 가지며, 속성의 순서는 큰 의미가 있다.",4,릴레이션의 속성 순서는 실질적으로 큰 의미를 갖지 않습니다(속성은 이름으로 구분되며 순서에 의존하지 않음). '속성의 순서는 큰 의미가 있다'는 설명이 릴레이션의 특성과 다릅니다.,344,cbt,2026_1,0
768,ipe_industrial,3,2026_1,"릴레이션 R의 튜플의 개수가 4, 릴레이션 S의 튜플의 개수가 6일때, 두 릴레이션을 카티션 프로덕트(Cartesian Product)한 결과 릴레이 션의 카디널리티는?",10,15,24,30,3,카티션 프로덕트의 카디널리티는 두 릴레이션 카디널리티의 곱입니다. 4×6=24.,345,cbt,2026_1,0
769,ipe_industrial,3,2026_1,다음 트리를 전위 순회(Preorder Traversal)한 결과는?,+ * A B / * C D E,A B / C * D * E +,A / B * C * D + E,+ * * / A B C D E,4,전위 순회(Preorder)는 '루트 → 왼쪽 서브트리 → 오른쪽 서브트리' 순서로 방문합니다. 수식 트리의 경우 연산자가 루트가 되는 전위식(Prefix)과 대응됩니다.,346,cbt,2026_1,0
770,ipe_industrial,3,2026_1,동일 조인의 결과 릴레이션에서 중복되는 조인 애트리뷰트를 제거한 연산은?,Natural Join,Union Join,Intersect Join,Difference Join,1,Natural Join(자연 조인)은 동일 조인 결과에서 중복되는 조인 속성(공통 속성)을 하나만 남기고 제거한 조인입니다.,347,cbt,2026_1,0
771,ipe_industrial,3,2026_1,해시 함수 중 키를 여러 부분으로 나누고 각 부분의 값을 더하거나 XOR(배타적 논리합)한 값을 홈 주소로 얻는 방식은?,Folding,Division,Mid-Square,Digit Analysis,1,Folding(폴딩법)은 키를 여러 부분으로 나누어 더하거나 XOR한 값을 홈 주소로 사용하는 해싱 함수입니다.,348,cbt,2026_1,0
772,ipe_industrial,3,2026_1,다음의 특징을 갖고 있는 데이터 모델링은? ㆍ테이블을 이용하여 데이터 상호 관계로 정의한다. ㆍ개체 집합은 공통 속성으로 만들어진다. ㆍ해당 데이터 모델링의 대표적인 언어는 SQL이다.,관계형 데이터 모델,개체-관계 모델,계층형 데이터 모델,네트워크형 데이터 모델,1,테이블(릴레이션)로 데이터 간 관계를 표현하고 SQL을 대표 언어로 사용하는 모델은 관계형 데이터 모델입니다.,349,cbt,2026_1,0
773,ipe_industrial,3,2026_1,데이터베이스에서 뷰에 대한 설명으로 틀린 것은?,뷰는 기본 테이블에서 유도되는 가상 테이블이다.,뷰를 통해 데이터에 접근이 가능하기 때문에 데이터를 안전하 게 보호할 수 있다.,뷰를 제거하기 위해 DELETE 문을 사용한다.,필요한 데이터만을 뷰로 정의해서 처리할 수 있다.,3,뷰를 제거할 때는 DELETE가 아니라 DROP VIEW 문을 사용합니다.,350,cbt,2026_1,0
775,ipe_industrial,1,신규작성,"여러 개의 디스크를 하나의 논리적 디스크처럼 사용해 성능과 안정성을 높이는 기술로, 미러링을 이용해 동일한 데이터를 두 개의 디스크에 중복 저장하는 레벨은?",RAID 0,RAID 1,RAID 4,RAID 5,2,RAID 1은 미러링(Mirroring) 방식으로 동일한 데이터를 두 디스크에 중복 저장해 한쪽이 고장 나도 데이터를 보존합니다.,352,concept,,0
776,ipe_industrial,1,신규작성,데이터를 여러 디스크에 분산 저장(스트라이핑)하면서 오류 정정을 위한 패리티 정보를 별도 디스크가 아닌 모든 디스크에 분산 저장하는 RAID 레벨은?,RAID 0,RAID 1,RAID 4,RAID 5,4,RAID 5는 패리티 정보를 특정 디스크에 몰아두지 않고 모든 디스크에 분산 저장해 병목을 줄이는 방식입니다. RAID 4는 패리티를 전용 디스크 한 곳에 저장합니다.,353,concept,,0
777,ipe_industrial,1,신규작성,"페이지 교체 알고리즘 중 앞으로 가장 오랫동안 사용되지 않을 페이지를 교체하는, 이론적으로 최적이지만 실제 구현이 불가능한 기법은?",FIFO,LRU,OPT(최적 교체),LFU,3,OPT(Optimal)는 미래 참조 정보를 알아야 하므로 실제로 구현할 수 없는 이론적 최적 알고리즘입니다.,354,concept,,0
778,ipe_industrial,1,신규작성,페이지 교체 알고리즘 중 참조 횟수가 가장 적은 페이지를 교체하는 기법은?,LRU,LFU,FIFO,NUR,2,LFU(Least Frequently Used)는 참조된 횟수가 가장 적은 페이지를 교체 대상으로 선택하는 기법입니다.,355,concept,,0
779,ipe_industrial,1,신규작성,"네트워크 보안 공격 중, 다수의 좀비 PC를 이용해 대량의 트래픽을 특정 서버에 집중시켜 서비스를 마비시키는 공격 유형은?",DDoS 공격,피싱(Phishing),스니핑(Sniffing),SQL Injection,1,DDoS(Distributed Denial of Service)는 다수의 좀비 PC(봇넷)로 대량 트래픽을 유발해 서비스를 마비시키는 분산 서비스 거부 공격입니다.,356,concept,,0
780,ipe_industrial,1,신규작성,네트워크상에서 오가는 패킷을 몰래 훔쳐보아 정보를 가로채는 공격 기법은?,스푸핑(Spoofing),스니핑(Sniffing),파밍(Pharming),랜섬웨어,2,스니핑은 네트워크 트래픽을 도청해 정보를 가로채는 공격입니다. 스푸핑은 신원을 속이는 공격입니다.,357,concept,,0
781,ipe_industrial,1,신규작성,송신자와 수신자가 동일한 키를 사용해 암호화와 복호화를 모두 수행하는 암호화 방식은?,대칭키 암호화,비대칭키 암호화,해시 암호화,전자서명,1,"대칭키(비밀키) 암호화는 암호화와 복호화에 동일한 키를 사용하는 방식으로, DES·AES가 대표적입니다.",358,concept,,0
782,ipe_industrial,1,신규작성,"서로 다른 두 개의 키(공개키와 개인키)를 사용하여 암호화와 복호화를 수행하는 방식으로, RSA가 대표적인 암호화 방식은?",대칭키 암호화,공개키(비대칭키) 암호화,해시 함수,스트림 암호,2,"공개키(비대칭키) 암호화는 공개키로 암호화하고 개인키로 복호화(또는 그 반대)하는 방식으로, RSA가 대표적입니다.",359,concept,,0
783,ipe_industrial,1,신규작성,"IT 자원(서버, 스토리지 등)을 가상화해 사용자가 필요한 만큼 인터넷을 통해 빌려 쓰는 서비스 모델 중, 운영체제와 개발 환경까지 제공하는 서비스는?",IaaS,PaaS,SaaS,DaaS,2,"PaaS(Platform as a Service)는 애플리케이션 개발·실행을 위한 운영체제와 플랫폼 환경까지 제공하는 클라우드 서비스 모델입니다. IaaS는 인프라(서버·스토리지)만, SaaS는 완성된 소프트웨어까지 제공합니다.",360,concept,,0
784,ipe_industrial,1,신규작성,하나의 물리적 서버 자원을 여러 개의 논리적 자원으로 분할해 마치 독립된 여러 대의 컴퓨터처럼 사용할 수 있게 해주는 기술은?,클러스터링,가상화(Virtualization),로드밸런싱,미러링,2,가상화는 하나의 물리적 자원을 여러 개의 논리적 자원으로 나누어 독립적으로 운용할 수 있게 해주는 기술입니다.,361,concept,,0
785,ipe_industrial,1,신규작성,"네트워크에 대한 비인가 접근을 탐지하고 관리자에게 알리는 역할을 하며, 침입을 사전에 차단하지는 않는(탐지 전용) 보안 시스템은?",방화벽(Firewall),IDS(침입 탐지 시스템),IPS(침입 방지 시스템),VPN,2,"IDS(Intrusion Detection System)는 침입을 '탐지'해 알리는 역할만 하고, 직접 차단까지 하는 것은 IPS(Intrusion Prevention System)입니다.",362,concept,,0
786,ipe_industrial,1,신규작성,허용된 트래픽만 통과시키고 그 외 트래픽은 차단해 내부 네트워크를 외부 위협으로부터 보호하는 보안 장비는?,IDS,IPS,방화벽(Firewall),허니팟(Honeypot),3,방화벽은 미리 정한 보안 규칙에 따라 허용된 트래픽만 통과시키고 나머지는 차단하는 네트워크 보안 장비입니다.,363,concept,,0
787,ipe_industrial,1,신규작성,도메인 이름을 IP 주소로 변환해주는 서비스를 제공하는 프로토콜은?,DHCP,DNS,ARP,FTP,2,DNS(Domain Name System)는 도메인 이름을 IP 주소로 변환해주는 프로토콜입니다.,364,concept,,0
788,ipe_industrial,1,신규작성,네트워크에 접속하는 단말에 IP 주소를 자동으로 할당해주는 프로토콜은?,DNS,DHCP,ARP,ICMP,2,DHCP(Dynamic Host Configuration Protocol)는 네트워크 단말에 IP 주소 등의 네트워크 설정을 자동으로 할당해주는 프로토콜입니다.,365,concept,,0
789,ipe_industrial,1,신규작성,IP 주소를 이용해 해당 호스트의 물리적 주소(MAC 주소)를 알아내기 위해 사용하는 프로토콜은?,ARP,RARP,ICMP,IGMP,1,ARP(Address Resolution Protocol)는 IP 주소로부터 대응하는 MAC 주소를 알아내는 프로토콜입니다. RARP는 그 반대(MAC→IP) 기능을 합니다.,366,concept,,0
790,ipe_industrial,1,신규작성,소프트웨어 생명주기 모형 중 폭포수 모형의 특징으로 옳은 것은?,각 단계를 순차적으로 진행하며 이전 단계로 돌아가기 어렵다.,위험 분석을 반복하며 점진적으로 개발한다.,일부 기능을 먼저 만들어 사용자 피드백을 반영한다.,요구사항 변경에 유연하게 대응한다.,1,"폭포수(Waterfall) 모형은 각 단계를 순차적으로 확실히 마무리하고 다음 단계로 진행하는 고전적 생명주기 모형으로, 이전 단계로 되돌아가기 어렵다는 한계가 있습니다.",367,concept,,0
791,ipe_industrial,1,신규작성,위험 분석을 반복적으로 수행하며 점진적으로 완성도를 높여가는 소프트웨어 개발 생명주기 모형은?,폭포수 모형,나선형 모형,프로토타입 모형,V 모형,2,나선형(Spiral) 모형은 계획 수립-위험 분석-개발-고객 평가 과정을 반복하며 점진적으로 완성도를 높이는 모형입니다.,368,concept,,0
792,ipe_industrial,1,신규작성,사용자 요구사항을 미리 시제품으로 만들어 보여주고 피드백을 받아 다듬어가는 소프트웨어 개발 모형은?,폭포수 모형,나선형 모형,프로토타입(Prototype) 모형,애자일 모형,3,프로토타입 모형은 시제품을 먼저 만들어 사용자 피드백을 받고 이를 반영해 개발을 진행하는 모형입니다.,369,concept,,0
793,ipe_industrial,1,신규작성,"소프트웨어 개발과 검증(Verification & Validation) 단계를 대응시켜 V자 형태로 표현한, 폭포수 모형을 확장한 개발 모형은?",나선형 모형,V 모형,RAD 모형,클린룸 모형,2,"V 모형은 폭포수 모형에 검증과 확인 활동을 대응시켜 V자 형태로 표현한 개발 모형으로, 각 개발 단계에 대응하는 테스트 단계를 강조합니다.",370,concept,,0
794,ipe_industrial,1,신규작성,"이미 운영 중인 기존 시스템을 분석해 소프트웨어 관련 산출물을 재발견하거나 재작성하는 작업으로, 유지보수성을 향상시키는 것을 목적으로 하는 것은?",재사용(Reuse),재공학(Reengineering),역공학(Reverse Engineering),이식(Migration),2,재공학은 기존 시스템을 분석해 문서화·재구성해서 유지보수성과 품질을 향상시키는 작업입니다. 역공학은 기존 코드를 분석해 설계도나 명세를 추출하는 것에 초점을 둡니다.,371,concept,,0
795,ipe_industrial,1,신규작성,완성된 프로그램을 분석해 설계도나 명세서 등의 상위 산출물을 추출해내는 작업은?,순공학(Forward Engineering),역공학(Reverse Engineering),재사용(Reuse),형상관리,2,역공학은 이미 개발된 소프트웨어(코드)를 분석해 설계 명세나 문서 같은 상위 수준의 산출물을 추출하는 작업입니다.,372,concept,,0
796,ipe_industrial,1,신규작성,소프트웨어 개발 지원 도구인 CASE(Computer Aided Software Engineering)의 특징으로 옳지 않은 것은?,소프트웨어 개발 과정의 자동화를 지원한다.,표준화된 문서 작성과 재사용성을 높인다.,여러 개발자 간 정보 공유를 원활하게 한다.,요구사항 정의 단계에서만 활용할 수 있다.,4,CASE 도구는 요구사항 분석부터 설계·구현·테스트·유지보수까지 개발 전 과정에서 폭넓게 활용될 수 있습니다.,373,concept,,0
797,ipe_industrial,1,신규작성,"웹 애플리케이션 서버로, 웹 서버와 데이터베이스 사이에서 동적인 콘텐츠 처리를 담당하는 미들웨어는?",WAS(Web Application Server),DBMS,WWW 서버,프록시 서버,1,WAS는 웹 서버와 DB 사이에서 동적 콘텐츠 처리와 비즈니스 로직 실행을 담당하는 미들웨어입니다.,374,concept,,0
798,ipe_industrial,1,신규작성,"백업 방식 중, 매번 전체 데이터를 다시 백업하는 것이 아니라 마지막 전체 백업 이후 변경된 데이터만 백업하는 방식은?",전체 백업(Full Backup),증분 백업(Incremental Backup),차등 백업(Differential Backup),미러 백업,2,"증분 백업은 가장 최근 백업(전체 또는 증분) 이후 변경된 데이터만 백업하는 방식으로, 백업 용량과 시간을 절약할 수 있습니다.",375,concept,,0
799,ipe_industrial,1,신규작성,"장애 발생 시 서비스를 얼마나 빠르게 복구해야 하는지를 나타내는 목표 지표로, '목표 복구 시간'을 의미하는 것은?",RPO(Recovery Point Objective),RTO(Recovery Time Objective),SLA,MTTF,2,RTO는 장애 발생 후 서비스가 복구되기까지 허용 가능한 최대 시간(목표 복구 '시간')을 의미합니다. RPO는 데이터 손실을 허용할 수 있는 시점(목표 복구 '시점')을 의미합니다.,376,concept,,0
800,ipe_industrial,1,신규작성,저장장치를 서버에 직접 연결하지 않고 네트워크를 통해 파일 단위로 공유하는 스토리지 방식은?,DAS(Direct Attached Storage),NAS(Network Attached Storage),SAN(Storage Area Network),RAID,2,NAS는 네트워크에 연결되어 파일 단위로 데이터를 공유하는 저장장치입니다. SAN은 별도의 전용 네트워크로 블록 단위 스토리지를 공유하는 방식입니다.,377,concept,,0
801,ipe_industrial,1,신규작성,여러 대의 서버를 하나로 묶어 하나의 시스템처럼 동작시켜 가용성과 처리 성능을 높이는 기술은?,클러스터링(Clustering),가상화,샤딩(Sharding),로드밸런싱,1,클러스터링은 여러 대의 서버를 하나의 논리적 시스템으로 묶어 고가용성과 성능 향상을 도모하는 기술입니다.,378,concept,,0
802,ipe_industrial,1,신규작성,여러 대의 서버에 트래픽(부하)을 고르게 분산시켜 특정 서버에 과부하가 걸리지 않도록 하는 기술은?,로드밸런싱(Load Balancing),클러스터링,가상화,캐싱,1,로드밸런싱은 여러 서버에 트래픽을 고르게 분산시켜 부하를 줄이고 가용성을 높이는 기술입니다.,379,concept,,0
803,ipe_industrial,1,신규작성,"모듈 간의 결합도를 낮추기 위한 설계 원칙으로, 인터페이스를 통해서만 통신하고 모듈 내부 구현을 서로 알 필요가 없게 하는 개념은?",정보 은닉(Information Hiding),다형성,상속,오버로딩,1,정보 은닉은 모듈 내부의 구현 세부사항을 감추고 인터페이스를 통해서만 상호작용하게 함으로써 결합도를 낮추는 설계 원칙입니다.,380,concept,,0
804,ipe_industrial,1,신규작성,"소프트웨어 아키텍처 패턴 중, 클라이언트의 요청을 받아 처리하고 응답하는 서버와, 서비스를 요청하는 클라이언트로 역할을 분리한 구조는?",클라이언트-서버 패턴,MVC 패턴,브로커 패턴,이벤트 기반 패턴,1,"클라이언트-서버 패턴은 서비스를 제공하는 서버와 요청하는 클라이언트로 역할을 나눈 구조로, 다수의 사용자가 원격으로 서비스를 이용하는 시스템에 적합합니다.",381,concept,,0
805,ipe_industrial,1,신규작성,MVC(Model-View-Controller) 아키텍처 패턴에서 사용자에게 보여지는 화면을 담당하는 요소는?,Model,View,Controller,Service,2,"View는 사용자에게 보여지는 화면(UI)을 담당하고, Model은 데이터와 비즈니스 로직, Controller는 사용자 입력을 받아 Model과 View를 제어하는 역할을 합니다.",382,concept,,0
806,ipe_industrial,1,신규작성,"요구사항 검증(Requirements Validation) 방법 중, 요구사항 명세서 초안을 여러 관련자가 함께 검토하며 결함을 찾는 정형화된 검토 기법은?",동료 검토(Peer Review),워크스루(Walkthrough),인스펙션(Inspection),프로토타이핑,3,인스펙션은 정해진 절차와 역할에 따라 산출물을 정형적으로 검토해 결함을 찾아내는 기법입니다. 워크스루는 비교적 비공식적인 검토 방식입니다.,383,concept,,0
807,ipe_industrial,1,신규작성,"소프트웨어 테스트 기법 중, 프로그램 실행 없이 소스 코드나 설계 문서를 검토해 결함을 찾아내는 테스트 방식은?",동적 테스트,정적 테스트(Static Test),회귀 테스트,성능 테스트,2,"정적 테스트는 프로그램을 실행하지 않고 코드 검토, 인스펙션 등을 통해 결함을 찾는 테스트 방식입니다.",384,concept,,0
808,ipe_industrial,1,신규작성,"소스 코드를 수정한 뒤, 그 수정이 기존에 정상 동작하던 기능에 영향을 주지 않았는지 확인하기 위해 이전 테스트를 다시 수행하는 것은?",단위 테스트,회귀 테스트(Regression Test),인수 테스트,탐색적 테스트,2,회귀 테스트는 코드 변경 이후에도 기존 기능이 정상적으로 동작하는지 재확인하기 위해 기존 테스트 케이스를 다시 수행하는 것입니다.,385,concept,,0
809,ipe_industrial,1,신규작성,명령어 파이프라이닝에서 이전 명령어의 실행 결과가 끝나기 전에 다음 명령어가 그 결과를 필요로 해 발생하는 지연 현상은?,구조적 해저드,데이터 해저드,제어 해저드,자원 해저드,2,데이터 해저드는 이전 명령어의 연산 결과에 의존하는 다음 명령어가 그 결과가 준비되기 전에 실행되어야 할 때 발생하는 파이프라인 지연입니다.,386,concept,,0
810,ipe_industrial,1,신규작성,"명령어의 실행 단계 중, 주기억장치에서 다음에 실행할 명령어를 읽어오는 단계는?",인출(Fetch) 단계,해독(Decode) 단계,실행(Execute) 단계,저장(Store) 단계,1,인출(Fetch) 단계는 주기억장치에서 다음 실행할 명령어를 읽어와 명령어 레지스터에 저장하는 단계입니다.,387,concept,,0
811,ipe_industrial,1,신규작성,인터럽트(Interrupt)에 대한 설명으로 옳은 것은?,CPU가 정상적으로 프로그램을 순차 실행하는 상태를 의미한다.,예기치 못한 상황이 발생했을 때 CPU의 처리를 잠시 중단시키고 해당 상황을 처리하도록 하는 것이다.,보조기억장치에서 데이터를 읽어오는 절차를 의미한다.,프로그램 카운터의 값을 항상 1씩 증가시키는 연산이다.,2,"인터럽트는 예기치 못한 상황(입출력 완료, 오류 등)이 발생했을 때 현재 실행을 멈추고 해당 상황을 처리하는 루틴으로 제어를 넘기는 메커니즘입니다.",388,concept,,0
812,ipe_industrial,1,신규작성,"다수의 프로세스가 자원을 두고 서로 무한정 기다리기만 하며 아무 진전도 없는 상태가 되는 것을 막기 위해, 교착상태 발생 가능성을 사전에 판단해 회피하는 기법에서 사용하는 대표적 알고리즘은?",은행원 알고리즘(Banker's Algorithm),최적 적합,라운드 로빈,LRU 알고리즘,1,은행원 알고리즘은 자원 할당 시 안전 상태를 유지할 수 있는지 미리 검사해 교착상태를 회피하는 대표적인 기법입니다.,389,concept,,0
813,ipe_industrial,1,신규작성,다음 중 소프트웨어 품질 특성(ISO/IEC 25010) 중 '이식성(Portability)'에 해당하는 하위 특성은?,적합성(Suitability),적응성(Adaptability),신뢰성(Reliability),효율성(Efficiency),2,적응성(Adaptability)은 다른 환경에 소프트웨어가 얼마나 잘 적응할 수 있는지를 나타내는 이식성의 하위 특성입니다.,390,concept,,0
814,ipe_industrial,1,신규작성,정보시스템 감리(Audit)의 주요 목적으로 가장 적절한 것은?,시스템의 소스코드를 직접 작성하는 것,정보시스템 구축 사업이 계획대로 적정하게 수행되었는지 점검·평가하는 것,사용자에게 시스템 사용법을 교육하는 것,하드웨어 장비를 구매·설치하는 것,2,정보시스템 감리는 사업이 관련 법규와 기준에 따라 적정하게 수행되었는지 독립적인 입장에서 점검하고 개선을 권고하는 활동입니다.,391,concept,,0
815,ipe_industrial,1,신규작성,"하나의 프로세스 내에서 여러 개의 실행 흐름을 만들어 자원(메모리, 파일 등)을 공유하면서 동시에 여러 작업을 처리하는 실행 단위는?",프로세스(Process),스레드(Thread),세마포어,모니터,2,"스레드는 프로세스 내부에서 자원을 공유하며 독립적으로 실행되는 흐름의 단위로, 프로세스보다 가볍게 문맥 교환할 수 있습니다.",392,concept,,0
816,ipe_industrial,1,신규작성,프로세스와 스레드의 차이에 대한 설명으로 옳지 않은 것은?,프로세스는 독립된 메모리 공간을 갖지만 스레드는 프로세스 내 자원을 공유한다.,스레드 간 문맥 교환은 일반적으로 프로세스 간 문맥 교환보다 비용이 적다.,한 프로세스 내의 스레드들은 서로 다른 프로세스의 메모리 공간에 자유롭게 접근할 수 있다.,하나의 프로세스는 여러 개의 스레드를 가질 수 있다.,3,"스레드는 자신이 속한 프로세스의 자원만 공유하며, 다른 프로세스의 메모리 공간에는 접근할 수 없습니다(프로세스 간에는 메모리가 분리되어 있음).",393,concept,,0
817,ipe_industrial,1,신규작성,"여러 개의 락(Lock)을 사용하는 시스템에서 상호배제를 구현하기 위한 동기화 도구로, 임계구역에 하나의 프로세스만 진입하도록 보장하는 가장 단순한 기법은?",뮤텍스(Mutex),스풀링(Spooling),스와핑(Swapping),오버레이(Overlay),1,뮤텍스는 한 번에 하나의 프로세스(또는 스레드)만 임계구역에 진입할 수 있도록 상호배제를 보장하는 동기화 기법입니다.,394,concept,,0
818,ipe_industrial,1,신규작성,"저속의 입출력 장치를 다수의 프로세스가 함께 사용할 수 있도록, 출력할 데이터를 디스크에 임시 저장했다가 순차적으로 처리하는 기법은?",스풀링(Spooling),버퍼링(Buffering),캐싱(Caching),페이징(Paging),1,스풀링은 프린터 등 저속 장치를 여러 프로세스가 효율적으로 이용할 수 있도록 출력 데이터를 디스크에 저장해두었다가 순서대로 처리하는 기법입니다.,395,concept,,0
819,ipe_industrial,1,신규작성,"실행 중인 프로그램의 일부를 필요할 때만 주기억장치에 적재하고, 필요 없어지면 다른 부분으로 교체해 사용함으로써 실제 메모리보다 큰 프로그램을 실행할 수 있게 하는 기법은?",오버레이(Overlay),스풀링,세그먼테이션,가비지 컬렉션,1,"오버레이 기법은 프로그램을 여러 조각으로 나누어, 필요한 부분만 주기억장치에 적재하고 나머지는 필요할 때 교체 적재하는 초기의 메모리 확장 기법입니다.",396,concept,,0
820,ipe_industrial,1,신규작성,주기억장치의 여러 곳에 흩어져 있는 작은 빈 공간(외부 단편화)들을 하나로 모아 큰 연속 공간으로 만드는 작업은?,페이징(Paging),압축(Compaction),세그먼테이션,스와핑,2,압축(Compaction)은 메모리에 흩어진 작은 빈 공간들을 한 곳으로 모아 큰 가용 공간을 만들어 외부 단편화 문제를 해결하는 기법입니다.,397,concept,,0
821,ipe_industrial,1,신규작성,"프로세스가 일정 시간 동안 자주 참조하는 페이지들의 집합으로, 이 집합만큼의 페이지 프레임을 미리 할당해 스래싱을 줄이는 데 활용되는 개념은?",워킹셋(Working Set),스풀(Spool),버킷(Bucket),세그먼트(Segment),1,"워킹셋은 프로세스가 일정 시간 동안 활발히 참조하는 페이지들의 집합으로, 이를 기준으로 프레임을 할당하면 페이지 부재를 줄일 수 있습니다.",398,concept,,0
822,ipe_industrial,1,신규작성,다중 프로그래밍 시스템에서 프로세스가 필요로 하는 페이지가 주기억장치에 없어 빈번하게 페이지 교체가 발생하며 시스템 성능이 급격히 저하되는 현상은?,스래싱(Thrashing),데드락(Deadlock),페이징(Paging),세그멘테이션 폴트,1,스래싱은 페이지 부재가 너무 자주 발생해 CPU가 실제 작업보다 페이지 교체에 더 많은 시간을 쓰게 되어 성능이 급격히 저하되는 현상입니다.,399,concept,,0
823,ipe_industrial,1,신규작성,CPU를 사용하는 시간이 짧고 입출력 작업이 많은 프로세스를 가리키는 용어는?,CPU 바운드 프로세스,I/O 바운드 프로세스,배치 프로세스,좀비 프로세스,2,I/O 바운드 프로세스는 CPU 연산보다 입출력 작업에 더 많은 시간을 소비하는 프로세스입니다. 반대로 연산이 많은 것은 CPU 바운드 프로세스입니다.,400,concept,,0
824,ipe_industrial,1,신규작성,한 개의 CPU로 여러 개의 프로그램(프로세스)을 번갈아 가며 동시에 처리하는 것처럼 보이게 하는 처리 방식은?,다중 처리(Multi-Processing),다중 프로그래밍(Multi-Programming),분산 처리,병렬 처리,2,다중 프로그래밍은 하나의 CPU로 여러 프로그램을 번갈아 실행해 동시 처리되는 것처럼 보이게 하는 방식입니다. 다중 처리는 여러 개의 CPU를 사용하는 방식입니다.,401,concept,,0
825,ipe_industrial,1,신규작성,"네트워크 토폴로지 중, 모든 노드가 하나의 중앙 허브(스위치)에 연결되어 있어 특정 노드 장애가 다른 노드에 영향을 주지 않는 구조는?",버스(Bus)형,스타(Star)형,링(Ring)형,망(Mesh)형,2,"스타형 토폴로지는 모든 노드가 중앙 허브에 연결되며, 한 노드의 장애가 다른 노드에 영향을 미치지 않는 구조입니다.",402,concept,,0
826,ipe_industrial,1,신규작성,"네트워크 토폴로지 중, 모든 노드가 하나의 케이블에 일렬로 연결되어 있어 케이블 손상 시 전체 네트워크가 영향을 받는 구조는?",버스(Bus)형,스타(Star)형,트리(Tree)형,망(Mesh)형,1,"버스형 토폴로지는 하나의 공용 케이블에 모든 노드가 연결되는 구조로, 케이블(백본)에 문제가 생기면 전체 네트워크가 영향을 받습니다.",403,concept,,0
827,ipe_industrial,1,신규작성,"네트워크 토폴로지 중, 모든 노드가 서로 직접 연결되어 있어 장애에 강하지만 케이블 비용이 많이 드는 구조는?",버스형,링형,스타형,망(Mesh)형,4,"망(Mesh)형은 모든 노드를 서로 직접 연결하는 구조로 장애에 매우 강하지만, 노드 수가 늘어날수록 필요한 회선 수가 급격히 증가합니다.",404,concept,,0
828,ipe_industrial,1,신규작성,"데이터 전송 방식 중, 송신자와 수신자 사이에 통신 경로를 미리 설정하고 그 경로를 독점적으로 사용하는 방식은?",회선 교환 방식,패킷 교환 방식,메시지 교환 방식,셀 교환 방식,1,"회선 교환 방식은 통신 전에 전용 경로를 설정하고 데이터 전송이 끝날 때까지 그 경로를 독점적으로 사용하는 방식으로, 전화망이 대표적입니다.",405,concept,,0
829,ipe_industrial,1,신규작성,"OSI 7계층 중 데이터의 표현 형식(인코딩, 압축, 암호화 등)을 변환하는 역할을 담당하는 계층은?",세션 계층,표현 계층(Presentation Layer),응용 계층,전송 계층,2,"표현 계층은 서로 다른 시스템 간 데이터 표현 형식을 변환(인코딩, 압축, 암호화 등)하는 역할을 담당합니다.",406,concept,,0
830,ipe_industrial,1,신규작성,OSI 7계층 중 통신 세션의 시작·유지·종료를 관리하는 계층은?,표현 계층,세션 계층(Session Layer),전송 계층,네트워크 계층,2,세션 계층은 두 시스템 간 통신 세션을 수립하고 유지·종료하는 역할을 담당합니다.,407,concept,,0
831,ipe_industrial,1,신규작성,"웹 애플리케이션을 프레젠테이션 계층, 비즈니스 로직 계층, 데이터 계층으로 나누어 설계하는 대표적인 아키텍처 구조는?",1계층 구조,2계층(클라이언트-서버) 구조,3계층(3-Tier) 구조,P2P 구조,3,"3계층(3-Tier) 구조는 화면(프레젠테이션), 비즈니스 로직, 데이터 저장 계층을 분리해 설계하는 대표적인 웹 애플리케이션 아키텍처입니다.",408,concept,,0
832,ipe_industrial,1,신규작성,"애자일 개발 방법론 중, 짧은 주기(스프린트)로 반복 개발을 진행하며 제품 책임자(Product Owner), 스크럼 마스터, 개발팀으로 역할을 구분하는 방법론은?",익스트림 프로그래밍(XP),스크럼(Scrum),칸반(Kanban),린(Lean),2,"스크럼은 제품 책임자, 스크럼 마스터, 개발팀의 역할 구분과 스프린트라는 짧은 반복 주기를 특징으로 하는 애자일 방법론입니다.",409,concept,,0
833,ipe_industrial,1,신규작성,스크럼(Scrum)에서 제품에 필요한 요구사항들을 우선순위에 따라 목록화한 것을 무엇이라 하는가?,스프린트(Sprint),제품 백로그(Product Backlog),데일리 스크럼,회고(Retrospective),2,제품 백로그는 제품에 필요한 기능·요구사항들을 우선순위에 따라 정리해 놓은 목록입니다.,410,concept,,0
834,ipe_industrial,1,신규작성,스크럼에서 팀원들이 매일 짧게 모여 진행 상황과 장애 요소를 공유하는 회의는?,스프린트 계획 회의,데일리 스크럼(Daily Scrum),스프린트 리뷰,스프린트 회고,2,"데일리 스크럼은 팀원들이 매일 짧게 모여 어제 한 일, 오늘 할 일, 장애 요소를 공유하는 스크럼의 정례 회의입니다.",411,concept,,0
835,ipe_industrial,1,신규작성,애자일 방법론 중 XP(eXtreme Programming)의 실천 방법(Practice)에 해당하지 않는 것은?,페어 프로그래밍(Pair Programming),테스트 주도 개발(TDD),지속적인 통합(Continuous Integration),폭포수식 순차 개발,4,"XP는 페어 프로그래밍, 테스트 주도 개발, 지속적 통합, 리팩토링 등을 실천 방법으로 하며, 폭포수식 순차 개발과는 반대되는 반복·점진적 방법론입니다.",412,concept,,0
836,ipe_industrial,1,신규작성,업무 흐름을 시각화하기 위해 작업 항목을 '할 일-진행 중-완료' 같은 열로 나눈 보드를 사용하는 애자일 기법은?,스크럼,칸반(Kanban),XP,나선형 모형,2,칸반은 작업 항목을 상태별 열로 나눈 보드에 시각화해 업무 흐름과 작업량(WIP 제한)을 관리하는 애자일 기법입니다.,413,concept,,0
837,ipe_industrial,1,신규작성,"소프트웨어 조직의 프로세스 성숙도를 5단계(초기, 관리, 정의, 정량적 관리, 최적화)로 평가하는 모델은?",ISO 9001,CMMI(Capability Maturity Model Integration),ITIL,SPICE,2,CMMI는 조직의 소프트웨어 개발 프로세스 성숙도를 초기부터 최적화 단계까지 5단계로 평가하는 모델입니다.,414,concept,,0
838,ipe_industrial,1,신규작성,"UML 다이어그램 중, 시스템과 외부 액터(사용자, 외부 시스템) 간의 상호작용(기능 요구사항)을 표현하는 다이어그램은?",클래스 다이어그램,유스케이스 다이어그램(Use Case Diagram),배치 다이어그램,컴포넌트 다이어그램,2,"유스케이스 다이어그램은 액터와 시스템 간의 상호작용, 즉 시스템이 제공해야 할 기능(유스케이스)을 표현하는 다이어그램입니다.",415,concept,,0
839,ipe_industrial,1,신규작성,"UML 다이어그램 중, 시스템을 구성하는 소프트웨어 컴포넌트 간의 의존 관계와 인터페이스를 표현하는 다이어그램은?",컴포넌트 다이어그램(Component Diagram),배치 다이어그램,패키지 다이어그램,클래스 다이어그램,1,컴포넌트 다이어그램은 시스템을 구성하는 소프트웨어 컴포넌트들 간의 관계와 인터페이스를 표현하는 구조 다이어그램입니다.,416,concept,,0
840,ipe_industrial,1,신규작성,"UML 다이어그램 중, 하드웨어 노드와 그 위에 배포되는 소프트웨어 컴포넌트의 물리적 배치를 표현하는 다이어그램은?",배치 다이어그램(Deployment Diagram),컴포넌트 다이어그램,유스케이스 다이어그램,액티비티 다이어그램,1,"배치 다이어그램은 서버, 단말 등 물리적 노드에 소프트웨어 컴포넌트가 어떻게 배치되는지를 표현하는 다이어그램입니다.",417,concept,,0
841,ipe_industrial,1,신규작성,"UML 다이어그램 중, 여러 객체 간에 시간 순서에 따라 주고받는 메시지 흐름을 표현하는 다이어그램은?",시퀀스 다이어그램(Sequence Diagram),클래스 다이어그램,패키지 다이어그램,배치 다이어그램,1,시퀀스 다이어그램은 객체들이 시간 순서에 따라 주고받는 메시지를 표현하는 대표적인 상호작용 다이어그램입니다.,418,concept,,0
842,ipe_industrial,1,신규작성,"UML 다이어그램 중, 업무 처리 절차나 조건에 따른 흐름을 순서도와 유사한 형태로 표현하는 다이어그램은?",액티비티 다이어그램(Activity Diagram),클래스 다이어그램,컴포넌트 다이어그램,배치 다이어그램,1,액티비티 다이어그램은 업무 처리 흐름이나 조건 분기를 순서도와 유사한 형태로 표현하는 행위 다이어그램입니다.,419,concept,,0
843,ipe_industrial,1,신규작성,"UML 관계 중, 두 클래스가 전체-부분 관계이지만 부분 객체가 전체 객체와 독립적으로 존재할 수 있는(약한 소유) 관계는?",집합(Aggregation) 관계,합성(Composition) 관계,일반화(Generalization) 관계,의존(Dependency) 관계,1,집합(Aggregation)은 전체-부분 관계이지만 부분이 전체와 독립적인 생명주기를 가질 수 있는 약한 소유 관계입니다. 합성(Composition)은 전체가 소멸하면 부분도 함께 소멸하는 강한 소유 관계입니다.,420,concept,,0
844,ipe_industrial,1,신규작성,"UML 관계 중, 전체 객체가 소멸하면 부분 객체도 함께 소멸하는 강한 소유 관계는?",집합(Aggregation) 관계,합성(Composition) 관계,연관(Association) 관계,실체화(Realization) 관계,2,"합성(Composition)은 전체와 부분이 생명주기를 함께하는 강한 소유 관계로, 전체가 소멸하면 부분도 함께 소멸합니다.",421,concept,,0
845,ipe_industrial,1,신규작성,패리티 비트(Parity Bit)에 대한 설명으로 옳은 것은?,여러 비트의 오류를 스스로 정정할 수 있다.,1비트의 오류 발생 여부만 검출할 수 있고 정정은 할 수 없다.,데이터 전송 속도를 높이기 위한 압축 기법이다.,데이터를 암호화하는 기법이다.,2,"패리티 비트는 데이터에 1비트를 추가해 오류 발생 여부만 검출할 수 있을 뿐, 오류를 스스로 정정할 수는 없습니다.",422,concept,,0
846,ipe_industrial,1,신규작성,"CRC(순환 중복 검사, Cyclic Redundancy Check)에 대한 설명으로 옳은 것은?",패리티 비트보다 단순하지만 오류 검출 능력이 낮다.,다항식을 이용해 오류를 검출하는 방식으로 검출 능력이 뛰어나다.,오류를 검출할 뿐 아니라 반드시 정정까지 수행한다.,회선 교환 방식에서만 사용할 수 있는 기법이다.,2,"CRC는 다항식 연산을 이용해 오류를 검출하는 방식으로, 패리티 비트보다 오류 검출 능력이 뛰어나 네트워크 통신에서 널리 사용됩니다.",423,concept,,0
847,ipe_industrial,1,신규작성,"다중화(Multiplexing) 기법 중, 전송 매체의 대역폭을 여러 개의 주파수 채널로 나누어 여러 신호를 동시에 전송하는 방식은?",시분할 다중화(TDM),주파수분할 다중화(FDM),코드분할 다중화(CDM),파장분할 다중화(WDM),2,FDM(Frequency Division Multiplexing)은 전송 매체의 대역폭을 여러 주파수 채널로 나누어 여러 신호를 동시에 보내는 다중화 기법입니다.,424,concept,,0
848,ipe_industrial,1,신규작성,"다중화 기법 중, 하나의 전송 매체를 일정한 시간 간격으로 나누어 여러 신호가 순서대로 전송 매체를 사용하도록 하는 방식은?",주파수분할 다중화(FDM),시분할 다중화(TDM),공간분할 다중화,역다중화,2,TDM(Time Division Multiplexing)은 전송 매체 사용 시간을 일정 간격으로 나누어 여러 신호가 순서대로 매체를 사용하게 하는 다중화 기법입니다.,425,concept,,0
849,ipe_industrial,1,신규작성,"서브넷 마스크 255.255.255.192를 사용할 때, 하나의 서브넷에 할당 가능한 호스트 주소의 최대 개수는? (네트워크 주소와 브로드캐스트 주소 제외)",30개,62개,126개,254개,2,255.255.255.192는 마지막 옥텟에서 2비트가 네트워크용(호스트 비트 6개)이므로 2^6=64개 주소 중 네트워크·브로드캐스트 주소 2개를 제외한 62개가 호스트에 할당 가능합니다.,426,concept,,0
850,ipe_industrial,1,신규작성,"정보시스템의 가용성을 높이기 위해 동일한 서비스를 제공하는 서버를 이중화해, 주 서버 장애 시 예비 서버가 즉시 서비스를 이어받도록 하는 구성 방식은?",로드밸런싱,이중화(Redundancy) 구성(Failover),샤딩,캐싱,2,이중화(Failover) 구성은 주 서버 장애 시 예비 서버가 즉시 서비스를 이어받도록 시스템을 중복 구성하는 고가용성 방식입니다.,427,concept,,0
851,ipe_industrial,1,신규작성,"소프트웨어 개발 시 재사용 가능성을 높이기 위한 설계 원칙 중, 한 클래스는 하나의 책임만 가져야 한다는 원칙은?",단일 책임 원칙(SRP),개방-폐쇄 원칙(OCP),리스코프 치환 원칙(LSP),인터페이스 분리 원칙(ISP),1,단일 책임 원칙(Single Responsibility Principle)은 하나의 클래스가 하나의 책임(변경 이유)만 가져야 한다는 객체지향 설계 원칙(SOLID)입니다.,428,concept,,0
852,ipe_industrial,1,신규작성,"객체지향 설계 원칙(SOLID) 중, 기존 코드를 변경하지 않고 기능을 확장할 수 있어야 한다는 원칙은?",단일 책임 원칙(SRP),"개방-폐쇄 원칙(OCP, Open-Closed Principle)",의존 역전 원칙(DIP),인터페이스 분리 원칙(ISP),2,"개방-폐쇄 원칙은 확장에는 열려 있고 변경(수정)에는 닫혀 있어야 한다는 원칙으로, 기존 코드를 건드리지 않고 기능을 확장할 수 있도록 설계해야 함을 의미합니다.",429,concept,,0
853,ipe_industrial,1,신규작성,"디스크 스케줄링 기법 중, 헤드가 진행하는 방향으로만 요청을 처리하다가 끝에 도달하면 다시 처음으로 되돌아가 같은 방향으로만 서비스하는 기법은?",SSTF,SCAN,C-SCAN(Circular SCAN),LOOK,3,"C-SCAN은 헤드가 한쪽 방향으로만 서비스하다가 끝에 도달하면 반대편 끝으로 이동한 뒤 다시 같은 방향으로 서비스하는 기법으로, 응답시간의 편차를 줄여줍니다.",430,concept,,0
854,ipe_industrial,1,신규작성,"디스크 스케줄링 기법 중, 진행 방향에 더 이상 처리할 요청이 없으면 끝까지 가지 않고 그 지점에서 방향을 바꾸는, SCAN을 개선한 기법은?",FCFS,SSTF,LOOK,C-LOOK,3,LOOK은 SCAN과 달리 진행 방향에 남은 요청이 없으면 디스크 끝까지 가지 않고 그 지점에서 즉시 방향을 바꾸는 기법입니다.,431,concept,,0
855,ipe_industrial,1,신규작성,"디스크 스케줄링 기법 중, 현재 헤드 위치에서 탐색 거리가 가장 짧은 요청을 먼저 처리하는 기법의 단점으로 옳은 것은?",헤드 이동 거리가 항상 가장 길다.,특정 위치의 요청이 계속 뒤로 밀리는 기아(Starvation) 현상이 발생할 수 있다.,구현이 불가능하다.,요청이 들어온 순서를 반드시 지켜야 한다.,2,"SSTF(Shortest Seek Time First)는 헤드에서 가까운 요청을 우선 처리하다 보니, 먼 곳의 요청이 계속 밀려 기아 현상이 발생할 수 있는 단점이 있습니다.",432,concept,,0
856,ipe_industrial,1,신규작성,"프로세스 스케줄링 기법 중, 대기 시간과 서비스 시간을 함께 고려해 우선순위를 계산하며, 짧은 작업과 오래 기다린 작업 모두에게 유리하도록 설계된 비선점형 기법은?",FCFS,SJF,HRN(Highest Response-ratio Next),RR,3,"HRN은 (대기시간+서비스시간)/서비스시간으로 우선순위를 계산해, 서비스 시간이 짧거나 대기 시간이 긴 프로세스가 우선 처리되도록 하는 비선점형 스케줄링 기법입니다.",433,concept,,0
857,ipe_industrial,1,신규작성,선점형 스케줄링 기법에 해당하는 것은?,FCFS,SJF,HRN,SRT(Shortest Remaining Time),4,"SRT는 남은 실행시간이 가장 짧은 프로세스에 CPU를 할당하는 선점형 스케줄링 기법으로, 새로운 프로세스가 더 짧은 실행시간을 가지면 즉시 선점됩니다.",434,concept,,0
858,ipe_industrial,1,신규작성,다단계 큐(Multilevel Queue) 스케줄링에 대한 설명으로 옳은 것은?,모든 프로세스를 하나의 큐에서 우선순위 없이 처리한다.,프로세스를 특성에 따라 여러 개의 준비 큐로 나누어 큐별로 다른 스케줄링 기법을 적용할 수 있다.,큐 간 프로세스 이동이 자유롭게 허용된다.,선점이 전혀 불가능한 기법이다.,2,"다단계 큐 스케줄링은 프로세스를 유형별로 여러 개의 준비 큐로 나누고, 각 큐마다 서로 다른 스케줄링 알고리즘을 적용할 수 있는 기법입니다.",435,concept,,0
859,ipe_industrial,1,신규작성,다단계 피드백 큐(Multilevel Feedback Queue) 스케줄링의 특징으로 옳은 것은?,프로세스가 큐 간 이동을 할 수 없다.,CPU를 많이 사용한 프로세스는 우선순위가 낮은 큐로 이동시킨다.,짧은 작업에 불리하도록 설계되었다.,모든 큐에 동일한 타임 슬라이스를 적용해야 한다.,2,"다단계 피드백 큐는 프로세스의 실행 이력에 따라 큐 간 이동을 허용하며, CPU를 오래 사용하는 프로세스일수록 우선순위가 낮은 큐로 내려가도록 조정해 짧은 작업에 유리하게 동작합니다.",436,concept,,0
860,ipe_industrial,1,신규작성,"가상기억장치 관리 기법 중, 프로세스에 할당된 페이지 프레임의 수를 실행 중 동적으로 조절해 스래싱을 방지하는 기법은?",구역성(Locality),워킹셋,페이지 부재 빈도(PFF) 기법,세그먼테이션,3,PFF(Page Fault Frequency) 기법은 페이지 부재율을 감시해 상한선을 넘으면 프레임을 늘리고 하한선 아래면 프레임을 줄이는 방식으로 스래싱을 방지합니다.,437,concept,,0
861,ipe_industrial,1,신규작성,프로세스가 특정 시간 동안 참조하는 페이지들이 기억장소의 일부 지역에 집중되는 현상은?,구역성(Locality)의 원리,스래싱,단편화,교착상태,1,"구역성의 원리는 프로세스가 실행 중 특정 시간 동안 기억장소의 일부 페이지 집합을 집중적으로 참조하는 경향을 의미하며, 가상기억장치와 캐시 설계의 이론적 기반이 됩니다.",438,concept,,0
862,ipe_industrial,1,신규작성,"교착상태 해결 방법 중, 교착상태가 발생하지 않도록 자원 할당 시 안전 상태 여부를 미리 검사하는 방법은?",예방(Prevention),회피(Avoidance),발견(Detection),복구(Recovery),2,회피는 은행원 알고리즘처럼 자원 할당 전에 안전 상태가 유지되는지 검사해 교착상태를 사전에 피하는 방법입니다.,439,concept,,0
863,ipe_industrial,1,신규작성,"교착상태 해결 방법 중, 상호배제·점유와대기·비선점·환형대기 중 하나 이상의 조건을 원천적으로 제거해 교착상태 자체가 발생할 수 없도록 하는 방법은?",예방(Prevention),회피(Avoidance),발견(Detection),무시(Ostrich),1,예방은 교착상태의 4가지 필요조건 중 하나 이상을 원천적으로 제거하여 교착상태가 아예 발생할 수 없도록 하는 방법입니다.,440,concept,,0
864,ipe_industrial,1,신규작성,"라우팅 프로토콜 중, 자율 시스템(AS) 사이에서 사용되는 대표적인 외부 게이트웨이 프로토콜(EGP)은?",RIP,OSPF,BGP(Border Gateway Protocol),EIGRP,3,BGP는 서로 다른 자율 시스템(AS) 간의 경로 정보를 교환하는 대표적인 외부 게이트웨이 프로토콜입니다. RIP·OSPF·EIGRP는 하나의 AS 내부에서 쓰이는 내부 게이트웨이 프로토콜입니다.,441,concept,,0
865,ipe_industrial,1,신규작성,"링크 상태(Link State) 라우팅 알고리즘을 사용하며, 최단 경로 계산에 다익스트라 알고리즘을 이용하는 대표적인 내부 게이트웨이 프로토콜은?",RIP,OSPF(Open Shortest Path First),BGP,ARP,2,OSPF는 링크 상태 알고리즘과 다익스트라 최단 경로 알고리즘을 사용하는 대표적인 내부 게이트웨이 프로토콜(IGP)입니다.,442,concept,,0
866,ipe_industrial,1,신규작성,이더넷에서 여러 단말이 동시에 신호를 보내 발생하는 충돌을 감지하고 처리하는 매체 접근 제어 방식은?,CSMA/CD,TDMA,FDMA,Token Passing,1,"CSMA/CD(Carrier Sense Multiple Access with Collision Detection)는 전송 전 회선 상태를 감지하고, 충돌 발생 시 이를 감지해 재전송하는 이더넷의 매체 접근 제어 방식입니다.",443,concept,,0
867,ipe_industrial,1,신규작성,무선 랜(WLAN)에서 충돌을 사전에 회피하기 위해 사용하는 매체 접근 제어 방식은?,CSMA/CD,CSMA/CA(Collision Avoidance),Token Ring,Polling,2,무선 환경에서는 충돌 감지가 어려워 CSMA/CA(충돌 회피) 방식을 사용해 사전에 충돌 가능성을 낮춥니다.,444,concept,,0
868,ipe_industrial,1,신규작성,TCP와 UDP에 대한 설명으로 옳은 것은?,TCP는 비연결형이고 UDP는 연결형이다.,"TCP는 연결형이며 흐름제어와 오류제어를 제공하고, UDP는 비연결형으로 신뢰성 보장이 없다.",UDP는 TCP보다 항상 전송 속도가 느리다.,TCP와 UDP는 모두 신뢰성 있는 전송을 보장한다.,2,"TCP는 연결형 프로토콜로 흐름제어·오류제어·순서보장 등을 제공해 신뢰성이 높고, UDP는 비연결형으로 신뢰성 보장 없이 빠르게 전송하는 데 중점을 둡니다.",445,concept,,0
869,ipe_industrial,1,신규작성,"전자우편을 수신할 때 서버에 메일을 남겨두고 필요한 부분만 다운로드하며, 여러 기기에서 메일 상태를 동기화할 수 있는 프로토콜은?",SMTP,POP3,IMAP(Internet Message Access Protocol),FTP,3,IMAP은 서버에 메일을 유지한 채 여러 기기에서 메일함 상태를 동기화하며 접근할 수 있는 프로토콜입니다. POP3는 메일을 로컬로 내려받고 서버에서는 삭제하는 방식이 기본입니다.,446,concept,,0
870,ipe_industrial,1,신규작성,파일을 원격 서버와 주고받기 위해 사용하는 표준 프로토콜은?,FTP(File Transfer Protocol),SMTP,Telnet,SNMP,1,FTP는 클라이언트와 서버 간 파일을 전송하기 위한 표준 프로토콜입니다.,447,concept,,0
871,ipe_industrial,1,신규작성,네트워크 장비 및 시스템의 상태를 원격에서 감시하고 관리하기 위해 사용하는 프로토콜은?,SNMP(Simple Network Management Protocol),DHCP,ARP,ICMP,1,SNMP는 네트워크 장비의 상태 정보를 수집하고 원격에서 관리하기 위한 프로토콜입니다.,448,concept,,0
872,ipe_industrial,1,신규작성,"네트워크 오류 발생 여부나 상태를 확인하기 위해 사용되며, ping 명령어의 기반이 되는 프로토콜은?",ICMP(Internet Control Message Protocol),IGMP,ARP,RARP,1,"ICMP는 네트워크 상의 오류 상황이나 상태 정보를 전달하는 프로토콜로, ping 명령의 기반이 됩니다.",449,concept,,0
873,ipe_industrial,1,신규작성,"소프트웨어 설계 원칙(SOLID) 중, 하위 클래스는 상위 클래스를 대체할 수 있어야 한다는 원칙은?",단일 책임 원칙(SRP),개방-폐쇄 원칙(OCP),"리스코프 치환 원칙(LSP, Liskov Substitution Principle)",의존 역전 원칙(DIP),3,리스코프 치환 원칙은 하위 클래스(자식 클래스)가 상위 클래스(부모 클래스)를 대체하더라도 프로그램의 정확성이 깨지지 않아야 한다는 원칙입니다.,450,concept,,0
874,ipe_industrial,1,신규작성,"SOLID 원칙 중, 클라이언트가 자신이 사용하지 않는 인터페이스에 의존하지 않도록 인터페이스를 작은 단위로 분리해야 한다는 원칙은?",단일 책임 원칙(SRP),"인터페이스 분리 원칙(ISP, Interface Segregation Principle)",리스코프 치환 원칙(LSP),개방-폐쇄 원칙(OCP),2,"인터페이스 분리 원칙은 하나의 범용 인터페이스보다 여러 개의 특화된 작은 인터페이스로 분리해, 클라이언트가 불필요한 의존을 갖지 않도록 해야 한다는 원칙입니다.",451,concept,,0
875,ipe_industrial,1,신규작성,"SOLID 원칙 중, 상위 모듈이 하위 모듈의 구체적인 구현에 의존하지 않고 추상화된 인터페이스에 의존해야 한다는 원칙은?",단일 책임 원칙(SRP),개방-폐쇄 원칙(OCP),인터페이스 분리 원칙(ISP),"의존 역전 원칙(DIP, Dependency Inversion Principle)",4,"의존 역전 원칙은 상위 모듈이 하위 모듈의 구체적인 구현이 아닌 추상화(인터페이스)에 의존해야 한다는 원칙으로, 프레임워크의 제어 역흐름(IoC)과도 밀접합니다.",452,concept,,0
876,ipe_industrial,1,신규작성,"GoF 디자인 패턴 중, 객체 생성 로직을 서브클래스로 위임해 어떤 클래스의 인스턴스를 만들지 서브클래스가 결정하도록 하는 생성 패턴은?",팩토리 메소드(Factory Method),옵서버(Observer),데코레이터(Decorator),커맨드(Command),1,팩토리 메소드 패턴은 객체 생성을 서브클래스에서 결정하도록 위임하는 생성 패턴입니다.,453,concept,,0
877,ipe_industrial,1,신규작성,"GoF 디자인 패턴 중, 알고리즘군을 정의하고 각각을 캡슐화해 서로 교체 가능하게 만들어, 클라이언트가 알고리즘을 독립적으로 바꿔 사용할 수 있게 하는 행위 패턴은?",전략(Strategy) 패턴,싱글톤(Singleton) 패턴,빌더(Builder) 패턴,어댑터(Adapter) 패턴,1,전략 패턴은 여러 알고리즘을 캡슐화해 상호 교체 가능하게 만들어 실행 시점에 알고리즘을 선택할 수 있게 하는 행위 패턴입니다.,454,concept,,0
878,ipe_industrial,1,신규작성,"GoF 디자인 패턴 중, 복잡한 서브시스템에 대해 단순화된 하나의 인터페이스를 제공해 사용을 쉽게 만드는 구조 패턴은?",퍼사드(Facade) 패턴,프록시(Proxy) 패턴,브리지(Bridge) 패턴,컴포지트(Composite) 패턴,1,퍼사드 패턴은 여러 개의 복잡한 서브시스템 인터페이스를 하나의 단순화된 인터페이스로 감싸서 제공하는 구조 패턴입니다.,455,concept,,0
879,ipe_industrial,1,신규작성,"GoF 디자인 패턴 중, 실제 객체에 대한 접근을 제어하기 위해 대리 객체를 두어 요청을 대신 처리하거나 접근을 통제하는 구조 패턴은?",프록시(Proxy) 패턴,데코레이터 패턴,옵서버 패턴,커맨드 패턴,1,"프록시 패턴은 실제 객체에 대한 접근을 대리(제어)하는 객체를 두어, 접근 제어나 지연 로딩 등을 구현하는 구조 패턴입니다.",456,concept,,0
880,ipe_industrial,1,신규작성,"GoF 디자인 패턴 중, 복합 객체(트리 구조)와 단일 객체를 동일한 방식으로 다룰 수 있도록 하는 구조 패턴은?",컴포지트(Composite) 패턴,브리지 패턴,플라이웨이트 패턴,어댑터 패턴,1,"컴포지트 패턴은 부분-전체 계층 구조(트리)를 표현해, 단일 객체와 복합 객체를 동일한 인터페이스로 다룰 수 있게 하는 구조 패턴입니다.",457,concept,,0
881,ipe_industrial,1,신규작성,"요구공학(Requirements Engineering)의 절차 중, 도출된 요구사항이 서로 상충하지 않는지, 명확하고 실현 가능한지를 검토하는 활동은?",요구사항 도출(Elicitation),요구사항 분석(Analysis),요구사항 명세(Specification),요구사항 확인(Validation),4,"요구사항 확인(검증)은 명세된 요구사항이 정확하고 완전하며 일관성이 있는지, 실제 사용자 요구를 충족하는지 최종적으로 점검하는 단계입니다.",458,concept,,0
882,ipe_industrial,1,신규작성,"요구사항 도출 기법 중, 여러 이해관계자가 한자리에 모여 자유롭게 아이디어를 제시하며 요구사항을 발굴하는 기법은?",브레인스토밍(Brainstorming),유스케이스 작성,프로토타이핑,정적 분석,1,브레인스토밍은 여러 이해관계자가 모여 자유롭게 의견을 제시하며 요구사항을 도출하는 대표적인 요구사항 도출 기법입니다.,459,concept,,0
883,ipe_industrial,1,신규작성,소프트웨어 개발 시 요구사항 명세서에 포함되어야 할 요구사항의 특성으로 거리가 먼 것은?,완전성(Completeness),일관성(Consistency),모호성(Ambiguity),검증 가능성(Verifiability),3,"좋은 요구사항은 명확하고 모호하지 않아야 합니다. 모호성은 오히려 지양해야 할 특성이며, 완전성·일관성·검증 가능성이 갖춰야 할 바람직한 특성입니다.",460,concept,,0
884,ipe_industrial,1,신규작성,"테스트 케이스 설계 기법 중, 입력 값의 범위를 유효한 값과 유효하지 않은 값의 클래스로 나누어 대표 값만 테스트하는 블랙박스 기법은?",동치 분할 검사(Equivalence Partitioning),경계값 분석(Boundary Value Analysis),원인-효과 그래프,기초 경로 검사,1,"동치 분할 검사는 입력 값을 유효/무효 클래스(동치 클래스)로 나누고, 각 클래스에서 대표값을 선정해 테스트하는 블랙박스 테스트 기법입니다.",461,concept,,0
885,ipe_industrial,1,신규작성,"테스트 케이스 설계 기법 중, 입력 값의 경계(최솟값, 최댓값 부근)에서 오류가 발생하기 쉽다는 점에 착안해 경계 부근의 값을 집중적으로 테스트하는 기법은?",동치 분할 검사,경계값 분석(Boundary Value Analysis),루프 검사,조건 검사,2,경계값 분석은 입력 범위의 경계(최솟값·최댓값 및 그 인접 값)에서 결함이 발생하기 쉽다는 경험에 기반해 경계 부근을 집중 테스트하는 기법입니다.,462,concept,,0
886,ipe_industrial,1,신규작성,"화이트박스 테스트 기법 중, 프로그램 내의 모든 문장을 적어도 한 번은 실행하도록 테스트 케이스를 설계하는 커버리지 기준은?",구문 커버리지(Statement Coverage),분기 커버리지(Branch Coverage),조건 커버리지(Condition Coverage),경로 커버리지(Path Coverage),1,구문(문장) 커버리지는 프로그램의 모든 실행 가능한 문장을 최소 한 번씩 실행하도록 테스트를 설계하는 가장 기본적인 화이트박스 커버리지 기준입니다.,463,concept,,0
887,ipe_industrial,1,신규작성,"화이트박스 테스트 기법 중, 프로그램 내의 모든 분기(조건문의 참/거짓 경로)를 적어도 한 번씩 실행하도록 하는 커버리지 기준은?",구문 커버리지,분기 커버리지(Branch Coverage),라인 커버리지,함수 커버리지,2,분기 커버리지는 프로그램 내 모든 조건문의 참/거짓 분기를 각각 한 번 이상 실행하도록 테스트 케이스를 설계하는 기준입니다.,464,concept,,0
888,ipe_industrial,1,신규작성,"형상 관리 항목 중, 형상 항목의 변경 요청을 검토하고 승인 여부를 결정하는 활동을 무엇이라 하는가?",형상 식별(Identification),형상 통제(Control),형상 감사(Audit),형상 기록(Status Accounting),2,형상 통제는 형상 항목에 대한 변경 요청을 검토하고 승인 여부를 결정해 통제하는 형상 관리 활동입니다.,465,concept,,0
889,ipe_industrial,1,신규작성,"형상 관리 활동 중, 형상 항목이 요구사항에 맞게 제대로 반영되었는지 검토·확인하는 활동은?",형상 식별,형상 통제,형상 감사(Configuration Audit),베이스라인 설정,3,형상 감사는 형상 항목이 설정된 기준(베이스라인)과 요구사항에 맞게 올바르게 반영되었는지를 검토·확인하는 활동입니다.,466,concept,,0
890,ipe_industrial,1,신규작성,"네트워크 장비 중, 서로 다른 네트워크(LAN)를 연결하며 IP 주소를 기반으로 최적의 경로를 찾아 패킷을 전달하는 장비는?",허브(Hub),리피터(Repeater),라우터(Router),브리지(Bridge),3,라우터는 서로 다른 네트워크를 연결하며 IP 주소 기반으로 최적 경로를 찾아 패킷을 전달하는 네트워크 계층 장비입니다.,467,concept,,0
891,ipe_industrial,1,신규작성,"네트워크 장비 중, MAC 주소를 기반으로 프레임을 필요한 포트로만 전달해 네트워크 세그먼트 간 트래픽을 효율적으로 분리하는 장비는?",허브,스위치(Switch),리피터,게이트웨이,2,"스위치는 MAC 주소 테이블을 이용해 프레임을 목적지 포트로만 전달하는 데이터 링크 계층 장비로, 허브보다 효율적으로 트래픽을 분리합니다.",468,concept,,0
892,ipe_industrial,1,신규작성,신호가 전송 거리에 따라 감쇠되는 것을 방지하기 위해 신호를 증폭해 재전송하는 물리 계층 장비는?,리피터(Repeater),라우터,스위치,게이트웨이,1,리피터는 약해진 신호를 증폭하여 먼 거리까지 전달될 수 있도록 재전송하는 물리 계층 장비입니다.,469,concept,,0
893,ipe_industrial,1,신규작성,서로 다른 프로토콜을 사용하는 네트워크 간의 통신이 가능하도록 프로토콜을 변환해주는 장비는?,리피터,스위치,게이트웨이(Gateway),허브,3,게이트웨이는 서로 다른 프로토콜 체계를 사용하는 네트워크 간의 통신이 가능하도록 프로토콜을 변환해주는 장비입니다.,470,concept,,0
894,ipe_industrial,1,신규작성,"여러 대의 컴퓨터를 단순히 물리적으로 연결만 해주며, 들어온 신호를 모든 포트로 그대로 전달(브로드캐스트)하는 물리 계층 장비는?",허브(Hub),스위치,라우터,브리지,1,"허브는 물리 계층에서 신호를 단순 증폭·중계하며, 들어온 신호를 연결된 모든 포트로 그대로 전달합니다(포트 구분 없이 브로드캐스트).",471,concept,,0
895,ipe_industrial,1,신규작성,"소프트웨어 아키텍처 패턴 중, 시스템의 상태 변화를 이벤트로 발행하고 다른 컴포넌트가 이를 구독해 비동기적으로 처리하는 구조는?",계층형 패턴,이벤트 기반(Event-Driven) 패턴,파이프-필터 패턴,클라이언트-서버 패턴,2,이벤트 기반 아키텍처는 이벤트의 발생(발행)과 처리(구독)를 분리해 컴포넌트 간 결합도를 낮추고 비동기적으로 동작하는 아키텍처 패턴입니다.,472,concept,,0
896,ipe_industrial,1,신규작성,하나의 큰 애플리케이션을 독립적으로 배포·확장 가능한 작은 서비스 단위로 나누어 구성하는 아키텍처 스타일은?,모놀리식(Monolithic) 아키텍처,마이크로서비스(Microservice) 아키텍처,계층형 아키텍처,P2P 아키텍처,2,마이크로서비스 아키텍처는 하나의 애플리케이션을 독립적으로 개발·배포·확장 가능한 작은 서비스들로 나누어 구성하는 아키텍처 스타일입니다.,473,concept,,0
897,ipe_industrial,1,신규작성,"하나의 애플리케이션의 모든 기능(UI, 비즈니스 로직, 데이터 접근)이 하나의 코드베이스로 통합되어 배포되는 전통적인 아키텍처 스타일은?",마이크로서비스 아키텍처,모놀리식(Monolithic) 아키텍처,서버리스 아키텍처,이벤트 기반 아키텍처,2,모놀리식 아키텍처는 애플리케이션의 모든 기능이 하나의 통합된 코드베이스와 배포 단위로 구성되는 전통적인 아키텍처 방식입니다.,474,concept,,0
898,ipe_industrial,1,신규작성,테스트 레벨(단계)에 대한 설명으로 옳지 않은 것은?,단위 테스트는 개별 모듈이나 함수의 정상 동작을 검증한다.,통합 테스트는 모듈 간 인터페이스와 상호작용의 오류를 검증한다.,시스템 테스트는 통합된 전체 시스템이 요구사항을 만족하는지 검증한다.,인수 테스트는 개발자가 작성한 코드의 문법 오류만 검증한다.,4,"인수 테스트는 실제 사용자(또는 고객)의 요구사항을 만족하는지 확인하는 최종 테스트 단계로, 단순 문법 오류 검증이 아니라 비즈니스 요구 충족 여부를 검증합니다.",475,concept,,0
899,ipe_industrial,1,신규작성,"테스트 대상 프로그램이 호출하는, 아직 개발되지 않은 하위 모듈을 대신하는 더미 모듈로, 상향식 통합 테스트에서 사용되는 것은?",스텁(Stub),드라이버(Driver),목 오브젝트(Mock Object),테스트 슈트,2,"드라이버는 하위 모듈을 호출하는 상위 모듈을 대신하는 테스트용 더미로, 상향식 통합 테스트에서 사용됩니다. 스텁은 반대로 하향식 테스트에서 하위 모듈을 대신합니다.",476,concept,,0
900,ipe_industrial,1,신규작성,"테스트 대상 모듈이 호출하는 하위 모듈을 대신하는 더미 모듈로, 하향식 통합 테스트에서 사용되는 것은?",드라이버(Driver),스텁(Stub),테스트 케이스,테스트 오라클,2,"스텁은 테스트 대상 모듈이 호출하는, 아직 구현되지 않은 하위 모듈을 대신하는 더미 모듈로 하향식 통합 테스트에서 사용됩니다.",477,concept,,0
901,ipe_industrial,1,신규작성,"소스 코드의 가독성과 유지보수성을 높이기 위해, 외부 동작(기능)은 그대로 유지하면서 내부 코드 구조를 개선하는 작업은?",디버깅(Debugging),리팩토링(Refactoring),튜닝(Tuning),마이그레이션(Migration),2,리팩토링은 소프트웨어의 외부 동작(기능)은 바꾸지 않으면서 코드의 내부 구조를 개선해 가독성과 유지보수성을 높이는 작업입니다.,478,concept,,0
902,ipe_industrial,1,신규작성,"프로그램을 실행하지 않고 소스 코드를 분석해 잠재적인 결함(코딩 규칙 위반, 보안 취약점 등)을 찾아내는 도구는?",정적 분석 도구(Static Analysis Tool),동적 분석 도구,성능 테스트 도구,형상 관리 도구,1,"정적 분석 도구는 프로그램을 실행하지 않고 소스 코드 자체를 분석해 코딩 규칙 위반, 잠재적 결함, 보안 취약점 등을 찾아내는 도구입니다.",479,concept,,0
903,ipe_industrial,1,신규작성,"프로그램을 실제로 실행하면서 메모리 누수, 실행 시간 등 런타임 동작을 분석하는 도구는?",정적 분석 도구,동적 분석 도구(Dynamic Analysis Tool),코드 인스펙션 도구,형상 관리 도구,2,"동적 분석 도구는 프로그램을 실제로 실행해 메모리 누수, 실행 시간, 리소스 사용 등 런타임 동작을 분석하는 도구입니다.",480,concept,,0
904,ipe_industrial,1,신규작성,깨끗하고 이해하기 쉬운 코드를 작성하기 위한 클린 코드(Clean Code) 원칙으로 거리가 먼 것은?,의미 있는 이름을 사용한다.,중복 코드를 최소화한다.,함수는 여러 가지 일을 한 번에 처리하도록 크게 작성한다.,가독성을 높이기 위해 적절한 주석과 포맷팅을 사용한다.,3,클린 코드 원칙에서는 함수가 하나의 기능만 수행하도록 작게(단일 책임) 작성하는 것을 권장합니다. 여러 일을 한 번에 처리하도록 크게 만드는 것은 클린 코드 원칙에 어긋납니다.,481,concept,,0
905,ipe_industrial,1,신규작성,"기억장치 배치 전략 중, 프로그램이 들어갈 수 있는 영역 중 가장 크기가 큰 공간에 배치하는 전략은?",최초 적합(First Fit),최적 적합(Best Fit),최악 적합(Worst Fit),다음 적합(Next Fit),3,"최악 적합(Worst Fit)은 가장 큰 빈 공간에 프로그램을 배치하는 전략으로, 배치 후 남는 공간을 최대한 크게 유지하려는 목적을 갖습니다.",482,concept,,0
906,ipe_industrial,1,신규작성,"기억장치 배치 전략 중, 이전에 탐색을 멈춘 위치부터 이어서 적합한 공간을 탐색하는 전략은?",최초 적합,다음 적합(Next Fit),최적 적합,최악 적합,2,"다음 적합(Next Fit)은 최초 적합과 유사하지만, 매번 처음부터 탐색하지 않고 이전에 탐색이 끝난 위치부터 이어서 탐색하는 전략입니다.",483,concept,,0
907,ipe_industrial,1,신규작성,"실행 중인 프로세스를 보조기억장치로 일시적으로 내보내고, 필요할 때 다시 주기억장치로 불러들이는 기법은?",스와핑(Swapping),스풀링,버퍼링,페이징,1,"스와핑은 주기억장치가 부족할 때 프로세스를 통째로 보조기억장치(스왑 영역)로 내보냈다가, 다시 필요할 때 불러들이는 기법입니다.",484,concept,,0
908,ipe_industrial,1,신규작성,"유닉스(UNIX) 명령어 중, 특정 파일의 소유 그룹을 변경할 때 사용하는 명령어는?",chmod,chown,chgrp,ls,3,"chgrp는 파일의 소유 그룹을 변경하는 명령어입니다. chmod는 권한, chown은 소유자를 변경합니다.",485,concept,,0
909,ipe_industrial,1,신규작성,유닉스에서 현재 실행 중인 프로세스 목록을 확인할 때 사용하는 명령어는?,ps,cat,grep,chmod,1,ps(Process Status)는 현재 시스템에서 실행 중인 프로세스 목록을 확인하는 유닉스 명령어입니다.,486,concept,,0
910,ipe_industrial,1,신규작성,유닉스에서 파일이나 문자열 내에서 특정 패턴을 검색할 때 사용하는 명령어는?,grep,ps,kill,cp,1,grep은 파일이나 입력 스트림에서 특정 패턴(문자열)을 검색하는 유닉스 명령어입니다.,487,concept,,0
911,ipe_industrial,1,신규작성,유닉스에서 지정한 프로세스를 강제로 종료시킬 때 사용하는 명령어는?,stop,kill,exit,halt,2,kill 명령어는 지정한 프로세스에 시그널을 보내 종료(또는 다른 제어)시키는 유닉스 명령어입니다.,488,concept,,0
912,ipe_industrial,1,신규작성,소프트웨어 재사용의 효과로 옳지 않은 것은?,개발 생산성이 향상된다.,소프트웨어 품질이 향상된다.,개발 기간과 비용이 단축된다.,항상 새로운 코드를 처음부터 작성해야 하므로 유지보수가 어려워진다.,4,"소프트웨어 재사용은 검증된 기존 모듈을 활용해 새로 개발하는 코드 양을 줄이므로, '처음부터 작성해야 한다'는 설명은 재사용의 효과와 반대됩니다.",489,concept,,0
913,ipe_industrial,1,신규작성,"소프트웨어 재사용 단위 중, 소스 코드 수준에서 특정 기능을 수행하는 하나의 함수나 클래스를 재사용하는 가장 작은 단위는?",컴포넌트 재사용,애플리케이션 재사용,함수와 객체 재사용,패키지 재사용,3,"함수와 객체 재사용은 소스 코드 수준에서 특정 기능을 담당하는 함수나 클래스(객체)를 재사용하는, 재사용 범위 중 가장 작은 단위입니다.",490,concept,,0
914,ipe_industrial,1,신규작성,결함이 있는 하드웨어나 소프트웨어가 있어도 시스템이 정상적으로 동작을 지속할 수 있도록 설계하는 것을 의미하는 용어는?,결함 허용(Fault Tolerance),가용성(Availability),신뢰성(Reliability),이식성(Portability),1,결함 허용(Fault Tolerance)은 시스템 일부에 결함이 발생해도 전체 시스템이 정상적으로 동작을 지속할 수 있도록 설계하는 것을 의미합니다.,491,concept,,0
915,ipe_industrial,1,신규작성,시스템이 특정 기간 동안 정상적으로 작동 가능한 시간의 비율을 의미하는 용어는?,가용성(Availability),이식성,무결성,기밀성,1,가용성은 시스템이 요구될 때 정상적으로 사용 가능한 상태로 유지되는 시간의 비율을 의미합니다.,492,concept,,0
916,ipe_industrial,1,신규작성,"정보 보안의 3대 요소 중, 인가된 사용자만 정보에 접근할 수 있도록 하는 성질은?",기밀성(Confidentiality),무결성,가용성,부인방지,1,기밀성은 인가된 사용자만 정보에 접근할 수 있도록 보장하는 정보보안의 3대 요소 중 하나입니다.,493,concept,,0
917,ipe_industrial,1,신규작성,본인이 행한 행위나 거래를 나중에 부인할 수 없도록 증거를 남기는 정보보안 특성은?,기밀성,무결성,부인방지(Non-repudiation),가용성,3,부인방지는 송수신자가 자신이 행한 통신이나 거래 사실을 나중에 부인하지 못하도록 증거를 제공하는 보안 특성입니다.,494,concept,,0
918,ipe_industrial,1,신규작성,"인증 방식 중, 사용자가 알고 있는 지식(비밀번호), 소유하고 있는 것(OTP 등), 고유한 신체적 특징(지문 등) 중 두 가지 이상을 조합해 인증하는 방식은?",단일 인증(Single Factor Authentication),다중 요소 인증(Multi-Factor Authentication),생체 인증,싱글 사인온(SSO),2,다중 요소 인증(MFA)은 지식·소유·생체 등 서로 다른 유형의 인증 요소를 두 가지 이상 조합해 보안을 강화하는 인증 방식입니다.,495,concept,,0
919,ipe_industrial,1,신규작성,한 번의 로그인으로 여러 개의 연계된 시스템에 재인증 없이 접근할 수 있도록 하는 인증 체계는?,SSO(Single Sign-On),MFA,OTP,CAPTCHA,1,SSO(Single Sign-On)는 한 번의 로그인으로 여러 연계 시스템에 별도 재인증 없이 접근할 수 있게 해주는 통합 인증 체계입니다.,496,concept,,0
920,ipe_industrial,1,신규작성,"악성코드 중, 사용자 파일을 암호화한 뒤 이를 복구해주는 대가로 금전을 요구하는 유형은?",웜(Worm),트로이 목마(Trojan Horse),랜섬웨어(Ransomware),스파이웨어,3,"랜섬웨어는 사용자의 파일을 암호화해 접근을 막고, 이를 복구해주는 대가로 금전(몸값)을 요구하는 악성코드입니다.",497,concept,,0
921,ipe_industrial,1,신규작성,"정상적인 프로그램으로 위장해 사용자 시스템에 설치된 뒤, 사용자가 모르게 악의적인 기능을 수행하는 악성코드 유형은?",웜(Worm),트로이 목마(Trojan Horse),랜섬웨어,매크로 바이러스,2,"트로이 목마는 정상 프로그램으로 위장해 시스템에 설치된 후, 사용자 모르게 백도어 개설이나 정보 유출 등 악의적 기능을 수행하는 악성코드입니다.",498,concept,,0
922,ipe_industrial,1,신규작성,"네트워크를 통해 스스로 복제되어 다른 시스템으로 자율적으로 전파되며, 별도의 숙주 파일 없이도 독립적으로 실행되는 악성코드는?",웜(Worm),바이러스(Virus),트로이 목마,루트킷,1,"웜은 숙주 파일에 기생하지 않고 독립적으로 실행되며, 네트워크를 통해 스스로 복제·전파되는 악성코드입니다. 바이러스는 숙주 파일에 기생해 함께 실행되어야 동작합니다.",499,concept,,0
923,ipe_industrial,1,신규작성,사용자를 속여 정상 웹사이트로 위장한 가짜 사이트로 접속을 유도해 개인정보를 탈취하는 공격 기법은?,피싱(Phishing),스니핑,DDoS,버퍼 오버플로우,1,피싱은 신뢰할 수 있는 기관을 사칭한 가짜 웹사이트나 이메일로 사용자를 속여 개인정보를 탈취하는 사회공학적 공격 기법입니다.,500,concept,,0
924,ipe_industrial,1,신규작성,DNS 서버의 정보를 조작해 사용자가 정상 도메인 주소를 입력해도 가짜 사이트로 연결되도록 유도하는 공격은?,피싱,파밍(Pharming),스미싱,스니핑,2,"파밍은 DNS 정보를 조작하거나 호스트 파일을 변조해, 사용자가 정확한 주소를 입력해도 가짜 사이트로 연결되도록 유도하는 공격입니다.",501,concept,,0
925,ipe_industrial,1,신규작성,SQL 인젝션(SQL Injection) 공격에 대한 설명으로 옳은 것은?,네트워크 트래픽을 도청하는 공격이다.,입력 값에 조작된 SQL 구문을 삽입해 데이터베이스를 비정상적으로 조작하는 공격이다.,다수의 트래픽으로 서버를 마비시키는 공격이다.,가짜 무선 AP를 이용한 공격이다.,2,SQL 인젝션은 사용자 입력 값에 악의적인 SQL 구문을 삽입해 데이터베이스를 비정상적으로 조회·조작·삭제하는 웹 애플리케이션 공격 기법입니다.,502,concept,,0
926,ipe_industrial,1,신규작성,"허용된 버퍼 크기를 초과하는 데이터를 입력해 프로그램의 메모리 영역을 침범, 시스템을 오작동시키거나 악성코드를 실행시키는 공격 기법은?",버퍼 오버플로우(Buffer Overflow),크로스사이트 스크립팅(XSS),세션 하이재킹,레이스 컨디션,1,"버퍼 오버플로우는 할당된 버퍼 크기를 초과하는 데이터를 입력해 인접 메모리 영역을 침범시키는 공격으로, 시스템 오작동이나 임의 코드 실행으로 이어질 수 있습니다.",503,concept,,0
927,ipe_industrial,1,신규작성,정상 사용자의 세션 정보를 탈취해 그 사용자인 것처럼 위장해 시스템에 접근하는 공격 기법은?,세션 하이재킹(Session Hijacking),피싱,스미싱,랜섬웨어,1,세션 하이재킹은 정상 사용자의 세션 정보(세션 ID 등)를 가로채 그 사용자로 위장해 시스템에 접근하는 공격 기법입니다.,504,concept,,0
928,ipe_industrial,1,신규작성,"보안 3요소 외에 추가로 고려되는 정보보안 목표 중, 시스템이나 정보에 대한 접근이 정당한 사용자에게만 허용되는지를 판별하는 과정은?",인증(Authentication),부인방지,가용성,책임추적성,1,인증은 시스템에 접근하려는 사용자가 정당한 사용자인지 확인하는 절차입니다.,505,concept,,0
929,ipe_industrial,1,신규작성,시스템에서 발생한 사건(행위)의 주체를 명확히 추적할 수 있도록 하는 정보보안 특성은?,책임 추적성(Accountability),기밀성,무결성,인증,1,"책임 추적성은 시스템에서 발생한 행위(접근, 변경 등)의 주체를 명확히 추적할 수 있도록 하는 보안 특성입니다.",506,concept,,0
930,ipe_industrial,1,신규작성,OSI 참조 모델의 목적으로 옳지 않은 것은?,서로 다른 시스템 간의 통신을 위한 표준을 제공한다.,네트워크 기능을 계층별로 분리해 설계를 단순화한다.,각 계층은 하위 계층의 서비스를 이용하고 상위 계층에 서비스를 제공한다.,모든 통신은 반드시 7개 계층을 순서대로 직접 통과해야 한다는 물리적 제약을 규정한다.,4,"OSI 7계층은 통신 기능을 논리적으로 계층화한 참조 모델이며, 실제 구현에서 모든 계층을 반드시 물리적으로 통과해야 한다는 제약을 규정하는 것이 목적은 아닙니다.",507,concept,,0
931,ipe_industrial,1,신규작성,TCP/IP 프로토콜 스택은 몇 개의 계층으로 구성되는가?,3계층,4계층,5계층,7계층,2,"TCP/IP는 네트워크 액세스, 인터넷, 전송, 응용 계층의 4계층으로 구성됩니다(OSI 7계층은 이 4계층에 대응하는 더 세분화된 모델입니다).",508,concept,,0
932,ipe_industrial,1,신규작성,"TCP/IP 계층 중 IP, ICMP, ARP가 속하는 계층은?",네트워크 액세스 계층,인터넷 계층,전송 계층,응용 계층,2,"IP, ICMP, ARP는 TCP/IP의 인터넷 계층에 속하는 프로토콜입니다.",509,concept,,0
933,ipe_industrial,1,신규작성,"TCP/IP 계층 중 FTP, HTTP, SMTP, Telnet이 속하는 계층은?",네트워크 액세스 계층,인터넷 계층,전송 계층,응용 계층,4,"FTP, HTTP, SMTP, Telnet은 사용자와 직접 상호작용하는 TCP/IP의 응용 계층 프로토콜입니다.",510,concept,,0
934,ipe_industrial,1,신규작성,"소프트웨어 개발 방법론 중, 강력한 요구사항 관리와 반복적 개발을 강조하며 UML을 기반으로 하는, Rational사가 제안한 방법론은?",RUP(Rational Unified Process),XP,스크럼,칸반,1,"RUP는 UML을 기반으로 요구사항 관리, 아키텍처 중심, 반복적·점진적 개발을 강조하는 소프트웨어 개발 프로세스입니다.",511,concept,,0
935,ipe_industrial,1,신규작성,"소프트웨어 개발 방법론 중, 컴포넌트 기반 개발(CBD)의 특징으로 옳은 것은?",처음부터 모든 코드를 새로 작성해야 한다.,재사용 가능한 컴포넌트를 조합해 시스템을 구축해 개발 생산성과 품질을 높인다.,요구사항 변경을 전혀 허용하지 않는다.,테스트를 전혀 수행하지 않아도 된다.,2,CBD(Component Based Development)는 재사용 가능한 소프트웨어 컴포넌트를 조합해 시스템을 구축함으로써 개발 생산성과 품질을 높이는 개발 방법론입니다.,512,concept,,0
936,ipe_industrial,1,신규작성,"애플리케이션 성능 측정 지표 중, 시스템이 단위 시간당 처리할 수 있는 작업량을 의미하는 것은?",처리량(Throughput),응답시간(Response Time),가용성,사용률(Utilization),1,처리량은 시스템이 단위 시간당 처리할 수 있는 작업(트랜잭션)의 양을 나타내는 성능 지표입니다.,513,concept,,0
937,ipe_industrial,1,신규작성,"애플리케이션 성능 측정 지표 중, 사용자가 요청을 보낸 후 응답을 받기까지 걸리는 시간을 의미하는 것은?",처리량,응답시간(Response Time),자원 사용률,가용성,2,응답시간은 사용자가 요청을 전송한 시점부터 그에 대한 응답을 받을 때까지 걸리는 시간을 의미하는 성능 지표입니다.,514,concept,,0
938,ipe_industrial,1,신규작성,시스템 성능을 테스트하기 위해 다수의 가상 사용자를 동시에 발생시켜 부하를 가하는 테스트를 무엇이라 하는가?,단위 테스트,부하 테스트(Load Test),회귀 테스트,알파 테스트,2,부하 테스트는 다수의 가상 사용자나 트랜잭션을 발생시켜 시스템이 예상 부하를 견딜 수 있는지 검증하는 성능 테스트입니다.,515,concept,,0
939,ipe_industrial,1,신규작성,시스템이 감당할 수 있는 한계를 넘어서는 부하를 가해 시스템이 어느 시점에서 장애를 일으키는지 확인하는 테스트는?,부하 테스트,강도 테스트(Stress Test),회귀 테스트,탐색적 테스트,2,"강도(스트레스) 테스트는 시스템의 한계를 초과하는 부하를 가해 시스템이 어느 시점에서, 어떻게 실패하는지를 확인하는 테스트입니다.",516,concept,,0
940,ipe_industrial,1,신규작성,"컴퓨터의 기본 구성 요소 중, 산술 연산과 논리 연산을 수행하는 장치는?",제어장치(Control Unit),연산장치(ALU),레지스터,기억장치,2,"연산장치(ALU, Arithmetic Logic Unit)는 산술 연산과 논리 연산을 수행하는 CPU 내부 구성 요소입니다.",517,concept,,0
941,ipe_industrial,1,신규작성,"컴퓨터의 기본 구성 요소 중, 명령어를 해석하고 각 장치에 제어 신호를 보내 동작을 지시하는 장치는?",연산장치,제어장치(Control Unit),주기억장치,입출력장치,2,"제어장치는 명령어를 읽어 해석하고, 각 장치에 필요한 제어 신호를 보내 동작을 지시하는 CPU 내부 구성 요소입니다.",518,concept,,0
942,ipe_industrial,1,신규작성,"CPU 내부에서 데이터나 주소를 임시로 저장하는, 가장 빠른 속도를 가진 기억장치는?",레지스터(Register),캐시 메모리,주기억장치,보조기억장치,1,"레지스터는 CPU 내부에 위치해 데이터나 주소를 임시 저장하는, 기억장치 계층 중 가장 빠른 속도를 갖는 장치입니다.",519,concept,,0
943,ipe_industrial,1,신규작성,CPU와 주기억장치 사이의 속도 차이를 줄이기 위해 자주 사용하는 데이터를 미리 저장해두는 고속의 임시 기억장치는?,레지스터,캐시 메모리(Cache Memory),가상기억장치,플래시 메모리,2,캐시 메모리는 CPU와 상대적으로 느린 주기억장치 사이의 속도 차이를 줄이기 위해 자주 사용되는 데이터를 임시 저장하는 고속 기억장치입니다.,520,concept,,0
944,ipe_industrial,1,신규작성,"명령어 파이프라이닝을 방해하는 요인 중, 분기 명령어로 인해 다음에 실행할 명령어를 미리 알 수 없어 발생하는 지연은?",데이터 해저드,제어 해저드(Control Hazard),구조적 해저드,자원 해저드,2,제어 해저드는 조건 분기 명령어의 결과가 결정되기 전까지 다음에 실행할 명령어를 알 수 없어 발생하는 파이프라인 지연입니다.,521,concept,,0
945,ipe_industrial,1,신규작성,여러 명령어가 동시에 동일한 하드웨어 자원(연산장치 등)을 사용하려고 할 때 발생하는 파이프라인 지연은?,데이터 해저드,제어 해저드,구조적 해저드(Structural Hazard),논리적 해저드,3,구조적 해저드는 여러 명령어가 동시에 동일한 하드웨어 자원을 사용하려고 할 때 자원 부족으로 발생하는 파이프라인 지연입니다.,522,concept,,0
946,ipe_industrial,1,신규작성,RISC(Reduced Instruction Set Computer)에 대한 설명으로 옳은 것은?,명령어의 종류가 많고 복잡한 연산을 하나의 명령어로 수행한다.,명령어의 종류를 단순화하고 개수를 줄여 처리 속도를 높인다.,마이크로코드로 모든 명령어를 구현하는 것이 특징이다.,CISC보다 항상 명령어 길이가 길고 복잡하다.,2,RISC는 명령어의 종류를 단순화하고 수를 줄여 각 명령어의 실행 속도를 빠르게 하는 프로세서 설계 방식입니다. CISC는 반대로 복잡하고 다양한 명령어를 지원합니다.,523,concept,,0
947,ipe_industrial,1,신규작성,CISC(Complex Instruction Set Computer)의 특징으로 옳은 것은?,명령어 종류가 적고 단순하다.,복잡하고 다양한 명령어를 지원해 프로그래밍이 상대적으로 용이하다.,모든 명령어의 실행 시간이 동일하게 고정되어 있다.,레지스터 수가 RISC보다 항상 많다.,2,CISC는 다양하고 복잡한 명령어를 지원해 복잡한 연산을 적은 수의 명령어로 처리할 수 있어 프로그래밍이 상대적으로 용이한 것이 특징입니다.,524,concept,,0
948,ipe_industrial,1,신규작성,"요구공학에서, 요구사항이 시스템의 다른 요구사항과 모순되지 않아야 한다는 품질 특성은?",완전성,일관성(Consistency),명확성,추적성,2,일관성은 하나의 요구사항이 다른 요구사항과 서로 모순되지 않아야 한다는 요구사항의 품질 특성입니다.,525,concept,,0
949,ipe_industrial,1,신규작성,"소프트웨어 유지보수 유형 중, 사용자의 요구로 새로운 기능을 추가하기 위해 수행하는 유지보수는?",수정 유지보수(Corrective),적응 유지보수(Adaptive),완전 유지보수(Perfective),예방 유지보수(Preventive),3,완전(향상) 유지보수는 기존 결함 수정이 아니라 사용자의 요구로 새로운 기능을 추가하거나 성능을 개선하기 위해 수행하는 유지보수입니다.,526,concept,,0
950,ipe_industrial,1,신규작성,"소프트웨어 유지보수 유형 중, 운영체제나 하드웨어 등 환경 변화에 소프트웨어가 계속 적응할 수 있도록 수정하는 유지보수는?",수정 유지보수,적응 유지보수(Adaptive),완전 유지보수,예방 유지보수,2,"적응 유지보수는 운영체제, 하드웨어 등 시스템 환경의 변화에 소프트웨어가 계속 대응할 수 있도록 수정하는 유지보수입니다.",527,concept,,0
951,ipe_industrial,1,신규작성,"소프트웨어 유지보수 유형 중, 미래에 발생할 수 있는 문제를 사전에 방지하기 위해 수행하는 유지보수는?",수정 유지보수,적응 유지보수,완전 유지보수,예방 유지보수(Preventive),4,예방 유지보수는 향후 발생 가능한 문제를 사전에 방지하기 위해 수행하는 유지보수 활동입니다.,528,concept,,0
952,ipe_industrial,1,신규작성,"실시간 시스템에서, 정해진 시간(데드라인) 내에 반드시 작업을 완료해야 하며 이를 어기면 치명적인 결과를 초래하는 시스템은?",연성 실시간 시스템(Soft Real-Time),경성 실시간 시스템(Hard Real-Time),일괄 처리 시스템,대화형 시스템,2,"경성 실시간 시스템은 정해진 데드라인을 반드시 지켜야 하며, 이를 지키지 못하면 시스템에 치명적인 결과가 발생하는 시스템입니다(예: 항공기 제어 시스템).",529,concept,,0
953,ipe_industrial,1,신규작성,"다음 중 클라우드 컴퓨팅 서비스 모델에서 사용자가 인프라(서버, 스토리지, 네트워크)만 빌려 쓰고 운영체제·소프트웨어는 직접 설치·관리하는 모델은?",IaaS(Infrastructure as a Service),PaaS,SaaS,FaaS,1,"IaaS는 서버, 스토리지, 네트워크 같은 인프라 자원만 서비스로 제공하며, 운영체제와 소프트웨어는 사용자가 직접 설치·관리하는 클라우드 서비스 모델입니다.",530,concept,,0
954,ipe_industrial,1,신규작성,이미 완성되어 배포된 소프트웨어 애플리케이션을 인터넷을 통해 사용자가 바로 이용할 수 있도록 제공하는 클라우드 서비스 모델은?,IaaS,PaaS,SaaS(Software as a Service),DBaaS,3,"SaaS는 완성된 소프트웨어를 인터넷을 통해 바로 이용할 수 있도록 제공하는 클라우드 서비스 모델로, 이메일 서비스나 웹 오피스가 대표적입니다.",531,concept,,0
955,ipe_industrial,1,신규작성,빅데이터의 특징을 나타내는 3V에 해당하지 않는 것은?,Volume(양),Velocity(속도),Variety(다양성),Value(가치),4,"빅데이터의 전통적인 3V는 Volume(데이터 양), Velocity(생성·처리 속도), Variety(데이터 다양성)입니다. Value(가치)는 이후 확장된 개념(4V, 5V)에서 추가되는 특성입니다.",532,concept,,0
956,ipe_industrial,1,신규작성,"대량의 데이터를 분산 저장하고 병렬로 처리하기 위한 프레임워크로, 맵리듀스(MapReduce) 방식을 기반으로 하는 오픈소스 플랫폼은?",Hadoop,Docker,Kubernetes,Git,1,Hadoop은 대량의 데이터를 여러 노드에 분산 저장(HDFS)하고 맵리듀스 방식으로 병렬 처리하는 대표적인 빅데이터 오픈소스 프레임워크입니다.,533,concept,,0
957,ipe_industrial,1,신규작성,애플리케이션과 그 실행에 필요한 라이브러리·환경을 하나의 격리된 단위(컨테이너)로 패키징해 어디서나 동일하게 실행할 수 있게 해주는 기술은?,가상머신(VM),컨테이너(Container) 기술,RAID,클러스터링,2,컨테이너 기술(대표적으로 Docker)은 애플리케이션과 실행 환경을 하나의 격리된 단위로 패키징해 어느 환경에서나 동일하게 실행할 수 있게 해주는 경량 가상화 기술입니다.,534,concept,,0
958,ipe_industrial,1,신규작성,다수의 컨테이너를 자동으로 배포·확장·관리해주는 오픈소스 오케스트레이션 도구는?,Kubernetes(쿠버네티스),Jenkins,Git,Ansible,1,"쿠버네티스는 다수의 컨테이너를 자동으로 배포, 확장, 관리해주는 대표적인 컨테이너 오케스트레이션 도구입니다.",535,concept,,0
959,ipe_industrial,1,신규작성,"소프트웨어 개발에서, 코드 변경 사항을 자동으로 빌드하고 테스트해 공유 저장소에 지속적으로 통합하는 개발 관행은?","지속적 통합(Continuous Integration, CI)","지속적 배포(Continuous Deployment, CD)",형상 관리,정적 분석,1,"지속적 통합(CI)은 개발자들이 코드 변경 사항을 자주 공유 저장소에 통합하고, 그때마다 자동으로 빌드·테스트를 수행하는 개발 관행입니다.",536,concept,,0
960,ipe_industrial,1,신규작성,CI를 통해 빌드·테스트를 통과한 코드를 자동으로 운영 환경까지 배포하는 개발 관행은?,지속적 통합,"지속적 배포(Continuous Deployment, CD)",형상 감사,회귀 테스트,2,지속적 배포는 CI를 통과한 코드 변경 사항을 자동화된 파이프라인을 통해 운영 환경까지 자동으로 배포하는 개발 관행입니다.,537,concept,,0
961,ipe_industrial,1,신규작성,협업 개발을 위한 대표적인 분산 버전 관리 시스템(DVCS)은?,Git,SVN(Subversion),CVS,FTP,1,Git은 각 개발자가 저장소의 전체 이력을 로컬에 보유하는 대표적인 분산 버전 관리 시스템(DVCS)입니다. SVN과 CVS는 중앙집중형 버전 관리 시스템입니다.,538,concept,,0
962,ipe_industrial,1,신규작성,"버전 관리 시스템에서, 저장소의 특정 시점을 기준으로 독립적인 개발 흐름을 만들어 다른 브랜치에 영향을 주지 않고 작업할 수 있게 하는 기능은?",커밋(Commit),브랜치(Branch),머지(Merge),체크아웃(Checkout),2,"브랜치는 저장소의 특정 시점에서 독립된 개발 흐름을 만들어, 다른 브랜치(주로 메인 라인)에 영향을 주지 않고 작업할 수 있게 하는 버전 관리 기능입니다.",539,concept,,0
963,ipe_industrial,1,신규작성,서로 다른 브랜치에서 이루어진 변경 사항을 하나로 합치는 버전 관리 작업은?,브랜치,머지(Merge),클론(Clone),체크아웃,2,머지는 서로 다른 브랜치에서 이루어진 변경 사항을 하나의 브랜치로 합치는 버전 관리 작업입니다.,540,concept,,0
964,ipe_industrial,1,신규작성,"소프트웨어 개발에서 서버가 없어도 되는 것처럼, 인프라 관리 없이 이벤트에 반응해 코드가 실행되고 실행된 만큼만 비용을 지불하는 컴퓨팅 모델은?",서버리스(Serverless) 컴퓨팅,온프레미스 컴퓨팅,그리드 컴퓨팅,엣지 컴퓨팅,1,"서버리스 컴퓨팅은 개발자가 서버 인프라를 직접 관리하지 않고, 이벤트에 반응해 코드(함수)가 실행되며 실행된 만큼만 비용을 지불하는 컴퓨팅 모델입니다.",541,concept,,0
965,ipe_industrial,1,신규작성,데이터 처리를 중앙 서버가 아닌 데이터가 발생하는 위치(단말) 근처에서 수행해 지연 시간을 줄이는 컴퓨팅 방식은?,클라우드 컴퓨팅,엣지 컴퓨팅(Edge Computing),그리드 컴퓨팅,유틸리티 컴퓨팅,2,"엣지 컴퓨팅은 데이터가 발생하는 위치(네트워크 엣지, 단말 근처)에서 데이터를 처리해 클라우드까지의 왕복 지연 시간을 줄이는 컴퓨팅 방식입니다.",542,concept,,0
966,ipe_industrial,2,신규작성,C언어에서 실행 중에 필요한 만큼 메모리를 동적으로 할당받기 위해 사용하는 함수는?,free(),malloc(),sizeof(),static(),2,malloc()은 실행 중에 힙(Heap) 영역에서 필요한 크기만큼 메모리를 동적으로 할당받는 C 표준 함수입니다.,543,concept,,0
967,ipe_industrial,2,신규작성,C언어에서 동적으로 할당받은 메모리를 더 이상 사용하지 않을 때 해제하기 위해 사용하는 함수는?,malloc(),calloc(),free(),realloc(),3,free()는 malloc() 등으로 동적 할당받은 메모리를 해제해 운영체제에 반환하는 함수입니다.,544,concept,,0
968,ipe_industrial,2,신규작성,"C언어에서 포인터를 가리키는 포인터, 즉 포인터의 주소를 저장하는 변수를 선언할 때 사용하는 것은?",int *p;,int **p;,int &p;,int p[];,2,int **p;는 포인터를 가리키는 포인터(이중 포인터)를 선언하는 문법입니다.,545,concept,,0
969,ipe_industrial,2,신규작성,C언어에서 구조체(struct)에 대한 설명으로 옳지 않은 것은?,서로 다른 자료형의 변수들을 하나로 묶어 새로운 자료형을 정의할 수 있다.,구조체 멤버는 점(.) 연산자로 접근한다.,구조체 포인터를 통해 멤버에 접근할 때는 화살표(->) 연산자를 사용할 수 있다.,구조체는 반드시 동일한 자료형의 멤버만 가질 수 있다.,4,구조체는 서로 다른 자료형의 변수(멤버)들을 하나로 묶어 새로운 자료형처럼 사용할 수 있는 기능입니다. 동일한 자료형만 가져야 한다는 제약은 없습니다.,546,concept,,0
970,ipe_industrial,2,신규작성,"C언어에서 여러 개의 변수가 같은 메모리 공간을 공유하며, 한 번에 하나의 멤버만 값을 가질 수 있는 자료형은?",구조체(struct),공용체(union),열거형(enum),배열(array),2,"공용체(union)는 여러 멤버가 동일한 메모리 공간을 공유하는 자료형으로, 메모리 사용량은 가장 큰 멤버의 크기만큼만 차지합니다.",547,concept,,0
971,ipe_industrial,2,신규작성,"C언어 문자열 처리 함수 중, 두 문자열을 이어붙이는(연결하는) 함수는?",strcpy(),strcat(),strcmp(),strlen(),2,strcat()은 두 번째 문자열을 첫 번째 문자열의 끝에 이어붙이는(연결하는) 함수입니다.,548,concept,,0
972,ipe_industrial,2,신규작성,"C언어 문자열 처리 함수 중, 두 문자열을 비교해 같으면 0을 반환하는 함수는?",strcpy(),strcat(),strcmp(),strncat(),3,"strcmp()는 두 문자열을 사전순으로 비교해 같으면 0, 다르면 0이 아닌 값을 반환하는 함수입니다.",549,concept,,0
973,ipe_industrial,2,신규작성,C언어에서 한 문자열을 다른 문자열 변수에 복사할 때 사용하는 함수는?,strcpy(),strcat(),strcmp(),strchr(),1,strcpy()는 소스 문자열을 목적지 문자열 변수로 복사하는 함수입니다.,550,concept,,0
974,ipe_industrial,2,신규작성,Java에서 부모 클래스의 메소드를 자식 클래스에서 다시 정의해 동작을 재구현하는 것을 무엇이라 하는가?,오버로딩(Overloading),오버라이딩(Overriding),캡슐화,인스턴스화,2,오버라이딩은 상속받은 부모 클래스의 메소드를 자식 클래스에서 동일한 시그니처로 재정의하는 것입니다.,551,concept,,0
975,ipe_industrial,2,신규작성,Java에서 하나의 클래스 안에 이름은 같지만 매개변수의 개수나 자료형이 다른 메소드를 여러 개 정의하는 것을 무엇이라 하는가?,오버라이딩(Overriding),오버로딩(Overloading),인터페이스,상속,2,오버로딩은 같은 이름의 메소드를 매개변수의 개수나 타입을 다르게 하여 여러 개 정의하는 것입니다.,552,concept,,0
976,ipe_industrial,2,신규작성,Java에서 클래스가 다른 클래스를 상속받지 않고도 여러 개의 타입을 구현(implements)할 수 있도록 메소드의 명세만을 정의하는 것은?,클래스(Class),인터페이스(Interface),패키지(Package),어노테이션,2,"인터페이스는 메소드의 이름과 시그니처만 정의하고 구현은 하지 않는 명세로, 클래스는 여러 개의 인터페이스를 구현(implements)할 수 있습니다.",553,concept,,0
977,ipe_industrial,2,신규작성,"Java에서 실행 중 예외가 발생할 가능성이 있는 코드를 감싸고, 예외 발생 시 실행할 처리 코드를 작성하는 블록은?",if~else,try~catch,for~each,switch~case,2,"try~catch 블록은 예외가 발생할 수 있는 코드를 try에 작성하고, 예외 발생 시 실행할 처리를 catch에 작성하는 Java의 예외 처리 구문입니다.",554,concept,,0
978,ipe_industrial,2,신규작성,Java에서 예외 발생 여부와 관계없이 항상 실행되어야 하는 코드를 작성하는 블록은?,catch,finally,throw,throws,2,"finally 블록은 예외 발생 여부와 상관없이 항상 실행되는 코드를 작성하는 블록으로, 자원 해제 등에 주로 사용됩니다.",555,concept,,0
979,ipe_industrial,2,신규작성,"Java의 메소드 선언부에서, 해당 메소드가 특정 예외를 발생시킬 수 있음을 명시할 때 사용하는 키워드는?",throw,throws,try,catch,2,throws는 메소드 선언부에서 해당 메소드가 호출자에게 던질 수 있는 예외를 명시하는 키워드입니다.,556,concept,,0
980,ipe_industrial,2,신규작성,"Java의 접근 제어자 중, 같은 패키지 내에서만 접근을 허용하는(명시하지 않았을 때의 기본값) 것은?",public,private,protected,default(package-private),4,"접근 제어자를 명시하지 않으면 default(package-private)로, 같은 패키지 내에서만 접근이 허용됩니다.",557,concept,,0
981,ipe_industrial,2,신규작성,"Java의 접근 제어자 중, 어떤 클래스에서도 접근할 수 없도록 제한해 해당 클래스 내부에서만 사용할 수 있게 하는 것은?",public,private,protected,default,2,private은 선언된 클래스 내부에서만 접근할 수 있도록 가장 강하게 제한하는 접근 제어자입니다.,558,concept,,0
982,ipe_industrial,2,신규작성,자료형과 관계없이 다양한 타입의 데이터를 다룰 수 있도록 컴파일 시점에 타입을 검사하게 해주는 Java의 기능은?,제네릭(Generic),람다식(Lambda),어노테이션,리플렉션,1,"제네릭은 클래스나 메소드에서 사용할 자료형을 컴파일 시점에 매개변수처럼 지정할 수 있게 해, 타입 안정성을 높이는 기능입니다.",559,concept,,0
983,ipe_industrial,2,신규작성,"정렬 알고리즘 중, 최선의 경우와 평균, 최악의 경우 모두 시간 복잡도가 O(n log n)으로 안정적인 것은?",버블 정렬,선택 정렬,삽입 정렬,병합 정렬(Merge Sort),4,병합 정렬은 분할 정복 방식으로 동작해 최선·평균·최악의 경우 모두 O(n log n)의 시간 복잡도를 가지는 안정적인 정렬 알고리즘입니다.,560,concept,,0
984,ipe_industrial,2,신규작성,"정렬 알고리즘 중, 기준값(피벗)을 정해 그보다 작은 값과 큰 값으로 분할해 정렬하는, 평균적으로 빠르지만 최악의 경우 O(n²)이 될 수 있는 알고리즘은?",퀵 정렬(Quick Sort),병합 정렬,힙 정렬,기수 정렬,1,"퀵 정렬은 피벗을 기준으로 분할해 정렬하는 알고리즘으로 평균 시간복잡도는 O(n log n)이지만, 피벗 선택이 나쁠 경우 최악은 O(n²)이 될 수 있습니다.",561,concept,,0
985,ipe_industrial,2,신규작성,"정렬 알고리즘 중, 완전 이진 트리 구조인 힙(Heap)을 이용해 최댓값(또는 최솟값)을 반복적으로 꺼내 정렬하는 알고리즘은?",힙 정렬(Heap Sort),버블 정렬,삽입 정렬,선택 정렬,1,"힙 정렬은 힙(완전 이진 트리) 자료구조를 구성한 뒤, 루트(최댓값 또는 최솟값)를 반복적으로 꺼내어 정렬하는 알고리즘으로 시간복잡도는 O(n log n)입니다.",562,concept,,0
986,ipe_industrial,2,신규작성,알고리즘의 시간 복잡도를 입력 크기에 따른 실행 시간의 증가 추세로 표현하는 표기법은?,빅오 표기법(Big-O Notation),이진 표기법,정규 표현식,해시 함수,1,빅오 표기법은 입력 크기가 커질 때 알고리즘의 실행 시간(또는 공간)이 증가하는 추세를 표현하는 점근적 표기법입니다.,563,concept,,0
987,ipe_industrial,2,신규작성,"이진 검색(Binary Search) 알고리즘의 시간 복잡도로 옳은 것은? (단, 정렬된 배열을 대상으로 한다.)",O(1),O(log n),O(n),O(n²),2,이진 검색은 매번 탐색 범위를 절반씩 줄여나가므로 시간 복잡도가 O(log n)입니다.,564,concept,,0
988,ipe_industrial,2,신규작성,자기 자신을 다시 호출하는 방식으로 문제를 해결하는 함수 정의 방식은?,재귀 함수(Recursive Function),콜백 함수,익명 함수,고차 함수,1,재귀 함수는 함수 내부에서 자기 자신을 다시 호출해 문제를 더 작은 단위로 나누어 해결하는 함수 정의 방식입니다.,565,concept,,0
989,ipe_industrial,2,신규작성,Python의 리스트 컴프리헨션(List Comprehension)에 대한 설명으로 옳은 것은?,반복문 없이 간결한 문법으로 리스트를 생성할 수 있게 해주는 기능이다.,리스트를 정렬하는 함수이다.,리스트를 딕셔너리로 변환하는 함수이다.,리스트의 크기를 압축하는 함수이다.,1,"리스트 컴프리헨션은 [식 for 변수 in 반복가능객체] 형태로, 반복문을 명시적으로 쓰지 않고도 간결하게 리스트를 생성할 수 있는 Python 문법입니다.",566,concept,,0
990,ipe_industrial,2,신규작성,Python 딕셔너리(dict)에서 특정 키가 존재하는지 확인하기 위해 사용하는 연산자는?,in,is,==,and,1,in 연산자는 Python에서 딕셔너리(또는 리스트 등)에 특정 키(요소)가 존재하는지 확인할 때 사용합니다.,567,concept,,0
991,ipe_industrial,2,신규작성,Python에서 함수를 호출할 때 매개변수의 이름을 명시해 값을 전달하는 방식은?,위치 인자(Positional Argument),키워드 인자(Keyword Argument),가변 인자,기본 인자,2,"키워드 인자는 함수 호출 시 매개변수 이름을 지정해 값을 전달하는 방식(예: func(name='value'))으로, 인자의 순서에 상관없이 전달할 수 있습니다.",568,concept,,0
992,ipe_industrial,2,신규작성,Python에서 여러 개의 값을 전달받되 개수가 정해지지 않은 매개변수를 정의할 때 사용하는 문법은?,*args,&args,#args,%args,1,*args는 Python 함수에서 개수가 정해지지 않은 여러 개의 위치 인자를 튜플 형태로 받을 수 있게 해주는 가변 인자 문법입니다.,569,concept,,0
993,ipe_industrial,2,신규작성,Python에서 예외가 발생했을 때 이를 처리하기 위해 사용하는 구문은?,if~else,try~except,for~in,with~as,2,Python은 try~except 구문을 사용해 예외 발생 시 이를 처리(핸들링)합니다.,570,concept,,0
994,ipe_industrial,2,신규작성,Python 클래스에서 부모 클래스의 생성자나 메소드를 자식 클래스에서 호출할 때 사용하는 내장 함수는?,self(),super(),parent(),base(),2,super()는 Python 클래스에서 부모(상위) 클래스의 메소드나 생성자를 호출할 때 사용하는 내장 함수입니다.,571,concept,,0
995,ipe_industrial,2,신규작성,Python에서 클래스 내부에 정의되어 객체가 생성될 때 자동으로 호출되는 초기화 메소드는?,__str__(),__init__(),__len__(),__del__(),2,__init__()은 Python에서 객체가 생성될 때 자동으로 호출되어 초기화를 수행하는 특수(매직) 메소드입니다.,572,concept,,0
996,ipe_industrial,2,신규작성,"웹 페이지에서 CSS를 이용해 요소의 콘텐츠, 패딩, 테두리, 마진을 표현하는 개념은?",박스 모델(Box Model),플렉스박스(Flexbox),그리드(Grid),포지셔닝(Positioning),1,"CSS 박스 모델은 모든 HTML 요소를 콘텐츠(content), 패딩(padding), 테두리(border), 마진(margin)으로 구성된 사각형 박스로 취급하는 개념입니다.",573,concept,,0
997,ipe_industrial,2,신규작성,CSS에서 요소를 가로·세로 방향으로 유연하게 배치하고 정렬하기 위해 사용하는 1차원 레이아웃 모델은?,박스 모델,플렉스박스(Flexbox),테이블 레이아웃,플로트(Float),2,플렉스박스는 컨테이너 내부의 요소들을 가로 또는 세로 한 방향으로 유연하게 배치·정렬할 수 있게 해주는 CSS 1차원 레이아웃 모델입니다.,574,concept,,0
998,ipe_industrial,2,신규작성,"JavaScript에서 HTML 문서의 구조를 객체 형태로 다루어, 요소를 찾고 수정·추가·삭제할 수 있게 해주는 인터페이스는?",DOM(Document Object Model),AJAX,JSON,REST API,1,"DOM은 HTML 문서를 트리 구조의 객체로 다룰 수 있게 해주는 인터페이스로, JavaScript는 DOM을 통해 문서 요소를 조작합니다.",575,concept,,0
999,ipe_industrial,2,신규작성,JavaScript에서 페이지 전체를 새로고침하지 않고 서버와 비동기적으로 데이터를 주고받을 수 있게 해주는 기술은?,DOM,AJAX(Asynchronous JavaScript and XML),CSS,JSON,2,AJAX는 페이지 전체를 새로고침하지 않고도 서버와 비동기적으로 데이터를 주고받을 수 있게 해주는 웹 기술입니다.,576,concept,,0
1000,ipe_industrial,2,신규작성,"웹에서 서버와 클라이언트 간 데이터를 교환할 때 널리 사용되는, 키-값 쌍으로 구성된 경량 데이터 형식은?",XML,JSON(JavaScript Object Notation),CSV,YAML,2,"JSON은 키-값 쌍으로 구성된 경량 데이터 교환 형식으로, 웹 API 등에서 서버와 클라이언트 간 데이터 교환에 널리 사용됩니다.",577,concept,,0
1001,ipe_industrial,2,신규작성,"HTTP 메소드 중, 서버에 새로운 리소스를 생성할 때 주로 사용하는 메소드는?",GET,POST,DELETE,HEAD,2,POST는 서버에 데이터를 전송해 새로운 리소스를 생성할 때 주로 사용하는 HTTP 메소드입니다.,578,concept,,0
1002,ipe_industrial,2,신규작성,"HTTP 메소드 중, 서버로부터 리소스를 조회할 때 사용하는 메소드는?",GET,POST,PUT,DELETE,1,"GET은 서버로부터 리소스를 조회(요청)할 때 사용하는 HTTP 메소드로, URL에 데이터를 포함해 전송합니다.",579,concept,,0
1003,ipe_industrial,2,신규작성,"REST API 설계 원칙에서, 자원(Resource)을 URI로 표현하고, 자원에 대한 행위를 HTTP 메소드로 표현하는 아키텍처 스타일을 무엇이라 하는가?",SOAP,REST(Representational State Transfer),RPC,GraphQL,2,"REST는 자원을 URI로 표현하고, 자원에 대한 행위(조회·생성·수정·삭제)를 HTTP 메소드로 표현하는 웹 아키텍처 스타일입니다.",580,concept,,0
1004,ipe_industrial,2,신규작성,정적 타입 언어와 동적 타입 언어에 대한 설명으로 옳은 것은?,정적 타입 언어는 실행 시점에 변수의 타입이 결정된다.,동적 타입 언어는 컴파일 시점에 변수의 타입이 고정된다.,정적 타입 언어는 컴파일 시점에 변수의 타입이 결정되어 타입 오류를 미리 발견할 수 있다.,Python은 대표적인 정적 타입 언어이다.,3,"정적 타입 언어(Java, C 등)는 컴파일 시점에 변수의 타입이 결정되어 타입 관련 오류를 미리 발견할 수 있습니다. Python은 대표적인 동적 타입 언어입니다.",581,concept,,0
1005,ipe_industrial,2,신규작성,"프로그래밍 언어 번역 방식 중, 소스 코드 전체를 한 번에 기계어로 번역한 뒤 실행하는 방식은?",컴파일(Compile) 방식,인터프리터(Interpreter) 방식,어셈블 방식,링킹 방식,1,"컴파일 방식은 소스 코드 전체를 한 번에 목적 코드(기계어)로 번역한 뒤 실행하는 방식으로, C/C++가 대표적입니다.",582,concept,,0
1006,ipe_industrial,2,신규작성,"프로그래밍 언어 번역 방식 중, 소스 코드를 한 줄씩(또는 명령 단위로) 해석하면서 즉시 실행하는 방식은?",컴파일 방식,인터프리터(Interpreter) 방식,링킹 방식,로딩 방식,2,"인터프리터 방식은 소스 코드를 한 줄씩 해석하며 즉시 실행하는 방식으로, Python이 대표적입니다.",583,concept,,0
1007,ipe_industrial,2,신규작성,변수가 선언된 위치에 따라 그 변수를 참조할 수 있는 코드 범위를 의미하는 것은?,스코프(Scope),라이프사이클,리터럴,캐스팅,1,스코프는 변수(또는 함수)가 선언된 위치에 따라 참조 가능한 코드 범위를 의미합니다.,584,concept,,0
1008,ipe_industrial,2,신규작성,함수 내부에서 선언되어 그 함수 안에서만 유효한 변수를 무엇이라 하는가?,전역 변수(Global Variable),지역 변수(Local Variable),정적 변수,외부 변수,2,지역 변수는 함수(또는 블록) 내부에서 선언되어 그 범위 안에서만 유효한 변수입니다.,585,concept,,0
1009,ipe_industrial,2,신규작성,프로그램 전체에서 어디서나 참조할 수 있도록 함수 바깥에 선언된 변수는?,지역 변수,전역 변수(Global Variable),레지스터 변수,임시 변수,2,전역 변수는 함수 바깥에 선언되어 프로그램 전체 어디서나 참조할 수 있는 변수입니다.,586,concept,,0
1010,ipe_industrial,2,신규작성,"JavaScript에서 함수가 자신이 선언될 당시의 외부 변수(스코프)를 기억해, 함수 실행이 끝난 뒤에도 그 변수에 접근할 수 있게 하는 개념은?",클로저(Closure),프로토타입,호이스팅,콜백,1,"클로저는 함수가 자신이 정의될 당시의 외부 스코프(변수)를 기억해, 함수 실행이 끝난 뒤에도 그 변수에 접근할 수 있게 해주는 JavaScript(등)의 개념입니다.",587,concept,,0
1011,ipe_industrial,2,신규작성,"Java의 컬렉션 프레임워크에서, 중복을 허용하지 않고 순서를 보장하지 않는 자료구조 인터페이스는?",List,Set,Map,Queue,2,Set은 중복 요소를 허용하지 않으며 일반적으로 순서를 보장하지 않는 컬렉션 인터페이스입니다.,588,concept,,0
1012,ipe_industrial,2,신규작성,"Java의 컬렉션 프레임워크에서, 순서를 유지하며 중복 요소를 허용하는 자료구조 인터페이스는?",List,Set,Map,Comparator,1,"List는 요소의 순서를 유지하고 중복을 허용하는 컬렉션 인터페이스로, ArrayList·LinkedList가 대표적 구현체입니다.",589,concept,,0
1013,ipe_industrial,2,신규작성,"Java의 컬렉션 프레임워크에서, 키(Key)와 값(Value)의 쌍으로 데이터를 저장하는 자료구조 인터페이스는?",List,Set,Map,Iterator,3,"Map은 키와 값의 쌍으로 데이터를 저장하며, 각 키는 유일해야 하는 컬렉션 인터페이스입니다.",590,concept,,0
1014,ipe_industrial,2,신규작성,"C언어에서 함수의 주소를 저장해, 그 함수를 간접적으로 호출할 수 있게 해주는 포인터는?",구조체 포인터,함수 포인터(Function Pointer),이중 포인터,널 포인터,2,"함수 포인터는 함수의 시작 주소를 저장하는 포인터로, 이를 이용해 함수를 간접 호출하거나 다른 함수에 인자로 전달할 수 있습니다.",591,concept,,0
1015,ipe_industrial,2,신규작성,C언어에서 아무것도 가리키지 않는 상태를 나타내기 위해 포인터에 대입하는 특수한 값은?,NULL,void,0x1,EOF,1,NULL은 포인터가 어떤 유효한 메모리 주소도 가리키지 않음을 나타내기 위해 사용하는 특수한 값입니다.,592,concept,,0
1016,ipe_industrial,2,신규작성,2차원 배열 int a[3][4]에서 전체 요소의 개수는?,7개,12개,34개,43개,2,2차원 배열 a[3][4]는 3행 4열이므로 전체 요소 개수는 3×4=12개입니다.,593,concept,,0
1017,ipe_industrial,2,신규작성,C언어에서 배열의 이름이 가지는 의미로 옳은 것은?,배열의 총 바이트 크기를 의미한다.,배열의 첫 번째 요소를 가리키는 포인터로 취급된다.,배열에 저장된 모든 값의 합을 의미한다.,배열의 마지막 요소를 가리키는 포인터로 취급된다.,2,C언어에서 배열의 이름은 (몇몇 예외를 제외하면) 배열의 첫 번째 요소를 가리키는 포인터로 취급됩니다.,594,concept,,0
1018,ipe_industrial,2,신규작성,다음 중 스크립트 언어의 일반적인 특징으로 옳은 것은?,반드시 컴파일 과정을 거쳐야 실행할 수 있다.,인터프리터 방식으로 실행되며 개발과 수정이 비교적 빠르다.,실행 속도가 컴파일 언어보다 항상 빠르다.,기계어로 직접 작성하는 언어를 의미한다.,2,스크립트 언어는 대부분 인터프리터 방식으로 실행되어 별도의 컴파일 과정 없이 코드 수정과 실행을 빠르게 반복할 수 있는 특징이 있습니다.,595,concept,,0
1019,ipe_industrial,2,신규작성,"JavaScript, Python, PHP, Perl의 공통적인 분류로 옳은 것은?",시스템 프로그래밍 언어,스크립트 언어,어셈블리 언어,기계어,2,"JavaScript, Python, PHP, Perl은 모두 인터프리터 방식으로 실행되는 대표적인 스크립트 언어입니다.",596,concept,,0
1020,ipe_industrial,2,신규작성,"C언어의 데이터 타입 중, 값을 반환하지 않는 함수의 반환형으로 사용하는 것은?",int,void,char,float,2,"void는 값을 반환하지 않는 함수의 반환형이나, 아무 타입도 가리키지 않는 포인터를 선언할 때 사용합니다.",597,concept,,0
1021,ipe_industrial,2,신규작성,C언어에서 배열을 함수의 매개변수로 전달할 때에 대한 설명으로 옳은 것은?,배열 전체가 값으로 복사되어 전달된다.,배열의 첫 번째 요소를 가리키는 포인터가 전달된다.,배열은 함수의 인자로 전달할 수 없다.,배열의 크기 정보까지 자동으로 함께 전달된다.,2,"C언어에서 배열을 함수에 전달하면 배열 전체가 복사되는 것이 아니라, 배열의 첫 번째 요소를 가리키는 포인터가 전달됩니다.",598,concept,,0
1022,ipe_industrial,2,신규작성,"Python에서 함수의 매개변수에 기본값을 지정해, 인자를 전달하지 않으면 그 기본값이 사용되도록 하는 것은?",가변 인자,기본 인자(Default Argument),키워드 인자,위치 인자,2,"기본 인자는 함수 정의 시 매개변수에 기본값을 지정해, 호출 시 인자를 생략하면 그 기본값이 사용되도록 하는 기능입니다.",599,concept,,0
1023,ipe_industrial,2,신규작성,"Python에서 리스트, 튜플, 딕셔너리 등 반복 가능한 객체를 순회하며 각 요소를 처리할 때 사용하는 대표적인 반복문은?",while문,for문,do~while문,goto문,2,Python의 for문은 리스트·튜플·딕셔너리 등 반복 가능한(iterable) 객체를 순회하며 각 요소를 처리하는 대표적인 반복문입니다.,600,concept,,0
1024,ipe_industrial,2,신규작성,Python에서 리스트의 요소를 하나씩 꺼내며 그 순서(인덱스)와 값을 동시에 얻고자 할 때 사용하는 내장 함수는?,zip(),enumerate(),map(),filter(),2,enumerate()는 반복 가능한 객체를 순회하면서 각 요소의 인덱스와 값을 함께 반환해주는 Python 내장 함수입니다.,601,concept,,0
1025,ipe_industrial,2,신규작성,Python에서 리스트의 각 요소에 함수를 적용해 새로운 값들의 결과를 얻고자 할 때 사용하는 내장 함수는?,enumerate(),map(),sorted(),len(),2,map() 함수는 반복 가능한 객체의 각 요소에 지정한 함수를 적용해 새로운 결과들을 반환하는 Python 내장 함수입니다.,602,concept,,0
1026,ipe_industrial,2,신규작성,Java에서 프로그램 실행 중 배열의 범위를 벗어난 인덱스에 접근할 때 발생하는 예외는?,NullPointerException,ArrayIndexOutOfBoundsException,ClassCastException,ArithmeticException,2,ArrayIndexOutOfBoundsException은 배열의 유효 범위를 벗어난 인덱스에 접근할 때 발생하는 Java 런타임 예외입니다.,603,concept,,0
1027,ipe_industrial,2,신규작성,Java에서 참조 변수가 아무 객체도 가리키지 않는 상태(null)일 때 그 객체의 메소드를 호출하면 발생하는 예외는?,NullPointerException,ArrayIndexOutOfBoundsException,NumberFormatException,IOException,1,NullPointerException은 null인 참조 변수의 메소드를 호출하거나 필드에 접근하려고 할 때 발생하는 Java의 대표적인 런타임 예외입니다.,604,concept,,0
1028,ipe_industrial,2,신규작성,"C언어의 조건부 컴파일(전처리기) 지시자 중, 특정 매크로가 정의되어 있는지 확인해 조건에 따라 코드를 포함시키는 것은?",#include,#ifdef,#define,#pragma,2,"#ifdef는 특정 매크로가 정의되어 있는지 확인해, 정의된 경우에만 그 사이의 코드를 컴파일에 포함시키는 조건부 컴파일 전처리기 지시자입니다.",605,concept,,0
1029,ipe_industrial,2,신규작성,C언어에서 다른 파일에 정의된 함수나 변수를 현재 파일에서 선언만 해두고 사용할 수 있게 하는 키워드는?,static,extern,const,register,2,extern은 다른 파일(소스)에 정의된 전역 변수나 함수를 현재 파일에서 참조할 수 있도록 선언만 해두는 키워드입니다.,606,concept,,0
1030,ipe_industrial,2,신규작성,"C언어에서 변수의 값이 함수 호출 사이에도 유지되도록 하며, 해당 함수 내에서만 접근 가능하게 하는 키워드는?",extern,static,auto,volatile,2,"static으로 선언된 지역 변수는 함수 호출이 끝나도 값이 유지되며, 그 변수가 선언된 함수 내에서만 접근할 수 있습니다.",607,concept,,0
1031,ipe_industrial,2,신규작성,웹 브라우저가 웹 서버에 접속할 때 사용하는 기본 포트 번호(HTTP)는?,21,25,80,443,3,"HTTP의 기본 포트 번호는 80번입니다. HTTPS는 443번, FTP는 21번, SMTP는 25번을 기본으로 사용합니다.",608,concept,,0
1032,ipe_industrial,2,신규작성,암호화된 통신을 사용하는 웹 프로토콜(HTTPS)의 기본 포트 번호는?,21,80,443,8080,3,HTTPS(암호화된 HTTP)는 기본적으로 443번 포트를 사용합니다.,609,concept,,0
1033,ipe_industrial,2,신규작성,HTML5의 시맨틱(Semantic) 태그로 볼 수 없는 것은?,<header>,<footer>,<article>,<div>,4,"<div>는 콘텐츠의 의미를 나타내지 않는 범용 컨테이너 태그입니다. <header>, <footer>, <article>은 콘텐츠의 의미를 나타내는 HTML5 시맨틱 태그입니다.",610,concept,,0
1034,ipe_industrial,2,신규작성,"CSS 선택자 중, 특정 클래스가 적용된 모든 요소를 선택할 때 사용하는 기호는?",#(샵),.(점),*(별표),&(앰퍼샌드),2,CSS에서 클래스 선택자는 점(.)을 앞에 붙여 사용합니다(예: .box). 아이디 선택자는 #을 사용합니다.,611,concept,,0
1035,ipe_industrial,2,신규작성,"CSS 선택자 중, 특정 아이디(id)가 부여된 요소 하나를 선택할 때 사용하는 기호는?",.(점),#(샵),~(물결),>(부등호),2,CSS에서 아이디 선택자는 #을 앞에 붙여 사용합니다(예: #main). 아이디는 문서 내에서 유일해야 합니다.,612,concept,,0
1036,ipe_industrial,2,신규작성,"자바스크립트의 변수 선언 키워드 중, 블록 스코프를 가지며 재선언은 불가능하지만 값 재할당은 가능한 것은?",var,let,const,function,2,"let은 블록 스코프를 가지며, 같은 스코프에서 재선언은 할 수 없지만 값의 재할당은 가능한 변수 선언 키워드입니다.",613,concept,,0
1037,ipe_industrial,2,신규작성,"자바스크립트의 변수 선언 키워드 중, 한 번 값을 할당하면 재할당이 불가능한 것은?",var,let,const,static,3,"const는 선언과 동시에 값을 할당해야 하며, 이후 값을 재할당할 수 없는 변수 선언 키워드입니다.",614,concept,,0
1038,ipe_industrial,2,신규작성,웹 브라우저와 서버 간에 상태 정보(로그인 상태 등)를 유지하기 위해 클라이언트 측에 저장하는 작은 데이터 조각은?,쿠키(Cookie),캐시(Cache),히스토리,북마크,1,"쿠키는 웹 서버가 클라이언트(브라우저)에 저장하도록 지시하는 작은 데이터 조각으로, 세션 유지나 로그인 상태 저장 등에 사용됩니다.",615,concept,,0
1039,ipe_industrial,2,신규작성,"서버 측에서 사용자별 상태 정보를 유지하기 위해 사용하는, 클라이언트 요청 사이의 연결 상태를 의미하는 개념은?",세션(Session),쿠키,캐시,프록시,1,"세션은 서버 측에서 사용자의 상태 정보를 유지하기 위한 개념으로, 클라이언트가 서버에 접속해 있는 동안의 상태를 관리합니다.",616,concept,,0
1040,ipe_industrial,2,신규작성,다음 중 Java의 기본 자료형(Primitive Type)이 아닌 것은?,int,boolean,String,double,3,"String은 Java의 기본 자료형이 아니라 참조 자료형(클래스)입니다. int, boolean, double 등이 기본 자료형입니다.",617,concept,,0
1041,ipe_industrial,2,신규작성,C언어에서 배열의 인덱스는 몇 번부터 시작하는가?,0,1,-1,임의로 지정 가능,1,C언어에서 배열의 인덱스는 0부터 시작합니다.,618,concept,,0
1042,ipe_industrial,2,신규작성,"다음 C언어 코드의 실행 결과는? #include <stdio.h> int main() { int i, sum=0; for(i=1;i<=5;i++) sum += i; printf(""%d"", sum); return 0; }",10,15,20,25,2,1부터 5까지 더하면 1+2+3+4+5=15가 출력됩니다.,619,concept,,0
1043,ipe_industrial,2,신규작성,"다음 C언어 코드의 실행 결과는? #include <stdio.h> int main() { int a=5, b=2; printf(""%d"", a/b); return 0; }",2,2.5,3,0,1,"정수형 변수 a, b의 나눗셈은 정수 나눗셈이므로 5/2=2.5가 아니라 소수점 이하가 버려진 정수 2가 출력됩니다.",620,concept,,0
1044,ipe_industrial,2,신규작성,다음 Java 코드의 실행 결과는? public class Test { public static void main(String[] args) { int i=0; int sum=0; while(i<5) { sum += i; i++; } System.out.print(sum); } },10,15,20,0,1,"i가 0,1,2,3,4일 때 sum에 더해지므로 0+1+2+3+4=10이 출력됩니다.",621,concept,,0
1045,ipe_industrial,2,신규작성,"다음 Python 코드의 실행 결과는? a = [1, 2, 3, 4, 5] print(sum(a) / len(a))",3,3.0,15,5,2,"리스트 a의 합은 15, 길이는 5이므로 15/5=3.0(Python 3의 / 연산은 실수를 반환)이 출력됩니다.",622,concept,,0
1046,ipe_industrial,2,신규작성,"다음 Python 코드의 실행 결과는? a = {'x': 1, 'y': 2, 'z': 3} print(list(a.keys()))","['x', 'y', 'z']","[1, 2, 3]","('x', 'y', 'z')","{'x', 'y', 'z'}",1,"dict.keys()는 딕셔너리의 키들을 반환하며, list()로 감싸면 ['x', 'y', 'z'] 형태의 리스트가 됩니다.",623,concept,,0
1047,ipe_industrial,2,신규작성,"다음 Java 코드의 실행 결과는? public class Test { public static void main(String[] args) { String s = ""Hello""; System.out.print(s.length()); } }",4,5,6,오류 발생,2,"""Hello""는 H,e,l,l,o 5개 문자로 이루어져 있으므로 length()는 5를 반환합니다.",624,concept,,0
1048,ipe_industrial,2,신규작성,"다음 C언어 코드의 실행 결과는? #include <stdio.h> int main() { int a[5] = {1,2,3,4,5}; printf(""%d"", a[2]); return 0; }",1,2,3,4,3,배열 인덱스는 0부터 시작하므로 a[2]는 세 번째 요소인 3입니다.,625,concept,,0
1049,ipe_industrial,2,신규작성,"다음 JavaScript 코드의 실행 결과는? let arr = [1, 2, 3]; arr.push(4); console.log(arr.length);",3,4,5,undefined,2,"push(4)로 배열에 4를 추가하면 배열은 [1,2,3,4]가 되어 length는 4가 됩니다.",626,concept,,0
1050,ipe_industrial,2,신규작성,다음 Python 코드의 실행 결과는? def f(x): return x * 2 print(f(3) + f(4)),7,10,14,24,3,"f(3)=6, f(4)=8이므로 6+8=14가 출력됩니다.",627,concept,,0
1051,ipe_industrial,2,신규작성,"다음 C언어 코드의 실행 결과는? #include <stdio.h> int main() { int i=0; do { i++; } while(i<3); printf(""%d"", i); return 0; }",0,2,3,4,3,"do~while은 먼저 1회 실행 후 조건을 검사합니다. i=1,2,3까지 증가하며 i<3(3<3=false)에서 멈춰 최종 i=3이 출력됩니다.",628,concept,,0
1052,ipe_industrial,2,신규작성,"다음 Java 코드의 실행 결과는? public class Test { public static void main(String[] args) { int[] a = {10, 20, 30}; int sum = 0; for(int x : a) { sum += x; } System.out.print(sum); } }",30,40,60,10,3,"for-each문으로 배열의 모든 요소(10,20,30)를 더하면 60이 출력됩니다.",629,concept,,0
1053,ipe_industrial,2,신규작성,다음 Python 코드의 실행 결과는? a = 'Hello' print(a[1:4]),Hell,ello,ell,Hel,3,슬라이싱 a[1:4]는 인덱스 1부터 3까지(4는 미포함)이므로 'ell'이 출력됩니다.,630,concept,,0
1054,ipe_industrial,2,신규작성,"다음 C언어 코드의 실행 결과는? #include <stdio.h> int main() { int x = 10; if (x > 5 && x < 20) printf(""A""); else printf(""B""); return 0; }",A,B,AB,오류 발생,1,x=10은 5보다 크고 20보다 작으므로 조건이 참(true)이 되어 A가 출력됩니다.,631,concept,,0
1055,ipe_industrial,2,신규작성,"다음 JavaScript 코드의 실행 결과는? function add(a, b) { return a + b; } console.log(add(3, '4'));",7,'34',NaN,오류 발생,2,JavaScript는 숫자와 문자열을 +로 연결하면 자동으로 문자열로 변환(형변환)해 이어붙이므로 '34'가 출력됩니다.,632,concept,,0
1056,ipe_industrial,2,신규작성,다음 Python 코드의 실행 결과는? print(2 ** 5),7,10,25,32,4,Python에서 **는 거듭제곱 연산자이므로 2의 5제곱인 32가 출력됩니다.,633,concept,,0
1057,ipe_industrial,2,신규작성,"다음 C언어 코드의 실행 결과는? #include <stdio.h> int main() { int a = 3, b = 7; int tmp; tmp = a; a = b; b = tmp; printf(""%d %d"", a, b); return 0; }",3 7,7 3,3 3,7 7,2,"임시 변수 tmp를 이용해 a와 b의 값을 서로 교환(swap)하는 코드이므로 a=7, b=3이 출력됩니다.",634,concept,,0
1058,ipe_industrial,2,신규작성,"다음 Java 코드의 실행 결과는? public class Test { public static void main(String[] args) { int x = 7; System.out.print(x % 2 == 0 ? ""짝수"" : ""홀수""); } }",짝수,홀수,7,오류 발생,2,7은 2로 나눈 나머지가 1(0이 아님)이므로 조건 연산자 결과 '홀수'가 출력됩니다.,635,concept,,0
1059,ipe_industrial,2,신규작성,"다음 Python 코드의 실행 결과는? a = [3, 1, 4, 1, 5] a.sort() print(a)","[3, 1, 4, 1, 5]","[1, 1, 3, 4, 5]","[5, 4, 3, 1, 1]",오류 발생,2,"sort()는 리스트를 오름차순으로 정렬하므로 [1, 1, 3, 4, 5]가 출력됩니다.",636,concept,,0
1060,ipe_industrial,2,신규작성,"다음 C언어 코드에서 변수 c의 값은? #include <stdio.h> int main() { int a = 10, b = 3; int c = a / b + a % b; printf(""%d"", c); return 0; }",3,4,6,10,2,"a/b는 정수 나눗셈으로 3, a%b는 나머지로 1이므로 3+1=4가 출력됩니다.",637,concept,,0
1061,ipe_industrial,2,신규작성,함수형 프로그래밍의 특징으로 옳지 않은 것은?,함수를 값처럼 다른 함수의 인자로 전달할 수 있다.,부작용(Side Effect)을 최소화해 동일 입력에 항상 동일 출력을 지향한다.,변경 가능한 상태(mutable state)를 적극적으로 활용해 성능을 높이는 것을 핵심으로 한다.,함수를 반환값으로 사용할 수 있다(고차 함수).,3,함수형 프로그래밍은 불변성(immutable)을 지향하며 부작용을 최소화하는 것이 핵심입니다. 변경 가능한 상태를 적극 활용하는 것은 함수형 프로그래밍의 취지와 반대됩니다.,638,concept,,0
1062,ipe_industrial,2,신규작성,여러 함수를 인자로 받거나 함수를 결과로 반환할 수 있는 함수를 무엇이라 하는가?,고차 함수(Higher-Order Function),재귀 함수,익명 함수,콜백 함수,1,"고차 함수는 다른 함수를 인자로 전달받거나, 함수 자체를 결과로 반환할 수 있는 함수입니다.",639,concept,,0
1063,ipe_industrial,2,신규작성,"이름이 없는 함수로, 주로 한 번만 사용되거나 다른 함수의 인자로 즉석에서 전달할 때 사용하는 함수는?",익명 함수(Anonymous Function),재귀 함수,정적 함수,가상 함수,1,"익명 함수는 이름 없이 정의되는 함수로, JavaScript의 함수 표현식이나 Python의 lambda가 대표적입니다.",640,concept,,0
1064,ipe_industrial,2,신규작성,Python에서 한 줄로 간단한 함수를 정의할 때 사용하는 익명 함수 키워드는?,def,lambda,func,return,2,lambda는 Python에서 이름 없는 간단한 익명 함수를 한 줄로 정의할 때 사용하는 키워드입니다.,641,concept,,0
1065,ipe_industrial,2,신규작성,동일한 인터페이스(메소드 이름)를 통해 서로 다른 자료형의 객체가 각기 다르게 동작하도록 하는 객체지향의 특성은?,캡슐화,상속,다형성(Polymorphism),추상화,3,"다형성은 동일한 이름의 메소드가 객체(클래스)에 따라 서로 다르게 동작하도록 하는 객체지향의 특성으로, 오버라이딩과 오버로딩이 그 예입니다.",642,concept,,0
1066,ipe_industrial,2,신규작성,"객체지향 프로그래밍에서, 클래스로부터 생성된 실체(개별 실행 단위)를 무엇이라 하는가?",클래스,인스턴스(Instance),패키지,인터페이스,2,인스턴스는 클래스를 바탕으로 메모리에 실제로 생성된 객체(실체)를 의미합니다.,643,concept,,0
1067,ipe_industrial,2,신규작성,C언어에서 조건에 따라 여러 개의 case 중 하나를 선택해 실행하는 다중 분기 제어문은?,if문,switch문,for문,while문,2,switch문은 하나의 변수(식) 값에 따라 여러 case 중 해당하는 곳으로 분기하는 다중 선택 제어문입니다.,644,concept,,0
1068,ipe_industrial,2,신규작성,C언어의 switch문에서 break문을 생략했을 때 발생하는 현상은?,컴파일 오류가 발생한다.,해당 case만 실행되고 종료된다.,일치하는 case부터 switch문이 끝날 때까지 이후의 모든 문장이 실행된다.,default 문만 실행된다.,3,break문이 없으면 일치하는 case의 코드가 실행된 뒤에도 계속해서 그 다음 case들의 코드까지 순차적으로 실행됩니다(fall-through).,645,concept,,0
1069,ipe_industrial,2,신규작성,반복문에서 현재 반복을 즉시 중단하고 반복문 자체를 완전히 빠져나갈 때 사용하는 키워드는?,continue,break,return,pass,2,break는 반복문(또는 switch문)을 즉시 빠져나가는 키워드입니다.,646,concept,,0
1070,ipe_industrial,2,신규작성,"반복문에서 현재 반복만 건너뛰고, 반복문 자체는 계속 진행할 때 사용하는 키워드는?",break,continue,exit,stop,2,"continue는 현재 반복(회차)의 나머지 코드를 건너뛰고, 다음 반복으로 넘어가는 키워드입니다.",647,concept,,0
1071,ipe_industrial,2,신규작성,Python에서 아무 동작도 하지 않고 자리만 차지하기 위한(코드 블록이 필요하지만 아직 구현하지 않았을 때 사용하는) 키워드는?,pass,continue,break,None,1,pass는 Python에서 문법적으로 코드 블록이 필요하지만 아무 동작도 수행하지 않을 때 사용하는 키워드입니다.,648,concept,,0
1072,ipe_industrial,2,신규작성,"C언어에서 여러 개의 문자를 묶어 문자열처럼 저장할 때, 문자열의 끝을 나타내기 위해 배열에 자동으로 추가되는 문자는?",공백 문자(' '),널 문자('\0'),탭 문자('\t'),개행 문자('\n'),2,C언어의 문자열은 배열 끝에 널 문자('\0')가 자동으로 추가되어 문자열의 끝을 나타냅니다.,649,concept,,0
1073,ipe_industrial,2,신규작성,"정보처리 언어에서, 변수의 자료형을 다른 자료형으로 명시적으로 변환하는 것을 무엇이라 하는가?","캐스팅(Casting, 형변환)",이스케이핑,파싱,직렬화,1,캐스팅(형변환)은 한 자료형의 값을 다른 자료형으로 명시적으로 변환하는 것을 의미합니다.,650,concept,,0
1074,ipe_industrial,2,신규작성,객체를 파일로 저장하거나 네트워크로 전송할 수 있도록 바이트 스트림 형태로 변환하는 것을 무엇이라 하는가?,직렬화(Serialization),역직렬화,캡슐화,가상화,1,직렬화는 객체를 파일 저장이나 네트워크 전송이 가능하도록 바이트 스트림 형태로 변환하는 과정입니다.,651,concept,,0
1075,ipe_industrial,2,신규작성,"Java에서 클래스 내에서 객체(인스턴스)를 생성하지 않고도 클래스 이름으로 바로 접근할 수 있는, 객체마다 별도로 갖지 않고 클래스 전체가 공유하는 멤버를 선언할 때 사용하는 키워드는?",final,static,abstract,synchronized,2,"static으로 선언된 멤버(변수·메소드)는 객체마다 개별로 존재하지 않고 클래스 전체가 하나를 공유하며, 객체 생성 없이 클래스 이름으로 접근할 수 있습니다.",652,concept,,0
1076,ipe_industrial,2,신규작성,"Java에서 클래스나 메소드, 변수를 더 이상 상속·재정의·변경할 수 없도록 제한할 때 사용하는 키워드는?",static,final,abstract,public,2,"final로 선언된 클래스는 상속할 수 없고, 메소드는 오버라이딩할 수 없으며, 변수는 값을 재할당할 수 없습니다.",653,concept,,0
1077,ipe_industrial,2,신규작성,"Java에서 하나 이상의 추상 메소드(구현이 없는 메소드)를 포함할 수 있으며, 그 자체로는 인스턴스를 생성할 수 없는 클래스는?",일반 클래스,추상 클래스(Abstract Class),내부 클래스,익명 클래스,2,"추상 클래스는 구현이 없는 추상 메소드를 포함할 수 있으며, abstract 키워드로 선언되어 그 자체로는 인스턴스를 생성할 수 없습니다.",654,concept,,0
1078,ipe_industrial,2,신규작성,다음 중 인터페이스(Interface)와 추상 클래스(Abstract Class)의 차이에 대한 설명으로 옳은 것은?,Java의 클래스는 여러 개의 추상 클래스를 상속받을 수 있지만 인터페이스는 하나만 구현할 수 있다.,"인터페이스는 다중 구현(implements)이 가능하지만, 클래스는 하나의 클래스만 상속(extends)할 수 있다.",추상 클래스는 인스턴스를 직접 생성할 수 있다.,인터페이스는 항상 필드(멤버 변수)를 가질 수 없다.,2,"Java에서 클래스는 다중 상속이 불가능해 하나의 클래스만 상속할 수 있지만, 인터페이스는 여러 개를 동시에 구현(implements)할 수 있습니다.",655,concept,,0
1079,ipe_industrial,2,신규작성,"다음 C언어 코드의 실행 결과는? #include <stdio.h> int main() { int i; for(i=0; i<3; i++) { if(i==1) continue; printf(""%d"", i); } return 0; }",012,02,01,0123,2,"i=0일 때 출력(0), i=1일 때 continue로 출력 건너뜀, i=2일 때 출력(2)되어 최종 '02'가 출력됩니다.",656,concept,,0
1080,ipe_industrial,2,신규작성,"다음 Python 코드의 실행 결과는? a = [1, 2, 3] b = a b.append(4) print(a)","[1, 2, 3]","[1, 2, 3, 4]",오류 발생,[4],2,"Python에서 리스트는 참조(reference) 타입이므로 b = a는 같은 리스트를 가리킵니다. b.append(4)를 하면 a도 함께 변경되어 [1, 2, 3, 4]가 됩니다.",657,concept,,0
1081,ipe_industrial,2,신규작성,"다음 Java 코드의 실행 결과는? public class Test { public static void main(String[] args) { int a = 5; int b = a++; int c = ++a; System.out.print(b + "" "" + c); } }",5 6,5 7,6 6,6 7,2,"b = a++(후치)는 a의 현재값(5)을 b에 대입한 후 a를 6으로 증가시킵니다. c = ++a(전치)는 먼저 a를 7로 증가시킨 후 그 값을 c에 대입합니다. 결과는 'b=5, c=7'입니다.",658,concept,,0
1082,ipe_industrial,2,신규작성,"다음 C언어 코드의 실행 결과는? #include <stdio.h> int main() { char str[] = ""ABC""; printf(""%d"", sizeof(str)); return 0; }",3,4,5,6,2,"문자 배열 ""ABC""는 'A','B','C'와 문자열 끝의 널 문자('\0')까지 총 4바이트를 차지합니다.",659,concept,,0
1083,ipe_industrial,2,신규작성,다음 JavaScript 코드의 실행 결과는? let x = 10; function test() { let x = 20; console.log(x); } test(); console.log(x);,10 10,20 20,20 10,10 20,3,"함수 내부의 let x=20은 지역 변수로, 전역 변수 x와는 별개입니다. 함수 안에서는 20이, 함수 밖에서는 원래의 전역 변수 값 10이 출력되어 '20 10'이 됩니다.",660,concept,,0
1084,ipe_industrial,2,신규작성,"다음 Python 코드의 실행 결과는? def f(a, b=10): return a + b print(f(5))",5,10,15,오류 발생,3,"b는 기본값 10을 가진 매개변수이므로, f(5) 호출 시 b는 10이 되어 5+10=15가 출력됩니다.",661,concept,,0
1085,ipe_industrial,2,신규작성,"웹 개발에서, 서버 측에서 실행되어 동적으로 웹 페이지를 생성하는 자바 기반 기술로, 확장자가 .jsp인 것은?",HTML,JSP(Java Server Pages),CSS,XML,2,"JSP는 자바 기반의 서버 측 스크립트 기술로, HTML 안에 자바 코드를 삽입해 동적인 웹 페이지를 생성할 수 있게 해줍니다.",662,concept,,0
1086,ipe_industrial,2,신규작성,"PHP, ASP, JSP 등 서버 측에서 실행되어 동적인 웹 페이지를 생성하는 기술들의 공통점으로 옳은 것은?",모두 클라이언트(브라우저)에서만 실행된다.,서버에서 실행되어 결과를 HTML 형태로 클라이언트에 전달한다.,정적인 웹 페이지만 만들 수 있다.,모두 컴파일 언어이다.,2,"PHP, ASP, JSP는 모두 서버 측에서 실행되어 처리 결과를 HTML로 만들어 클라이언트(브라우저)에 전달하는 서버 사이드 스크립트 기술입니다.",663,concept,,0
1087,ipe_industrial,2,신규작성,웹 표준을 준수하지 않은 웹 페이지가 브라우저마다 다르게 보이는 문제를 해결하기 위해 지켜야 할 원칙에 해당하지 않는 것은?,"HTML, CSS 등 W3C 표준 문법을 준수한다.",브라우저별 호환성을 고려해 설계한다.,특정 브라우저 전용 기능만을 사용해 다른 브라우저에서는 동작하지 않도록 만든다.,접근성을 고려해 설계한다.,3,"웹 표준은 여러 브라우저에서 동일하게 동작하도록 하는 것이 목적이므로, 특정 브라우저 전용 기능만 사용하는 것은 웹 표준 준수 원칙에 어긋납니다.",664,concept,,0
1088,ipe_industrial,2,신규작성,"모듈화 설계에서, 하나의 모듈이 다른 여러 모듈에 의해 호출되는 관계를 나타내는 지표는?",fan-in,fan-out,결합도,응집도,1,fan-in은 특정 모듈을 호출하는 상위 모듈의 수를 의미하는 지표입니다.,665,concept,,0
1089,ipe_industrial,2,신규작성,"모듈화 설계에서, 하나의 모듈이 호출하는 다른 하위 모듈의 수를 나타내는 지표는?",fan-in,fan-out,결합도,복잡도,2,"fan-out은 특정 모듈이 호출하는 하위 모듈의 수를 의미하는 지표로, 값이 높을수록 해당 모듈의 복잡도가 커질 수 있습니다.",666,concept,,0
1090,ipe_industrial,2,신규작성,모듈의 독립성을 평가하는 척도인 결합도와 응집도에 대한 설명으로 옳은 것은?,"결합도는 높을수록, 응집도는 낮을수록 좋은 설계이다.","결합도는 낮을수록, 응집도는 높을수록 좋은 설계이다.",결합도와 응집도는 모듈 독립성과 무관하다.,결합도와 응집도는 항상 반비례하지 않는다.,2,"좋은 모듈 설계는 모듈 간 결합도는 낮게(느슨하게), 모듈 내 응집도는 높게(강하게) 하는 것을 지향합니다.",667,concept,,0
1091,ipe_industrial,2,신규작성,"결합도의 종류 중, 두 모듈이 매개변수를 통해 필요한 자료만 주고받는, 가장 바람직한(약한) 결합도는?",내용 결합도,공통 결합도,제어 결합도,자료 결합도(Data Coupling),4,자료 결합도는 모듈 간에 매개변수로 필요한 자료만 주고받는 가장 약하고 바람직한 결합도입니다.,668,concept,,0
1092,ipe_industrial,2,신규작성,"결합도의 종류 중, 한 모듈이 다른 모듈에 제어 신호(플래그, 스위치 등)를 전달해 상대 모듈의 내부 로직 흐름을 제어하는 결합도는?",자료 결합도,제어 결합도(Control Coupling),스탬프 결합도,외부 결합도,2,제어 결합도는 한 모듈이 다른 모듈에 제어 플래그 등을 전달해 상대 모듈의 내부 처리 흐름을 제어하는 결합도입니다.,669,concept,,0
1093,ipe_industrial,2,신규작성,"결합도의 종류 중, 두 개 이상의 모듈이 동일한 전역 변수(공유 데이터 영역)를 참조하는 결합도는?",자료 결합도,스탬프 결합도,공통 결합도(Common Coupling),제어 결합도,3,"공통 결합도는 여러 모듈이 하나의 전역(공유) 데이터 영역을 함께 참조·수정하는 결합도로, 결합도가 비교적 강한 편에 속합니다.",670,concept,,0
1094,ipe_industrial,2,신규작성,"응집도의 종류 중, 모듈 내 요소들이 특별한 관련 없이 우연히 하나의 모듈로 묶인, 가장 바람직하지 않은 응집도는?",기능적 응집도,우연적 응집도(Coincidental Cohesion),절차적 응집도,교환적 응집도,2,"우연적 응집도는 모듈 내 요소들이 서로 특별한 관련 없이 임의로 묶인, 가장 바람직하지 않은(가장 약한) 응집도입니다.",671,concept,,0
1095,ipe_industrial,2,신규작성,"응집도의 종류 중, 모듈 내 요소들이 동일한 시간대(초기화 루틴 등)에 실행되어야 한다는 것만으로 묶인 응집도는?",기능적 응집도,시간적 응집도(Temporal Cohesion),절차적 응집도,순차적 응집도,2,시간적 응집도는 특별한 관련은 없지만 특정 시점(예: 프로그램 초기화)에 함께 실행되어야 한다는 이유만으로 묶인 응집도입니다.,672,concept,,0
1096,ipe_industrial,2,신규작성,"응집도의 종류 중, 한 요소의 출력이 다음 요소의 입력으로 사용되는 관계로 순서대로 처리되도록 묶인 응집도는?",절차적 응집도,순차적 응집도(Sequential Cohesion),교환적 응집도,기능적 응집도,2,"순차적 응집도는 한 요소의 출력 결과가 다음 요소의 입력으로 사용되어, 데이터 흐름에 따라 순서대로 처리되도록 묶인 응집도입니다.",673,concept,,0
1097,ipe_industrial,2,신규작성,"Java에서 컴파일 시점이 아니라 프로그램 실행 시점에 예외가 발생할 수 있으며, 명시적으로 처리(try~catch)하지 않아도 컴파일이 가능한 예외는?",체크 예외(Checked Exception),언체크(런타임) 예외(Unchecked Exception),에러(Error),커스텀 예외,2,"언체크(런타임) 예외는 컴파일러가 명시적 처리를 강제하지 않는 예외로, RuntimeException과 그 하위 클래스들이 여기에 해당합니다.",674,concept,,0
1098,ipe_industrial,2,신규작성,Java에서 반드시 try~catch로 처리하거나 메소드 선언부에 throws로 명시해야 컴파일이 되는 예외는?,런타임 예외,체크 예외(Checked Exception),Error,널 예외,2,"체크 예외는 컴파일러가 명시적인 예외 처리(try~catch 또는 throws)를 강제하는 예외로, IOException 등이 대표적입니다.",675,concept,,0
1099,ipe_industrial,2,신규작성,"웹 애플리케이션 개발에서, 클라이언트 요청을 받아 적절한 컨트롤러로 라우팅하고 공통 처리를 담당하는 스프링(Spring) MVC의 핵심 구성 요소는?",DispatcherServlet,Model,View,Repository,1,DispatcherServlet은 Spring MVC에서 모든 클라이언트 요청을 최초로 받아 적절한 컨트롤러로 위임(라우팅)하는 프론트 컨트롤러 역할을 합니다.,676,concept,,0
1100,ipe_industrial,2,신규작성,"테스트 주도 개발(TDD, Test-Driven Development)의 개발 순서로 옳은 것은?",구현 코드 작성 → 테스트 코드 작성 → 리팩토링,테스트 코드 작성(실패) → 구현 코드 작성(통과) → 리팩토링,리팩토링 → 테스트 작성 → 구현,테스트 없이 구현만 반복한다.,2,"TDD는 먼저 실패하는 테스트 코드를 작성한 뒤, 그 테스트를 통과시키는 최소한의 구현 코드를 작성하고, 이후 코드를 리팩토링하는 순서로 진행됩니다.",677,concept,,0
1101,ipe_industrial,2,신규작성,페어 프로그래밍(Pair Programming)에 대한 설명으로 옳은 것은?,한 명의 개발자가 여러 프로젝트를 동시에 진행하는 방식이다.,두 명의 개발자가 한 대의 컴퓨터에서 함께 코드를 작성하며 서로 검토하는 XP의 실천 방법이다.,여러 개발자가 각자 다른 언어로 같은 기능을 구현하는 방식이다.,테스트만 전담하는 두 명의 개발자를 배치하는 방식이다.,2,페어 프로그래밍은 두 명의 개발자가 한 컴퓨터에서 함께 코드를 작성하며 실시간으로 서로의 코드를 검토하는 XP(익스트림 프로그래밍)의 대표적인 실천 방법입니다.,678,concept,,0
1102,ipe_industrial,2,신규작성,다음 중 Python에서 튜플(tuple)에 대한 설명으로 옳은 것은?,리스트와 같이 요소를 자유롭게 추가·삭제할 수 있다.,한 번 생성되면 요소를 변경할 수 없는 불변(immutable) 자료형이다.,키-값 쌍으로 이루어진 자료형이다.,중복 요소를 허용하지 않는다.,2,튜플은 리스트와 달리 한 번 생성되면 요소를 변경할 수 없는 불변(immutable) 자료형입니다.,679,concept,,0
1103,ipe_industrial,2,신규작성,Python에서 중복을 허용하지 않고 순서가 없는 자료형은?,리스트(list),튜플(tuple),집합(set),딕셔너리(dict),3,집합(set)은 중복 요소를 허용하지 않으며 순서가 없는 Python 자료형입니다.,680,concept,,0
1104,ipe_industrial,2,신규작성,"C언어에서 두 값을 비교해 참이면 1, 거짓이면 0을 반환하는 연산자군을 무엇이라 하는가?",산술 연산자,관계 연산자(Relational Operator),비트 연산자,대입 연산자,2,"관계 연산자(>, <, ==, != 등)는 두 값을 비교해 참(1)/거짓(0)을 반환하는 연산자입니다.",681,concept,,0
1105,ipe_industrial,2,신규작성,"C언어의 비트 연산자 중, 두 비트가 모두 1일 때만 1을 반환하는 연산자는?",| (OR),& (AND),^ (XOR),~ (NOT),2,&(AND) 연산자는 대응하는 두 비트가 모두 1일 때만 결과 비트가 1이 되는 비트 연산자입니다.,682,concept,,0
1106,ipe_industrial,2,신규작성,"C언어의 비트 연산자 중, 두 비트 중 하나라도 1이면 1을 반환하는 연산자는?",& (AND),| (OR),^ (XOR),<< (Shift),2,|(OR) 연산자는 대응하는 두 비트 중 하나라도 1이면 결과 비트가 1이 되는 비트 연산자입니다.,683,concept,,0
1107,ipe_industrial,2,신규작성,C언어에서 비트를 왼쪽으로 이동시키는 시프트 연산자를 한 번 적용하면 일반적으로 어떤 효과가 있는가?,값이 2로 나누어진다.,값이 2배가 된다.,값의 부호가 반전된다.,값이 변하지 않는다.,2,왼쪽 시프트(<<) 연산은 비트를 왼쪽으로 밀어 값을 2배로 만드는 효과가 있습니다(오른쪽 시프트는 대략 2로 나누는 효과).,684,concept,,0
1108,ipe_industrial,2,신규작성,"논리 연산자 중, 조건을 반대로 뒤집는(참을 거짓으로, 거짓을 참으로) 단항 연산자는?",&& (AND),|| (OR),! (NOT),== (같다),3,!(NOT) 연산자는 논리값을 반대로 뒤집는 단항 논리 연산자입니다.,685,concept,,0
1109,ipe_industrial,2,신규작성,"C언어의 연산자 우선순위에서, 일반적으로 가장 높은 우선순위를 갖는 연산자 그룹은?",대입 연산자(=),"논리 연산자(&&, ||)","단항 연산자(!, ++, --)","관계 연산자(<, >)",3,"단항 연산자(!, ~, ++, --, sizeof 등)는 C언어 연산자 중 대체로 가장 높은 우선순위를 갖습니다.",686,concept,,0
1110,ipe_industrial,2,신규작성,Python에서 클래스가 다른 클래스로부터 속성과 메소드를 물려받는 것을 표현할 때 사용하는 문법은?,class A(B):,class A extends B:,class A implements B:,class A -> B:,1,Python에서는 class A(B): 형태로 괄호 안에 부모 클래스를 명시해 상속을 표현합니다.,687,concept,,0
1111,ipe_industrial,2,신규작성,Java에서 클래스가 다른 클래스를 상속받을 때 사용하는 키워드는?,implements,extends,inherits,super,2,Java에서 클래스 상속은 extends 키워드를 사용합니다. implements는 인터페이스 구현에 사용합니다.,688,concept,,0
1112,ipe_industrial,2,신규작성,Java에서 클래스가 인터페이스를 구현할 때 사용하는 키워드는?,extends,implements,interface,abstract,2,Java에서 클래스가 인터페이스를 구현할 때는 implements 키워드를 사용합니다.,689,concept,,0
1113,ipe_industrial,2,신규작성,다음 중 절차적(구조적) 프로그래밍 언어의 특징으로 옳은 것은?,데이터와 그 데이터를 처리하는 함수를 객체 단위로 캡슐화한다.,프로그램을 순차적인 명령어(절차)의 흐름으로 작성하며 함수(프로시저) 단위로 구성한다.,코드 전체가 클래스 정의로만 이루어져야 한다.,실행 순서를 미리 정할 수 없고 항상 이벤트에 의해서만 실행된다.,2,절차적(구조적) 프로그래밍은 프로그램을 순차적인 명령의 흐름과 함수(프로시저) 단위로 구성하는 프로그래밍 패러다임입니다.,690,concept,,0
1114,ipe_industrial,2,신규작성,"C, Java, Python이 공통적으로 지원하는 제어문 구조가 아닌 것으로 볼 수 있는 것은? (단, 세 언어의 표준 문법 기준)",조건문(if),"반복문(for, while)",함수 정의,포인터 연산 전체를 언어 차원에서 자유롭게 지원,4,"C는 포인터 연산을 자유롭게 지원하지만, Java와 Python은 안전성을 위해 포인터를 직접 조작하는 문법을 언어 차원에서 지원하지 않습니다.",691,concept,,0
1115,ipe_industrial,2,신규작성,웹 프론트엔드 개발에서 컴포넌트 기반으로 UI를 구성할 수 있게 해주는 대표적인 JavaScript 라이브러리는?,React,Django,Spring,Node.js 서버 모듈,1,React는 컴포넌트 기반으로 UI를 구성할 수 있게 해주는 대표적인 JavaScript 프론트엔드 라이브러리입니다.,692,concept,,0
1116,ipe_industrial,2,신규작성,"서버 측 JavaScript 실행 환경으로, 브라우저 없이도 JavaScript로 서버 애플리케이션을 개발할 수 있게 해주는 런타임은?",Node.js,jQuery,React,Vue.js,1,Node.js는 브라우저 밖에서 서버 측 JavaScript 코드를 실행할 수 있게 해주는 런타임 환경입니다.,693,concept,,0
1117,ipe_industrial,2,신규작성,"Python의 대표적인 웹 프레임워크로, 'batteries included' 철학을 가지며 관리자 페이지 등을 기본 제공하는 것은?",Django,Flask,React,Spring,1,"Django는 관리자 페이지, ORM 등 다양한 기능을 기본 내장한 'batteries included' 철학의 Python 웹 프레임워크입니다.",694,concept,,0
1118,ipe_industrial,2,신규작성,"Python의 웹 프레임워크 중, 최소한의 기능만 제공하며 필요한 기능을 개발자가 직접 추가해 사용하는 경량 프레임워크는?",Django,Flask,Node.js,Spring Boot,2,Flask는 최소한의 핵심 기능만 제공하고 나머지는 필요에 따라 확장해 쓰는 경량(마이크로) 웹 프레임워크입니다.,695,concept,,0
1119,ipe_industrial,2,신규작성,"Java 기반의 대표적인 엔터프라이즈 웹 프레임워크로, 의존성 주입(DI)과 관점 지향 프로그래밍(AOP)을 지원하는 것은?",Spring,Django,Flask,Express,1,Spring은 의존성 주입(DI)과 관점 지향 프로그래밍(AOP)을 핵심 특징으로 하는 대표적인 Java 엔터프라이즈 웹 프레임워크입니다.,696,concept,,0
1120,ipe_industrial,2,신규작성,"객체 간의 의존 관계를 개발자가 직접 코드에서 생성하지 않고, 프레임워크가 외부에서 필요한 객체를 대신 주입해주는 설계 기법은?",의존성 주입(Dependency Injection),싱글톤 패턴,정적 바인딩,가비지 컬렉션,1,"의존성 주입(DI)은 객체가 필요로 하는 다른 객체(의존성)를 직접 생성하지 않고, 외부(프레임워크나 컨테이너)에서 주입받는 설계 기법입니다.",697,concept,,0
1121,ipe_industrial,2,신규작성,"메모리에서 더 이상 사용되지 않는 객체를 자동으로 찾아 회수하는 Java, Python 등의 메모리 관리 기능은?",가비지 컬렉션(Garbage Collection),메모리 매핑,스와핑,캐싱,1,가비지 컬렉션은 더 이상 참조되지 않는(사용되지 않는) 객체를 자동으로 탐지해 메모리에서 회수하는 기능입니다.,698,concept,,0
1122,ipe_industrial,2,신규작성,"C언어와 달리 Java, Python 등의 언어가 메모리 누수 위험을 크게 줄일 수 있는 이유로 가장 적절한 것은?",실행 속도가 항상 더 빠르기 때문에,가비지 컬렉션을 통해 메모리 해제를 자동으로 관리하기 때문에,포인터를 자유롭게 사용할 수 있기 때문에,컴파일 언어이기 때문에,2,"Java, Python은 가비지 컬렉션을 통해 더 이상 사용되지 않는 메모리를 자동으로 해제해, 개발자가 직접 free()해야 하는 C언어보다 메모리 누수 위험이 줄어듭니다.",699,concept,,0
1123,ipe_industrial,2,신규작성,정규 표현식(Regular Expression)에 대한 설명으로 옳은 것은?,특정 패턴에 맞는 문자열을 찾거나 치환하기 위한 문자 패턴 표기법이다.,데이터베이스 쿼리 언어의 한 종류이다.,웹 페이지의 레이아웃을 정의하는 언어이다.,이미지 파일 형식의 한 종류이다.,1,"정규 표현식은 특정한 패턴에 맞는 문자열을 검색, 추출, 치환하기 위해 사용하는 문자 패턴 표기법입니다.",700,concept,,0
1124,ipe_industrial,2,신규작성,"문자 인코딩 방식 중, 전 세계 대부분의 문자를 표현할 수 있도록 설계된 국제 표준 인코딩은?",ASCII,EUC-KR,유니코드(Unicode),BCD,3,유니코드는 전 세계 대부분의 문자 체계를 하나의 표준으로 표현할 수 있도록 설계된 국제 문자 인코딩 표준입니다.,701,concept,,0
1125,ipe_industrial,2,신규작성,"유니코드를 가변 길이(1~4바이트)로 인코딩하며, 영어 등 ASCII 문자는 1바이트로 표현해 호환성과 효율성을 모두 갖춘 인코딩 방식은?",UTF-8,EUC-KR,완성형,BCD,1,"UTF-8은 유니코드를 1~4바이트의 가변 길이로 인코딩하는 방식으로, ASCII 문자를 1바이트로 표현해 호환성이 높아 널리 사용됩니다.",702,concept,,0
1126,ipe_industrial,2,신규작성,다음 중 컴파일러가 소스 코드를 처리하는 일반적인 순서로 옳은 것은?,어휘 분석 → 구문 분석 → 의미 분석 → 코드 생성,코드 생성 → 어휘 분석 → 구문 분석 → 의미 분석,구문 분석 → 어휘 분석 → 코드 생성 → 의미 분석,의미 분석 → 코드 생성 → 어휘 분석 → 구문 분석,1,컴파일러는 일반적으로 어휘 분석(토큰화) → 구문 분석(문법 검사) → 의미 분석 → 코드 생성 순서로 소스 코드를 처리합니다.,703,concept,,0
1127,ipe_industrial,2,신규작성,소스 코드에서 문자들의 나열을 의미 있는 최소 단위(토큰)로 분리하는 컴파일 과정의 첫 단계는?,어휘 분석(Lexical Analysis),구문 분석(Syntax Analysis),의미 분석(Semantic Analysis),최적화,1,어휘 분석은 소스 코드의 문자열을 의미 있는 최소 단위인 토큰으로 분리하는 컴파일의 첫 단계입니다.,704,concept,,0
1128,ipe_industrial,3,신규작성,"SQL의 조인(JOIN) 방식 중, 두 테이블에서 조인 조건을 만족하는 행만 결과로 반환하는 조인은?",INNER JOIN,LEFT OUTER JOIN,RIGHT OUTER JOIN,FULL OUTER JOIN,1,INNER JOIN(내부 조인)은 두 테이블에서 조인 조건을 만족하는 행만 결과로 반환하는 조인 방식입니다.,705,concept,,0
1129,ipe_industrial,3,신규작성,"SQL의 조인 방식 중, 왼쪽 테이블의 모든 행을 결과에 포함하고, 오른쪽 테이블에 일치하는 값이 없으면 NULL로 채우는 조인은?",INNER JOIN,LEFT OUTER JOIN,RIGHT OUTER JOIN,CROSS JOIN,2,"LEFT OUTER JOIN은 왼쪽 테이블의 모든 행을 결과에 포함시키고, 오른쪽 테이블에 대응하는 값이 없으면 NULL로 채웁니다.",706,concept,,0
1130,ipe_industrial,3,신규작성,"SQL의 조인 방식 중, 하나의 테이블을 자기 자신과 조인하는 방식은?",EQUI JOIN,SELF JOIN,NATURAL JOIN,OUTER JOIN,2,"SELF JOIN(자체 조인)은 하나의 테이블을 별칭(alias)을 이용해 자기 자신과 조인하는 방식으로, 계층 구조 데이터를 조회할 때 자주 사용됩니다.",707,concept,,0
1131,ipe_industrial,3,신규작성,SQL에서 하나의 질의(쿼리) 안에 포함된 또 다른 SELECT문을 무엇이라 하는가?,서브쿼리(Subquery),뷰(View),트리거(Trigger),프로시저(Procedure),1,서브쿼리는 하나의 SQL문 안에 포함되어 그 결과를 바깥쪽 질의에서 활용하는 또 다른 SELECT문입니다.,708,concept,,0
1132,ipe_industrial,3,신규작성,"서브쿼리의 실행 결과가 여러 개의 행을 반환할 때, 그 값들 중 하나라도 일치하면 조건을 만족하는 것으로 처리하는 연산자는?",=,IN,ALL,EXISTS,2,IN 연산자는 서브쿼리 결과의 여러 값 중 하나라도 일치하면 조건을 만족하는 것으로 처리합니다.,709,concept,,0
1133,ipe_industrial,3,신규작성,서브쿼리의 결과 집합에서 조건을 만족하는 행이 하나라도 존재하는지 여부만 검사하는 연산자는?,IN,ANY,EXISTS,ALL,3,EXISTS는 서브쿼리의 결과에 행이 하나라도 존재하는지 여부(참/거짓)만 검사하는 연산자입니다.,710,concept,,0
1134,ipe_industrial,3,신규작성,서브쿼리 결과의 모든 값보다 커야 조건을 만족하는 연산자는?,ANY,ALL,IN,EXISTS,2,ALL은 서브쿼리 결과의 모든 값과 비교했을 때 조건을 만족해야(예: 모든 값보다 커야) 참이 되는 연산자입니다.,711,concept,,0
1135,ipe_industrial,3,신규작성,"데이터베이스에서 특정 이벤트(삽입, 삭제, 갱신)가 발생했을 때 자동으로 실행되도록 정의해둔 절차형 SQL은?",뷰(View),트리거(Trigger),인덱스,커서(Cursor),2,트리거는 테이블에 삽입·삭제·갱신 등의 이벤트가 발생했을 때 자동으로 실행되도록 정의된 절차형 SQL입니다.,712,concept,,0
1136,ipe_industrial,3,신규작성,"특정 기능을 수행하는 SQL 문장들을 미리 정의해두고, 필요할 때 이름을 호출해 실행하는 절차형 SQL은?",뷰,트리거,저장 프로시저(Stored Procedure),인덱스,3,"저장 프로시저는 자주 사용하는 일련의 SQL 작업을 미리 정의해두고, 이름으로 호출해 실행할 수 있는 절차형 SQL입니다.",713,concept,,0
1137,ipe_industrial,3,신규작성,SQL 조회 결과를 한 행씩 순차적으로 처리할 수 있게 해주는 데이터베이스 객체는?,뷰,커서(Cursor),인덱스,트랜잭션,2,커서는 SQL 조회 결과 집합(Result Set)을 한 행씩 순차적으로 접근해 처리할 수 있게 해주는 객체입니다.,714,concept,,0
1138,ipe_industrial,3,신규작성,인덱스(Index)를 생성할 때 얻을 수 있는 이점으로 옳은 것은?,데이터 검색 속도를 향상시킬 수 있다.,테이블의 삽입·삭제·갱신 성능이 항상 향상된다.,저장 공간을 전혀 사용하지 않는다.,정규화를 대신할 수 있다.,1,"인덱스는 특정 컬럼에 대한 검색 속도를 향상시키는 대신, 인덱스 자체의 저장 공간이 필요하고 삽입·삭제·갱신 시 인덱스 갱신 부담이 늘어날 수 있습니다.",715,concept,,0
1139,ipe_industrial,3,신규작성,"인덱스 구현 방식 중, 대부분의 DBMS에서 범위 검색과 정렬에 유리해 가장 널리 사용되는 자료구조는?",B-트리(B-Tree) 인덱스,해시(Hash) 인덱스,비트맵 인덱스,연결 리스트,1,B-트리 인덱스는 균형 트리 구조로 범위 검색과 정렬에 유리해 대부분의 관계형 DBMS에서 기본 인덱스 방식으로 사용됩니다.,716,concept,,0
1140,ipe_industrial,3,신규작성,"인덱스 구현 방식 중, 특정 값을 정확히 일치 검색(등가 검색)할 때는 빠르지만 범위 검색에는 부적합한 방식은?",B-트리 인덱스,해시(Hash) 인덱스,비트맵 인덱스,함수 기반 인덱스,2,"해시 인덱스는 해시 함수를 이용해 정확히 일치하는 값을 매우 빠르게 찾을 수 있지만, 범위 검색(>, < 등)에는 적합하지 않습니다.",717,concept,,0
1141,ipe_industrial,3,신규작성,"정규화 단계 중, 여러 개의 독립적인 다치 종속(Multi-valued Dependency)을 제거하는 단계는?",3NF → BCNF,BCNF → 4NF,4NF → 5NF,1NF → 2NF,2,제4정규형(4NF)은 BCNF를 만족하면서 여러 개의 독립적인 다치 종속을 제거한 정규형입니다.,718,concept,,0
1142,ipe_industrial,3,신규작성,"정규화 단계 중, 조인 종속성(Join Dependency)을 제거해 모든 조인 종속이 후보키를 통해서만 성립하도록 하는 최종 정규형은?",4NF,제5정규형(5NF),BCNF,2NF,2,"제5정규형(5NF)은 조인 종속성을 제거해, 모든 조인 종속이 후보키를 통해서만 성립하도록 만드는 가장 엄격한 정규형입니다.",719,concept,,0
1143,ipe_industrial,3,신규작성,정규화를 지나치게 적용해 테이블이 세분화되면 발생할 수 있는 단점으로 옳은 것은?,데이터 중복이 늘어난다.,여러 테이블을 조인해야 하는 경우가 늘어나 조회 성능이 저하될 수 있다.,삽입 이상이 반드시 발생한다.,무결성이 깨진다.,2,"정규화가 지나치면 테이블이 세분화되어 조회 시 여러 테이블을 조인해야 하는 경우가 늘어나, 조회 성능이 저하될 수 있습니다.",720,concept,,0
1144,ipe_industrial,3,신규작성,"정규화된 데이터베이스의 조회 성능을 높이기 위해, 의도적으로 중복을 허용하며 다시 통합하는 작업은?",정규화(Normalization),역정규화(Denormalization),조인(Join),인덱싱,2,역정규화는 조회 성능 향상을 위해 정규화된 테이블을 의도적으로 통합하거나 중복 데이터를 허용하는 작업입니다.,721,concept,,0
1145,ipe_industrial,3,신규작성,"트랜잭션의 격리 수준(Isolation Level) 중, 가장 낮은 수준으로 다른 트랜잭션이 커밋하지 않은 데이터까지 읽을 수 있는 수준은?",READ UNCOMMITTED,READ COMMITTED,REPEATABLE READ,SERIALIZABLE,1,"READ UNCOMMITTED는 가장 낮은 격리 수준으로, 다른 트랜잭션이 아직 커밋하지 않은(Dirty) 데이터까지 읽을 수 있어 Dirty Read 문제가 발생할 수 있습니다.",722,concept,,0
1146,ipe_industrial,3,신규작성,"트랜잭션의 격리 수준 중, 가장 엄격하며 트랜잭션들을 순차적으로 실행한 것과 동일한 결과를 보장하는 수준은?",READ UNCOMMITTED,READ COMMITTED,REPEATABLE READ,SERIALIZABLE(직렬화 가능),4,"SERIALIZABLE은 가장 엄격한 격리 수준으로, 동시에 실행되는 트랜잭션들이 마치 순차적으로 실행된 것과 동일한 결과를 보장합니다.",723,concept,,0
1147,ipe_industrial,3,신규작성,"동시성 제어 기법 중, 트랜잭션이 데이터에 접근하기 전에 락(Lock)을 걸어 다른 트랜잭션의 접근을 제한하는 기법은?",로킹(Locking) 기법,타임스탬프 기법,낙관적 병행 제어,다중 버전 병행 제어(MVCC),1,로킹 기법은 트랜잭션이 데이터에 접근하기 전에 락을 걸어 다른 트랜잭션의 동시 접근을 제한하는 대표적인 동시성 제어 기법입니다.,724,concept,,0
1148,ipe_industrial,3,신규작성,"동시성 제어 기법 중, 트랜잭션이 시작될 때 부여받은 순서(타임스탬프)를 기준으로 트랜잭션 간의 실행 순서를 결정하는 기법은?",로킹 기법,타임스탬프 순서(Timestamp Ordering) 기법,2단계 로킹,낙관적 기법,2,타임스탬프 순서 기법은 각 트랜잭션에 부여된 타임스탬프(시작 순서)를 기준으로 트랜잭션 간의 실행 순서를 결정해 일관성을 유지하는 기법입니다.,725,concept,,0
1149,ipe_industrial,3,신규작성,"데이터베이스 회복(Recovery) 기법 중, 트랜잭션이 완료되지 않으면 지금까지 수행한 연산을 취소하고 이전 상태로 되돌리는 연산은?",COMMIT,ROLLBACK,CHECKPOINT,REDO,2,ROLLBACK은 트랜잭션이 정상적으로 완료되지 못했을 때 지금까지 수행한 연산을 취소하고 트랜잭션 시작 전 상태로 되돌리는 연산입니다.,726,concept,,0
1150,ipe_industrial,3,신규작성,"장애 발생 시 회복 시간을 단축하기 위해, 트랜잭션 처리 중간중간 현재 상태를 데이터베이스에 기록해두는 지점은?",체크포인트(Checkpoint),로그(Log),덤프(Dump),커밋 포인트,1,"체크포인트는 회복 시간을 단축하기 위해 특정 시점의 트랜잭션 상태를 데이터베이스에 기록해 두는 지점으로, 장애 회복 시 이 지점부터 복구를 시작할 수 있습니다.",727,concept,,0
1151,ipe_industrial,3,신규작성,"회복 기법 중, 로그에 기록된 내용을 이용해 트랜잭션이 완료된 상태로 다시 실행(재현)하는 연산은?",UNDO,REDO(재실행),ROLLBACK,ABORT,2,"REDO(재실행)는 로그에 기록된 내용을 이용해, 완료된 트랜잭션의 변경 사항을 데이터베이스에 다시 반영하는 회복 연산입니다.",728,concept,,0
1152,ipe_industrial,3,신규작성,"관계형 데이터베이스가 아니며, 스키마가 고정되어 있지 않고 대용량 비정형 데이터를 유연하게 저장할 수 있는 데이터베이스 유형은?",RDBMS,NoSQL,계층형 DB,네트워크형 DB,2,NoSQL은 고정된 스키마 없이 대용량의 비정형·반정형 데이터를 유연하게 저장할 수 있는 비관계형 데이터베이스 유형입니다.,729,concept,,0
1153,ipe_industrial,3,신규작성,"NoSQL 데이터베이스의 유형 중, 키(Key)와 값(Value)의 쌍으로 데이터를 저장하는 가장 단순한 형태는?",키-값(Key-Value) 저장소,문서(Document) 저장소,컬럼 패밀리 저장소,그래프 데이터베이스,1,키-값 저장소는 각 데이터를 고유한 키와 그에 대응하는 값의 쌍으로 저장하는 가장 단순한 형태의 NoSQL입니다.,730,concept,,0
1154,ipe_industrial,3,신규작성,"NoSQL 데이터베이스의 유형 중, JSON과 같은 구조화된 문서 형태로 데이터를 저장하는 것은?",키-값 저장소,문서(Document) 저장소,관계형 저장소,블록 저장소,2,"문서 저장소는 JSON, BSON 등 구조화된 문서 형태로 데이터를 저장하는 NoSQL 유형으로, MongoDB가 대표적입니다.",731,concept,,0
1155,ipe_industrial,3,신규작성,"데이터베이스의 물리적 저장 구조 중, 자료를 키 값 순서와 관계없이 입력된 순서대로 저장하는 가장 단순한 파일 구조는?",순차 파일(Sequential File),색인 순차 파일(ISAM),직접 파일(Direct File),히프 파일(Heap File),4,"히프(Heap) 파일은 레코드를 입력된 순서대로 저장하는 가장 단순한 파일 구조로, 정렬이나 색인 없이 데이터를 순서 없이 저장합니다.",732,concept,,0
1156,ipe_industrial,3,신규작성,"데이터를 키 값 순서로 정렬해 저장하면서, 검색 속도를 높이기 위한 색인(인덱스)을 함께 유지하는 파일 구조는?",순차 파일,색인 순차 파일(Indexed Sequential File),직접 파일,히프 파일,2,"색인 순차 파일은 레코드를 키 값 순서로 정렬해 저장하면서, 빠른 검색을 위한 색인을 함께 유지하는 파일 구조입니다.",733,concept,,0
1157,ipe_industrial,3,신규작성,이진 검색 트리(Binary Search Tree)에 대한 설명으로 옳지 않은 것은?,왼쪽 서브트리의 모든 값은 루트보다 작다.,오른쪽 서브트리의 모든 값은 루트보다 크다.,"탐색, 삽입, 삭제의 평균 시간복잡도는 O(log n)이다.",항상 균형이 유지되어 최악의 경우에도 O(log n)의 성능을 보장한다.,4,"일반 이진 검색 트리는 삽입 순서에 따라 한쪽으로 치우칠 수 있어(편향 트리), 최악의 경우 O(n)까지 성능이 저하될 수 있습니다. 균형을 항상 보장하려면 AVL 트리 등 균형 트리가 필요합니다.",734,concept,,0
1158,ipe_industrial,3,신규작성,"이진 검색 트리가 한쪽으로 치우쳐 성능이 저하되는 것을 방지하기 위해, 삽입·삭제 시마다 트리의 균형을 자동으로 유지하는 자료구조는?",AVL 트리,이진 탐색 트리,완전 이진 트리,포화 이진 트리,1,AVL 트리는 삽입·삭제가 일어날 때마다 좌우 서브트리의 높이 차이를 재조정(회전)해 균형을 유지하는 자기 균형 이진 검색 트리입니다.,735,concept,,0
1159,ipe_industrial,3,신규작성,"해싱에서 서로 다른 키가 같은 주소로 충돌했을 때, 그 다음 비어있는 슬롯을 순차적으로 탐색해 저장하는 충돌 해결 기법은?",체이닝(Chaining),선형 조사법(Linear Probing),이중 해싱,폴딩법,2,선형 조사법(개방 주소법의 한 종류)은 충돌이 발생하면 그 다음 비어있는 슬롯을 순차적으로 찾아 데이터를 저장하는 충돌 해결 기법입니다.,736,concept,,0
1160,ipe_industrial,3,신규작성,해싱에서 충돌이 발생한 키들을 같은 주소에 연결 리스트 형태로 이어서 저장하는 충돌 해결 기법은?,선형 조사법,체이닝(Chaining),이차 조사법,재해싱,2,체이닝은 충돌이 발생한 키들을 같은 버킷(주소)에 연결 리스트로 이어 붙여 저장하는 충돌 해결 기법입니다.,737,concept,,0
1161,ipe_industrial,3,신규작성,"해싱 함수 중, 키 값을 테이블 크기로 나눈 나머지를 홈 주소로 사용하는 가장 대표적인 방식은?",제산법(Division),폴딩법(Folding),제곱법(Mid-Square),기수 변환법,1,제산법은 키 값을 테이블 크기(보통 소수)로 나눈 나머지를 홈 주소로 사용하는 가장 대표적인 해싱 함수입니다.,738,concept,,0
1162,ipe_industrial,3,신규작성,"해싱 함수 중, 키 값을 제곱한 후 중간의 몇 자리를 취해 홈 주소로 사용하는 방식은?",제산법,폴딩법,제곱법(Mid-Square),제산법과 폴딩법의 혼합,3,제곱법(중간 제곱법)은 키 값을 제곱한 결과 중 중간 부분의 자릿수를 취해 홈 주소로 사용하는 해싱 함수입니다.,739,concept,,0
1163,ipe_industrial,3,신규작성,"데이터베이스에서 두 개 이상의 서로 다른 데이터베이스가 물리적으로 분산되어 있지만, 사용자에게는 하나의 통합된 데이터베이스처럼 보이도록 하는 것은?",분산 데이터베이스(Distributed Database),이중화 데이터베이스,샤딩(Sharding),캐시 데이터베이스,1,"분산 데이터베이스는 물리적으로 여러 곳에 분산 저장된 데이터베이스를, 사용자에게는 논리적으로 하나의 통합된 데이터베이스처럼 보이도록 하는 시스템입니다.",740,concept,,0
1164,ipe_industrial,3,신규작성,대용량 데이터를 여러 서버(노드)에 나누어 저장해 부하를 분산시키는 데이터베이스 확장 기법은?,샤딩(Sharding),정규화,인덱싱,뷰 생성,1,샤딩은 하나의 큰 데이터베이스를 여러 개의 작은 데이터베이스(샤드)로 나누어 여러 서버에 분산 저장함으로써 부하를 분산시키는 기법입니다.,741,concept,,0
1165,ipe_industrial,3,신규작성,"관계 데이터 모델에서, 기본키가 될 수 있는 후보이면서 유일성과 최소성을 모두 만족하는 속성(들의 집합)을 무엇이라 하는가?",슈퍼키,후보키(Candidate Key),대체키,외래키,2,후보키는 튜플을 유일하게 식별할 수 있으면서(유일성) 불필요한 속성이 포함되지 않은(최소성) 기본키의 후보가 되는 속성 집합입니다.,742,concept,,0
1166,ipe_industrial,3,신규작성,한 시스템 내에 동일한 내용의 데이터가 여러 곳에 중복되어 저장되는 데이터베이스의 문제점을 무엇이라 하는가?,데이터의 종속성,데이터의 중복성(Redundancy),데이터의 무결성,데이터의 독립성,2,"데이터의 중복성은 동일한 내용의 데이터가 시스템 내 여러 곳에 중복되어 저장되는 문제로, 저장 공간 낭비와 일관성 유지 곤란을 야기합니다.",743,concept,,0
1167,ipe_industrial,3,신규작성,데이터베이스 관리자(DBA)의 역할로 보기 어려운 것은?,데이터베이스의 스키마(구성요소)를 정의한다.,저장 구조와 접근 방법을 정의한다.,사용자별 접근 권한을 부여·관리한다.,일반 업무용 응용 프로그램의 화면을 직접 디자인한다.,4,"DBA는 스키마 정의, 저장 구조·접근 방법 결정, 접근 권한 부여 등 데이터베이스 전반을 관리하는 역할을 하며, 응용 프로그램의 화면 디자인은 DBA 고유 업무가 아닙니다.",744,concept,,0
1168,ipe_industrial,3,신규작성,분산 데이터베이스 시스템의 일반적인 장점으로 보기 어려운 것은?,지역 자치성(Local Autonomy)을 보장할 수 있다.,점진적인 시스템 용량 확장이 가능하다.,장애 발생 시 전체 시스템에 미치는 영향을 줄일 수 있다.,소프트웨어 개발 및 운영 비용이 감소한다.,4,"분산 데이터베이스는 지역 자치성, 점진적 확장성, 신뢰성 향상 등의 장점이 있지만, 여러 사이트에 걸친 소프트웨어 개발·운영 복잡도로 인해 오히려 비용이 증가하는 단점이 있습니다.",745,concept,,0
1169,ipe_industrial,3,신규작성,네트워크(망) 데이터 모델의 특징으로 옳은 것은?,"여러 개의 오너(Owner) 레코드 타입이 존재할 수 있고, 오너-멤버 관계는 1:N을 표현한다.",모든 레코드는 반드시 하나의 루트에서 시작하는 트리 구조를 가진다.,"테이블과 행, 열로만 데이터를 표현한다.",포인터를 전혀 사용하지 않는다.,1,"네트워크(망) 데이터 모델은 여러 오너 레코드 타입이 존재할 수 있으며, 오너와 멤버 레코드 타입 간의 관계(세트)는 1:N 관계를 표현합니다.",746,concept,,0
1170,ipe_industrial,3,신규작성,희소 행렬(Sparse Matrix)의 저장 방식에 대한 설명으로 옳은 것은?,0이 아닌 값만 배열이나 연결 리스트로 저장해 기억 공간을 절약할 수 있다.,모든 원소를 2차원 배열에 그대로 저장하는 것이 항상 더 효율적이다.,희소 행렬은 반드시 정사각 행렬이어야 한다.,희소 행렬은 트리 구조로만 표현 가능하다.,1,"희소 행렬은 0인 원소가 대부분이므로, 0이 아닌 값의 위치와 값만 배열이나 연결 리스트로 저장하면 기억 공간을 효율적으로 절약할 수 있습니다.",747,concept,,0
1171,ipe_industrial,3,신규작성,"개체-관계(E-R) 모델에서, 자신만의 고유한 키(식별자)를 가지지 못해 다른 개체(강한 개체)의 존재에 의존하는 개체를 무엇이라 하는가?",강한 개체(Strong Entity),약한 개체(Weak Entity),복합 개체,다중값 개체,2,"약한 개체는 자신의 속성만으로는 고유하게 식별될 수 없어, 관계를 맺고 있는 강한 개체의 키에 의존해서만 식별될 수 있는 개체입니다.",748,concept,,0
1172,ipe_industrial,3,신규작성,"E-R 다이어그램에서 개체 간의 관계 중, 하나의 개체 인스턴스가 다른 개체의 여러 인스턴스와 대응될 수 있는 관계를 표현하는 것은?",1:1 관계,1:N 관계,속성(Attribute),약한 개체 관계,2,1:N(일대다) 관계는 한 개체 집합의 하나의 인스턴스가 다른 개체 집합의 여러 인스턴스와 대응될 수 있는 관계를 의미합니다.,749,concept,,0
1173,ipe_industrial,3,신규작성,"함수적 종속(Functional Dependency)에서, X→Y이고 Y→Z일 때 X→Z가 성립하는 성질을 무엇이라 하는가?",결정자(Determinant),이행적 함수 종속(Transitive FD),완전 함수 종속,부분 함수 종속,2,"이행적 함수 종속은 X→Y, Y→Z이면 X→Z가 성립하는 관계로, X가 Z를 이행적으로(간접적으로) 결정하는 상태를 말합니다.",750,concept,,0
1174,ipe_industrial,3,신규작성,"함수적 종속성 이론에서, 반사율·증가율·이행율로 구성되어 함수 종속을 논리적으로 추론할 수 있게 해주는 규칙 집합은?",Armstrong의 공리(Axiom),Codd의 규칙,ACID 규칙,BCNF 규칙,1,"Armstrong의 공리는 반사율(Reflexivity), 증가율(Augmentation), 이행율(Transitivity)로 구성되어, 함수 종속 관계를 논리적으로 추론할 수 있게 해주는 규칙 집합입니다.",751,concept,,0
1175,ipe_industrial,3,신규작성,후보키 중에서 기본키로 선택되지 않고 남은 후보키를 무엇이라 하는가?,슈퍼키,대체키(Alternate Key),외래키,복합키,2,대체키는 여러 후보키 중 기본키로 선정되지 않고 남은 나머지 후보키를 말합니다.,752,concept,,0
1176,ipe_industrial,3,신규작성,"외래키(Foreign Key)를 포함하는 릴레이션에서, 참조하는 부모 릴레이션의 튜플이 삭제될 때 자식 릴레이션의 관련 튜플도 함께 자동으로 삭제되도록 하는 참조 무결성 옵션은?",CASCADE,RESTRICT,SET NULL,NO ACTION,1,CASCADE 옵션은 부모 릴레이션의 튜플이 삭제·수정될 때 이를 참조하는 자식 릴레이션의 관련 튜플도 함께 삭제·수정되도록 하는 참조 무결성 유지 옵션입니다.,753,concept,,0
1177,ipe_industrial,3,신규작성,"참조 무결성 옵션 중, 부모 튜플이 삭제될 때 자식 릴레이션의 외래키 값을 NULL로 변경하는 옵션은?",CASCADE,SET NULL,RESTRICT,SET DEFAULT,2,"SET NULL 옵션은 부모 튜플이 삭제·수정될 때, 이를 참조하는 자식 릴레이션의 외래키 값을 NULL로 변경하는 참조 무결성 옵션입니다.",754,concept,,0
1178,ipe_industrial,3,신규작성,데이터베이스의 논리적 설계 단계에서 수행하는 작업으로 옳은 것은?,목표 DBMS의 저장 구조와 인덱스를 결정한다.,개념적 설계 결과를 특정 데이터 모델(예: 관계형)에 맞는 스키마로 변환한다.,물리적 저장 장치의 파일 배치를 결정한다.,데이터베이스 백업 주기를 결정한다.,2,논리적 설계는 개념적 설계(E-R 모델 등) 결과를 특정 DBMS의 데이터 모델(예: 관계형 스키마)에 맞게 변환하는 단계입니다.,755,concept,,0
1179,ipe_industrial,3,신규작성,"여러 데이터 웨어하우스나 운영 시스템의 다양한 원본 데이터를 추출, 변환, 적재하는 일련의 과정을 무엇이라 하는가?",OLAP,ETL(Extract-Transform-Load),OLTP,정규화,2,"ETL(추출-변환-적재)은 여러 원본 시스템의 데이터를 추출(Extract)하고, 필요한 형태로 변환(Transform)한 뒤, 데이터 웨어하우스 등에 적재(Load)하는 일련의 과정입니다.",756,concept,,0
1180,ipe_industrial,3,신규작성,"의사결정 지원을 위해 다차원적으로 데이터를 분석할 수 있게 해주는 기술로, 데이터를 여러 관점(차원)에서 요약·집계해 조회하는 것은?",OLTP(온라인 트랜잭션 처리),OLAP(온라인 분석 처리),정규화,인덱싱,2,"OLAP(온라인 분석 처리)는 데이터를 다차원적 관점(예: 시간, 지역, 상품)에서 요약·집계해 분석할 수 있게 해주는 의사결정 지원 기술입니다.",757,concept,,0
1181,ipe_industrial,3,신규작성,"데이터 웨어하우스의 다차원 모델에서, 하나의 중심 사실(Fact) 테이블과 여러 개의 차원(Dimension) 테이블이 방사형으로 연결된 스키마 구조를 무엇이라 하는가?",스타 스키마(Star Schema),네트워크 스키마,계층 스키마,정규화 스키마,1,"스타 스키마는 하나의 사실 테이블을 중심으로 여러 차원 테이블이 별 모양으로 연결된, 데이터 웨어하우스에서 흔히 사용되는 다차원 모델 구조입니다.",758,concept,,0
1182,ipe_industrial,3,신규작성,"분산 트랜잭션에서, 여러 사이트의 트랜잭션을 모두 커밋할지 모두 철회(Rollback)할지 일관되게 결정하기 위해 사용하는 대표적인 프로토콜은?",2단계 커밋(2-Phase Commit) 프로토콜,2단계 로킹(2-Phase Locking) 프로토콜,타임스탬프 프로토콜,OSI 7계층 프로토콜,1,2단계 커밋(2PC) 프로토콜은 분산 트랜잭션에서 모든 참여 사이트가 트랜잭션을 커밋할지 철회할지를 일관되게 결정하도록 조율하는 프로토콜입니다.,759,concept,,0
1183,ipe_industrial,3,신규작성,"데이터베이스 백업 방식 중, 이전 백업 시점 이후 변경된 데이터만 매번 백업하는 방식은?",전체 백업(Full Backup),증분 백업(Incremental Backup),차등 백업(Differential Backup),미러 백업,2,"증분 백업은 가장 최근 백업(전체 또는 증분) 이후 변경된 데이터만 백업하는 방식으로, 백업 용량과 시간을 절약할 수 있지만 복구 시 여러 백업본을 순차적으로 적용해야 합니다.",760,concept,,0
1184,ipe_industrial,3,신규작성,"데이터베이스 백업 방식 중, 마지막 전체 백업 이후 변경된 모든 데이터를 매번 다시 백업하는 방식은?",증분 백업,차등 백업(Differential Backup),전체 백업,로그 백업,2,"차등 백업은 마지막 전체 백업 이후 변경된 모든 데이터를 매번 백업하는 방식으로, 증분 백업보다 백업 용량은 크지만 복구 시 전체 백업본과 최신 차등 백업본 두 개만 있으면 됩니다.",761,concept,,0
1185,ipe_industrial,3,신규작성,"관계 데이터 연산에서, 조건에 맞는 행(튜플)만 선택하는 순수 관계 연산자는?","프로젝트(π, Project)","셀렉트(σ, Select)","조인(⋈, Join)","디비전(÷, Division)",2,셀렉트(σ)는 릴레이션에서 주어진 조건을 만족하는 행(튜플)만 선택하는 관계 연산자입니다.,762,concept,,0
1186,ipe_industrial,3,신규작성,"관계 데이터 연산에서, 특정 속성(열)만 추출해 새로운 릴레이션을 만드는 순수 관계 연산자는?",셀렉트(σ),"프로젝트(π, Project)",조인(⋈),유니온(∪),2,프로젝트(π)는 릴레이션에서 지정한 속성(열)만 추출해 새로운 릴레이션을 만드는 관계 연산자입니다.,763,concept,,0
1187,ipe_industrial,3,신규작성,"관계 데이터 연산에서, 릴레이션 R이 릴레이션 S의 모든 값을 포함하는 튜플만 결과로 반환하는, 나눗셈에 대응되는 순수 관계 연산자는?",조인(⋈),"디비전(÷, Division)",프로젝트(π),카티션 프로덕트(×),2,"디비전(÷)은 릴레이션 R의 튜플 중, 릴레이션 S에 속한 모든 값과 대응하는 튜플만을 결과로 반환하는 순수 관계 연산자입니다.",764,concept,,0
1188,ipe_industrial,3,신규작성,"이상(Anomaly) 현상 중, 튜플을 삽입할 때 원하지 않는 값까지 함께 삽입해야 하는 문제를 무엇이라 하는가?",삽입 이상(Insertion Anomaly),삭제 이상(Deletion Anomaly),갱신 이상(Update Anomaly),연결 이상,1,"삽입 이상은 정규화되지 않은 릴레이션에 새로운 튜플을 삽입할 때, 원하지 않거나 불필요한 데이터까지 함께 입력해야 하는 문제입니다.",765,concept,,0
1189,ipe_industrial,3,신규작성,"이상 현상 중, 튜플을 삭제할 때 꼭 필요한 다른 정보까지 함께 삭제되어 손실되는 문제를 무엇이라 하는가?",삽입 이상,삭제 이상(Deletion Anomaly),갱신 이상,종속 이상,2,"삭제 이상은 하나의 튜플을 삭제할 때, 그 튜플에 포함된 다른 필요한 정보까지 함께 삭제되어 손실되는 문제를 말합니다.",766,concept,,0
1190,ipe_industrial,3,신규작성,"SQL의 DCL(데이터 제어어) 명령어 중, 사용자에게 특정 권한을 부여하는 명령어는?",GRANT,REVOKE,COMMIT,ROLLBACK,1,GRANT는 특정 사용자에게 데이터베이스 객체에 대한 권한을 부여하는 DCL(데이터 제어어) 명령어입니다.,767,concept,,0
1191,ipe_industrial,3,신규작성,"SQL의 DCL 명령어 중, 이미 부여된 권한을 회수하는 명령어는?",GRANT,REVOKE,DENY,DROP,2,REVOKE는 사용자에게 이미 부여된 권한을 회수(취소)하는 DCL 명령어입니다.,768,concept,,0
1192,ipe_industrial,1,2024_2,개체-관계(E-R) 모델에서 개체 타입을 표시하는 기호는?,마름모,타원,사각형,선(Line),3,"E-R 다이어그램에서 개체(Entity) 타입은 사각형으로 표시합니다. 관계는 마름모, 속성은 타원, 개체·속성·관계를 연결할 때는 선을 사용합니다.",9,cbt,2024_2,0
1193,ipe_industrial,3,2024_3,개체-관계(E-R) 모델에서 개체 타입을 표시하는 기호는?,마름모,타원,사각형,선(Line),3,"E-R 다이어그램에서 개체(Entity) 타입은 사각형으로 표시합니다. 관계는 마름모, 속성은 타원, 개체·속성·관계를 연결할 때는 선을 사용합니다.",9,cbt,2024_3,0
1194,ipe_industrial,1,2025_3,개체-관계(E-R) 모델에서 개체 타입을 표시하는 기호는?,마름모,타원,사각형,선(Line),3,"E-R 다이어그램에서 개체(Entity) 타입은 사각형으로 표시합니다. 관계는 마름모, 속성은 타원, 개체·속성·관계를 연결할 때는 선을 사용합니다.",9,cbt,2025_3,0
1195,ipe_industrial,3,2024_2,"STUDENT 테이블은 50개의 튜플이 정의되어 있으며, ""S-AGE"" 열의 값은 정수 값으로 되어 있다. ""S-AGE"" 값이 10인 튜플이 10개, 19인 튜플이 35개, 20인 튜플이 5개일 경우, 다음 두 SQL 문의 실행 결과 값을 순서대로 옳게 나타낸 것은?

SELECT DISTINCT S-AGE FROM STUDENT;
SELECT DISTINCT S-AGE FROM STUDENT WHERE S-AGE > 10;","50, 40","50, 5","3, 2","3, 5",3,"STUDENT 테이블에 존재하는 S-AGE 값은 10, 19, 20 세 가지뿐입니다(10개+35개+5개=50개로 전체 튜플 수와 일치). 따라서 SELECT DISTINCT S-AGE는 3개 행을 반환합니다. S-AGE > 10을 만족하는 값은 19와 20 두 가지이므로 두 번째 질의는 2개 행을 반환합니다. 정답은 '3, 2'입니다.",769,cbt,2024_2,1
1196,ipe_industrial,3,2022_3,n개의 정점으로 구성된 무방향 그래프의 최대 간선수는?,n(n+1),n(n-1) / 2,n²,2n,2,"n개의 정점을 가진 무방향 그래프에서 서로 다른 두 정점을 잇는 조합의 수, 즉 nC2 = n(n-1)/2가 최대 간선 수입니다.",171,cbt,2022_3,1
1197,ipe_industrial,3,2025_1,n개의 정점으로 구성된 무방향 그래프의 최대 간선수는?,n(n+1),n(n-1) / 2,n²,2n,2,"n개의 정점을 가진 무방향 그래프에서 서로 다른 두 정점을 잇는 조합의 수, 즉 nC2 = n(n-1)/2가 최대 간선 수입니다.",171,cbt,2025_1,1
